{"type":"FeatureCollection","features":[{"type":"Feature","properties":{"station_id":"350419N1190307W001","well_use":"Irrigation","slope_ft_per_yr":2.74,"p_value":0.0,"trend":"increasing","n_measurements":31,"record_years":15.8},"geometry":{"type":"Point","coordinates":[-119.0307,35.0419]}},{"type":"Feature","properties":{"station_id":"350428N1191355W001","well_use":"Industrial","slope_ft_per_yr":-3.078,"p_value":0.1172,"trend":"no trend","n_measurements":81,"record_years":30.0},"geometry":{"type":"Point","coordinates":[-119.13554,35.04283]}},{"type":"Feature","properties":{"station_id":"350489N1190648W001","well_use":"Unknown","slope_ft_per_yr":0.443,"p_value":0.0061,"trend":"increasing","n_measurements":28,"record_years":14.3},"geometry":{"type":"Point","coordinates":[-119.0648,35.0489]}},{"type":"Feature","properties":{"station_id":"350541N1189491W001","well_use":"Irrigation","slope_ft_per_yr":6.085,"p_value":0.0,"trend":"increasing","n_measurements":53,"record_years":30.1},"geometry":{"type":"Point","coordinates":[-118.9483,35.05421]}},{"type":"Feature","properties":{"station_id":"350589N1191392W001","well_use":"Unknown","slope_ft_per_yr":-0.759,"p_value":0.425,"trend":"no trend","n_measurements":41,"record_years":24.4},"geometry":{"type":"Point","coordinates":[-119.1392,35.0589]}},{"type":"Feature","properties":{"station_id":"350589N1191721W001","well_use":"Irrigation","slope_ft_per_yr":-0.203,"p_value":0.5487,"trend":"no trend","n_measurements":60,"record_years":30.9},"geometry":{"type":"Point","coordinates":[-119.17145,35.059]}},{"type":"Feature","properties":{"station_id":"350592N1191328W001","well_use":"Unknown","slope_ft_per_yr":-2.344,"p_value":0.0041,"trend":"decreasing","n_measurements":39,"record_years":30.9},"geometry":{"type":"Point","coordinates":[-119.13088,35.0601]}},{"type":"Feature","properties":{"station_id":"350594N1190216W001","well_use":"Irrigation","slope_ft_per_yr":1.004,"p_value":0.0,"trend":"increasing","n_measurements":70,"record_years":30.6},"geometry":{"type":"Point","coordinates":[-119.02045,35.05956]}},{"type":"Feature","properties":{"station_id":"350600N1189259W001","well_use":"Irrigation","slope_ft_per_yr":-3.06,"p_value":0.0,"trend":"decreasing","n_measurements":46,"record_years":30.0},"geometry":{"type":"Point","coordinates":[-118.92634,35.06009]}},{"type":"Feature","properties":{"station_id":"350611N1190924W001","well_use":"Irrigation","slope_ft_per_yr":0.481,"p_value":0.5136,"trend":"no trend","n_measurements":40,"record_years":22.0},"geometry":{"type":"Point","coordinates":[-119.0924,35.0611]}},{"type":"Feature","properties":{"station_id":"350664N1190295W001","well_use":"Irrigation","slope_ft_per_yr":-1.663,"p_value":0.0005,"trend":"decreasing","n_measurements":68,"record_years":31.1},"geometry":{"type":"Point","coordinates":[-119.0295,35.0664]}},{"type":"Feature","properties":{"station_id":"350667N1189848W001","well_use":"Irrigation","slope_ft_per_yr":-3.233,"p_value":0.0,"trend":"decreasing","n_measurements":45,"record_years":30.9},"geometry":{"type":"Point","coordinates":[-118.9848,35.0667]}},{"type":"Feature","properties":{"station_id":"350669N1190295W001","well_use":"Irrigation","slope_ft_per_yr":0.0,"p_value":1.0,"trend":"no trend","n_measurements":28,"record_years":28.9},"geometry":{"type":"Point","coordinates":[-119.02942,35.06618]}},{"type":"Feature","properties":{"station_id":"350686N1192609W001","well_use":"Unknown","slope_ft_per_yr":0.96,"p_value":0.0,"trend":"increasing","n_measurements":46,"record_years":31.0},"geometry":{"type":"Point","coordinates":[-119.26117,35.06924]}},{"type":"Feature","properties":{"station_id":"350697N1190170W001","well_use":"Observation","slope_ft_per_yr":-0.308,"p_value":0.1946,"trend":"no trend","n_measurements":76,"record_years":31.1},"geometry":{"type":"Point","coordinates":[-119.01723,35.06953]}},{"type":"Feature","properties":{"station_id":"350705N1190132W001","well_use":"Unknown","slope_ft_per_yr":0.412,"p_value":0.4579,"trend":"no trend","n_measurements":38,"record_years":21.9},"geometry":{"type":"Point","coordinates":[-119.0132,35.0705]}},{"type":"Feature","properties":{"station_id":"350719N1191246W001","well_use":"Irrigation","slope_ft_per_yr":2.448,"p_value":0.0,"trend":"increasing","n_measurements":36,"record_years":18.8},"geometry":{"type":"Point","coordinates":[-119.1246,35.0719]}},{"type":"Feature","properties":{"station_id":"350722N1191316W001","well_use":"Irrigation","slope_ft_per_yr":2.11,"p_value":0.0,"trend":"increasing","n_measurements":37,"record_years":18.5},"geometry":{"type":"Point","coordinates":[-119.1316,35.0722]}},{"type":"Feature","properties":{"station_id":"350750N1191892W001","well_use":"Observation","slope_ft_per_yr":-5.55,"p_value":0.0,"trend":"decreasing","n_measurements":47,"record_years":31.0},"geometry":{"type":"Point","coordinates":[-119.1892,35.07496]}},{"type":"Feature","properties":{"station_id":"350766N1190413W001","well_use":"Irrigation","slope_ft_per_yr":-1.579,"p_value":0.0,"trend":"decreasing","n_measurements":52,"record_years":30.9},"geometry":{"type":"Point","coordinates":[-119.0413,35.0766]}},{"type":"Feature","properties":{"station_id":"350769N1190871W001","well_use":"Observation","slope_ft_per_yr":-2.826,"p_value":0.0005,"trend":"decreasing","n_measurements":46,"record_years":30.9},"geometry":{"type":"Point","coordinates":[-119.08714,35.07685]}},{"type":"Feature","properties":{"station_id":"350772N1191087W001","well_use":"Unknown","slope_ft_per_yr":-7.282,"p_value":0.0005,"trend":"decreasing","n_measurements":31,"record_years":24.9},"geometry":{"type":"Point","coordinates":[-119.10918,35.0771]}},{"type":"Feature","properties":{"station_id":"350778N1190826W001","well_use":"Irrigation","slope_ft_per_yr":-0.271,"p_value":0.5811,"trend":"no trend","n_measurements":55,"record_years":30.5},"geometry":{"type":"Point","coordinates":[-119.0826,35.0778]}},{"type":"Feature","properties":{"station_id":"350786N1191720W001","well_use":"Unknown","slope_ft_per_yr":1.446,"p_value":0.0136,"trend":"increasing","n_measurements":45,"record_years":22.9},"geometry":{"type":"Point","coordinates":[-119.172,35.0786]}},{"type":"Feature","properties":{"station_id":"350791N1191002W001","well_use":"Unknown","slope_ft_per_yr":2.916,"p_value":0.0,"trend":"increasing","n_measurements":23,"record_years":11.8},"geometry":{"type":"Point","coordinates":[-119.1002,35.0791]}},{"type":"Feature","properties":{"station_id":"350819N1192093W001","well_use":"Unknown","slope_ft_per_yr":3.12,"p_value":0.0,"trend":"increasing","n_measurements":39,"record_years":22.0},"geometry":{"type":"Point","coordinates":[-119.2093,35.0819]}},{"type":"Feature","properties":{"station_id":"350833N1189632W001","well_use":"Observation","slope_ft_per_yr":-2.302,"p_value":0.0001,"trend":"decreasing","n_measurements":48,"record_years":30.1},"geometry":{"type":"Point","coordinates":[-118.96256,35.08342]}},{"type":"Feature","properties":{"station_id":"350839N1192126W001","well_use":"Unknown","slope_ft_per_yr":3.686,"p_value":0.0,"trend":"increasing","n_measurements":38,"record_years":19.9},"geometry":{"type":"Point","coordinates":[-119.2126,35.0839]}},{"type":"Feature","properties":{"station_id":"350847N1191448W001","well_use":"Unknown","slope_ft_per_yr":2.364,"p_value":0.0,"trend":"increasing","n_measurements":36,"record_years":18.8},"geometry":{"type":"Point","coordinates":[-119.1448,35.0847]}},{"type":"Feature","properties":{"station_id":"350900N1189003W001","well_use":"Irrigation","slope_ft_per_yr":-4.295,"p_value":0.0,"trend":"decreasing","n_measurements":52,"record_years":30.7},"geometry":{"type":"Point","coordinates":[-118.90035,35.0902]}},{"type":"Feature","properties":{"station_id":"350908N1190316W001","well_use":"Unknown","slope_ft_per_yr":1.228,"p_value":0.1432,"trend":"no trend","n_measurements":29,"record_years":14.0},"geometry":{"type":"Point","coordinates":[-119.0316,35.0908]}},{"type":"Feature","properties":{"station_id":"350931N1189123W001","well_use":"Irrigation","slope_ft_per_yr":-3.828,"p_value":0.0,"trend":"decreasing","n_measurements":48,"record_years":29.3},"geometry":{"type":"Point","coordinates":[-118.91189,35.09338]}},{"type":"Feature","properties":{"station_id":"350943N1191736W001","well_use":"Irrigation","slope_ft_per_yr":-1.768,"p_value":0.0718,"trend":"no trend","n_measurements":32,"record_years":31.0},"geometry":{"type":"Point","coordinates":[-119.17355,35.0943]}},{"type":"Feature","properties":{"station_id":"350947N1191370W001","well_use":"Unknown","slope_ft_per_yr":-0.944,"p_value":0.0379,"trend":"decreasing","n_measurements":68,"record_years":31.0},"geometry":{"type":"Point","coordinates":[-119.13748,35.09466]}},{"type":"Feature","properties":{"station_id":"350958N1190788W001","well_use":"Industrial","slope_ft_per_yr":-1.627,"p_value":0.0,"trend":"decreasing","n_measurements":60,"record_years":30.9},"geometry":{"type":"Point","coordinates":[-119.07552,35.09511]}},{"type":"Feature","properties":{"station_id":"350961N1190435W001","well_use":"Unknown","slope_ft_per_yr":-1.139,"p_value":0.0,"trend":"decreasing","n_measurements":126,"record_years":31.0},"geometry":{"type":"Point","coordinates":[-119.04069,35.09602]}},{"type":"Feature","properties":{"station_id":"350964N1191802W001","well_use":"Unknown","slope_ft_per_yr":2.301,"p_value":0.0,"trend":"increasing","n_measurements":45,"record_years":23.7},"geometry":{"type":"Point","coordinates":[-119.1802,35.0964]}},{"type":"Feature","properties":{"station_id":"351000N1193303W001","well_use":"Unknown","slope_ft_per_yr":0.404,"p_value":0.0057,"trend":"increasing","n_measurements":20,"record_years":10.0},"geometry":{"type":"Point","coordinates":[-119.3303,35.1]}},{"type":"Feature","properties":{"station_id":"351014N1192759W001","well_use":"Unknown","slope_ft_per_yr":0.33,"p_value":0.0285,"trend":"increasing","n_measurements":46,"record_years":22.9},"geometry":{"type":"Point","coordinates":[-119.2759,35.1014]}},{"type":"Feature","properties":{"station_id":"351078N1189862W001","well_use":"Unknown","slope_ft_per_yr":1.847,"p_value":0.0,"trend":"increasing","n_measurements":22,"record_years":10.8},"geometry":{"type":"Point","coordinates":[-118.9862,35.1078]}},{"type":"Feature","properties":{"station_id":"351083N1193140W001","well_use":"Unknown","slope_ft_per_yr":-0.4,"p_value":0.0003,"trend":"decreasing","n_measurements":88,"record_years":31.1},"geometry":{"type":"Point","coordinates":[-119.31314,35.10876]}},{"type":"Feature","properties":{"station_id":"351083N1193403W001","well_use":"Unknown","slope_ft_per_yr":-0.374,"p_value":0.0454,"trend":"decreasing","n_measurements":27,"record_years":18.8},"geometry":{"type":"Point","coordinates":[-119.3403,35.1083]}},{"type":"Feature","properties":{"station_id":"351092N1191270W001","well_use":"Unknown","slope_ft_per_yr":-0.411,"p_value":0.0156,"trend":"decreasing","n_measurements":81,"record_years":31.0},"geometry":{"type":"Point","coordinates":[-119.1232,35.10948]}},{"type":"Feature","properties":{"station_id":"351092N1191542W001","well_use":"Unknown","slope_ft_per_yr":2.095,"p_value":0.0,"trend":"increasing","n_measurements":24,"record_years":11.8},"geometry":{"type":"Point","coordinates":[-119.1542,35.1092]}},{"type":"Feature","properties":{"station_id":"351092N1193417W001","well_use":"Unknown","slope_ft_per_yr":0.772,"p_value":0.0,"trend":"increasing","n_measurements":26,"record_years":12.8},"geometry":{"type":"Point","coordinates":[-119.3417,35.1092]}},{"type":"Feature","properties":{"station_id":"351097N1190957W001","well_use":"Unknown","slope_ft_per_yr":0.0,"p_value":0.8839,"trend":"no trend","n_measurements":62,"record_years":16.2},"geometry":{"type":"Point","coordinates":[-119.0957,35.1097]}},{"type":"Feature","properties":{"station_id":"351105N1193221W001","well_use":"Unknown","slope_ft_per_yr":-0.187,"p_value":0.1668,"trend":"no trend","n_measurements":21,"record_years":10.8},"geometry":{"type":"Point","coordinates":[-119.3221,35.1105]}},{"type":"Feature","properties":{"station_id":"351133N1191371W001","well_use":"Unknown","slope_ft_per_yr":-0.83,"p_value":0.0,"trend":"decreasing","n_measurements":60,"record_years":16.2},"geometry":{"type":"Point","coordinates":[-119.1371,35.1133]}},{"type":"Feature","properties":{"station_id":"351156N1190915W001","well_use":"Irrigation","slope_ft_per_yr":-0.343,"p_value":0.0029,"trend":"decreasing","n_measurements":58,"record_years":30.4},"geometry":{"type":"Point","coordinates":[-119.09187,35.1164]}},{"type":"Feature","properties":{"station_id":"351200N1190830W001","well_use":"Other","slope_ft_per_yr":2.094,"p_value":0.0078,"trend":"increasing","n_measurements":21,"record_years":16.0},"geometry":{"type":"Point","coordinates":[-119.08308,35.12005]}},{"type":"Feature","properties":{"station_id":"351219N1190126W001","well_use":"Irrigation","slope_ft_per_yr":-4.489,"p_value":0.0,"trend":"decreasing","n_measurements":46,"record_years":28.5},"geometry":{"type":"Point","coordinates":[-119.01253,35.12222]}},{"type":"Feature","properties":{"station_id":"351219N1190132W001","well_use":"Observation","slope_ft_per_yr":-0.057,"p_value":0.0083,"trend":"decreasing","n_measurements":63,"record_years":16.2},"geometry":{"type":"Point","coordinates":[-119.0132,35.1219]}},{"type":"Feature","properties":{"station_id":"351225N1190917W001","well_use":"Unknown","slope_ft_per_yr":0.476,"p_value":0.0106,"trend":"increasing","n_measurements":24,"record_years":13.0},"geometry":{"type":"Point","coordinates":[-119.0917,35.1225]}},{"type":"Feature","properties":{"station_id":"351228N1193345W001","well_use":"Unknown","slope_ft_per_yr":-0.984,"p_value":0.0,"trend":"decreasing","n_measurements":48,"record_years":24.9},"geometry":{"type":"Point","coordinates":[-119.3345,35.1228]}},{"type":"Feature","properties":{"station_id":"351231N1191987W001","well_use":"Unknown","slope_ft_per_yr":7.083,"p_value":0.0,"trend":"increasing","n_measurements":36,"record_years":17.8},"geometry":{"type":"Point","coordinates":[-119.1987,35.1231]}},{"type":"Feature","properties":{"station_id":"351255N1190260W001","well_use":"Unknown","slope_ft_per_yr":-0.43,"p_value":0.0008,"trend":"decreasing","n_measurements":21,"record_years":14.1},"geometry":{"type":"Point","coordinates":[-119.026,35.1255]}},{"type":"Feature","properties":{"station_id":"351255N1193249W001","well_use":"Unknown","slope_ft_per_yr":1.498,"p_value":0.0,"trend":"increasing","n_measurements":34,"record_years":17.3},"geometry":{"type":"Point","coordinates":[-119.3249,35.1255]}},{"type":"Feature","properties":{"station_id":"351256N1189995W001","well_use":"Irrigation","slope_ft_per_yr":-0.057,"p_value":0.7835,"trend":"no trend","n_measurements":46,"record_years":28.0},"geometry":{"type":"Point","coordinates":[-118.99949,35.12539]}},{"type":"Feature","properties":{"station_id":"351290N1189325W001","well_use":"Observation","slope_ft_per_yr":-1.449,"p_value":0.1383,"trend":"no trend","n_measurements":30,"record_years":15.4},"geometry":{"type":"Point","coordinates":[-118.88769,35.12901]}},{"type":"Feature","properties":{"station_id":"351292N1189236W001","well_use":"Observation","slope_ft_per_yr":-0.596,"p_value":0.602,"trend":"no trend","n_measurements":27,"record_years":16.0},"geometry":{"type":"Point","coordinates":[-118.92366,35.12926]}},{"type":"Feature","properties":{"station_id":"351300N1188781W001","well_use":"Unknown","slope_ft_per_yr":-2.021,"p_value":0.0152,"trend":"decreasing","n_measurements":41,"record_years":24.9},"geometry":{"type":"Point","coordinates":[-118.87796,35.12984]}},{"type":"Feature","properties":{"station_id":"351300N1189357W001","well_use":"Unknown","slope_ft_per_yr":-3.189,"p_value":0.0,"trend":"decreasing","n_measurements":43,"record_years":28.5},"geometry":{"type":"Point","coordinates":[-118.93255,35.13014]}},{"type":"Feature","properties":{"station_id":"351300N1192081W001","well_use":"Irrigation","slope_ft_per_yr":1.468,"p_value":0.0,"trend":"increasing","n_measurements":57,"record_years":30.9},"geometry":{"type":"Point","coordinates":[-119.2081,35.13]}},{"type":"Feature","properties":{"station_id":"351303N1191903W001","well_use":"Unknown","slope_ft_per_yr":-1.354,"p_value":0.1927,"trend":"no trend","n_measurements":33,"record_years":18.8},"geometry":{"type":"Point","coordinates":[-119.1903,35.1303]}},{"type":"Feature","properties":{"station_id":"351303N1192078W001","well_use":"Irrigation","slope_ft_per_yr":-1.107,"p_value":0.004,"trend":"decreasing","n_measurements":55,"record_years":30.4},"geometry":{"type":"Point","coordinates":[-119.20768,35.13376]}},{"type":"Feature","properties":{"station_id":"351304N1191366W001","well_use":"Unknown","slope_ft_per_yr":3.024,"p_value":0.1235,"trend":"no trend","n_measurements":21,"record_years":11.3},"geometry":{"type":"Point","coordinates":[-119.1366,35.13045]}},{"type":"Feature","properties":{"station_id":"351366N1192605W001","well_use":"Unknown","slope_ft_per_yr":0.093,"p_value":0.0008,"trend":"increasing","n_measurements":60,"record_years":16.5},"geometry":{"type":"Point","coordinates":[-119.2605,35.1366]}},{"type":"Feature","properties":{"station_id":"351375N1191812W001","well_use":"Unknown","slope_ft_per_yr":0.401,"p_value":0.7083,"trend":"no trend","n_measurements":25,"record_years":18.8},"geometry":{"type":"Point","coordinates":[-119.1812,35.1375]}},{"type":"Feature","properties":{"station_id":"351378N1191634W001","well_use":"Unknown","slope_ft_per_yr":-2.308,"p_value":0.0184,"trend":"decreasing","n_measurements":27,"record_years":18.8},"geometry":{"type":"Point","coordinates":[-119.1634,35.1378]}},{"type":"Feature","properties":{"station_id":"351386N1190751W001","well_use":"Residential","slope_ft_per_yr":-0.752,"p_value":0.0001,"trend":"decreasing","n_measurements":53,"record_years":27.4},"geometry":{"type":"Point","coordinates":[-119.07526,35.13861]}},{"type":"Feature","properties":{"station_id":"351447N1192162W001","well_use":"Irrigation","slope_ft_per_yr":-2.408,"p_value":0.0003,"trend":"decreasing","n_measurements":59,"record_years":30.9},"geometry":{"type":"Point","coordinates":[-119.2162,35.1447]}},{"type":"Feature","properties":{"station_id":"351450N1191459W001","well_use":"Irrigation","slope_ft_per_yr":-1.458,"p_value":0.1047,"trend":"no trend","n_measurements":28,"record_years":18.8},"geometry":{"type":"Point","coordinates":[-119.14619,35.14505]}},{"type":"Feature","properties":{"station_id":"351450N1191992W001","well_use":"Unknown","slope_ft_per_yr":-2.007,"p_value":0.0442,"trend":"decreasing","n_measurements":38,"record_years":23.9},"geometry":{"type":"Point","coordinates":[-119.20019,35.14836]}},{"type":"Feature","properties":{"station_id":"351519N1190610W001","well_use":"Irrigation","slope_ft_per_yr":-0.533,"p_value":0.0,"trend":"decreasing","n_measurements":45,"record_years":28.4},"geometry":{"type":"Point","coordinates":[-119.0571,35.15128]}},{"type":"Feature","properties":{"station_id":"351519N1190932W001","well_use":"Residential","slope_ft_per_yr":-0.231,"p_value":0.4227,"trend":"no trend","n_measurements":49,"record_years":26.0},"geometry":{"type":"Point","coordinates":[-119.09241,35.15195]}},{"type":"Feature","properties":{"station_id":"351519N1192366W001","well_use":"Unknown","slope_ft_per_yr":-0.519,"p_value":0.0,"trend":"decreasing","n_measurements":65,"record_years":16.5},"geometry":{"type":"Point","coordinates":[-119.2366,35.1519]}},{"type":"Feature","properties":{"station_id":"351522N1188199W001","well_use":"Observation","slope_ft_per_yr":-4.591,"p_value":0.0,"trend":"decreasing","n_measurements":67,"record_years":31.1},"geometry":{"type":"Point","coordinates":[-118.8184,35.15131]}},{"type":"Feature","properties":{"station_id":"351533N1191827W001","well_use":"Unknown","slope_ft_per_yr":-0.453,"p_value":0.0,"trend":"decreasing","n_measurements":62,"record_years":16.2},"geometry":{"type":"Point","coordinates":[-119.1827,35.1533]}},{"type":"Feature","properties":{"station_id":"351541N1191289W001","well_use":"Irrigation","slope_ft_per_yr":-2.016,"p_value":0.0152,"trend":"decreasing","n_measurements":30,"record_years":30.6},"geometry":{"type":"Point","coordinates":[-119.12814,35.15416]}},{"type":"Feature","properties":{"station_id":"351547N1191663W001","well_use":"Unknown","slope_ft_per_yr":-2.019,"p_value":0.0335,"trend":"decreasing","n_measurements":25,"record_years":18.8},"geometry":{"type":"Point","coordinates":[-119.1663,35.1547]}},{"type":"Feature","properties":{"station_id":"351656N1189234W001","well_use":"Irrigation","slope_ft_per_yr":0.332,"p_value":0.3624,"trend":"no trend","n_measurements":42,"record_years":30.9},"geometry":{"type":"Point","coordinates":[-118.92356,35.16573]}},{"type":"Feature","properties":{"station_id":"351694N1190530W001","well_use":"Irrigation","slope_ft_per_yr":-1.917,"p_value":0.0,"trend":"decreasing","n_measurements":42,"record_years":26.0},"geometry":{"type":"Point","coordinates":[-119.04914,35.16978]}},{"type":"Feature","properties":{"station_id":"351719N1190748W001","well_use":"Irrigation","slope_ft_per_yr":-0.431,"p_value":0.0545,"trend":"no trend","n_measurements":40,"record_years":28.4},"geometry":{"type":"Point","coordinates":[-119.07472,35.17203]}},{"type":"Feature","properties":{"station_id":"351736N1190405W001","well_use":"Unknown","slope_ft_per_yr":0.01,"p_value":0.7829,"trend":"no trend","n_measurements":57,"record_years":16.2},"geometry":{"type":"Point","coordinates":[-119.0405,35.1736]}},{"type":"Feature","properties":{"station_id":"351742N1191584W001","well_use":"Irrigation","slope_ft_per_yr":-3.028,"p_value":0.0006,"trend":"decreasing","n_measurements":35,"record_years":17.7},"geometry":{"type":"Point","coordinates":[-119.1584,35.1742]}},{"type":"Feature","properties":{"station_id":"351750N1191757W001","well_use":"Residential","slope_ft_per_yr":-7.475,"p_value":0.0,"trend":"decreasing","n_measurements":171,"record_years":24.7},"geometry":{"type":"Point","coordinates":[-119.29922,35.29731]}},{"type":"Feature","properties":{"station_id":"351811N1192358W001","well_use":"Irrigation","slope_ft_per_yr":0.964,"p_value":0.3583,"trend":"no trend","n_measurements":31,"record_years":14.4},"geometry":{"type":"Point","coordinates":[-119.23581,35.1811]}},{"type":"Feature","properties":{"station_id":"351858N1191115W001","well_use":"Irrigation","slope_ft_per_yr":0.431,"p_value":0.1016,"trend":"no trend","n_measurements":36,"record_years":19.0},"geometry":{"type":"Point","coordinates":[-119.1115,35.1858]}},{"type":"Feature","properties":{"station_id":"351858N1191260W001","well_use":"Unknown","slope_ft_per_yr":-0.998,"p_value":0.0012,"trend":"decreasing","n_measurements":38,"record_years":22.4},"geometry":{"type":"Point","coordinates":[-119.126,35.1858]}},{"type":"Feature","properties":{"station_id":"351867N1190820W001","well_use":"Irrigation","slope_ft_per_yr":-3.29,"p_value":0.0,"trend":"decreasing","n_measurements":65,"record_years":30.8},"geometry":{"type":"Point","coordinates":[-119.08121,35.18677]}},{"type":"Feature","properties":{"station_id":"351867N1190926W001","well_use":"Irrigation","slope_ft_per_yr":-2.183,"p_value":0.0001,"trend":"decreasing","n_measurements":40,"record_years":22.2},"geometry":{"type":"Point","coordinates":[-119.0926,35.1867]}},{"type":"Feature","properties":{"station_id":"351922N1192052W001","well_use":"Irrigation","slope_ft_per_yr":-2.939,"p_value":0.0007,"trend":"decreasing","n_measurements":46,"record_years":28.7},"geometry":{"type":"Point","coordinates":[-119.20522,35.19217]}},{"type":"Feature","properties":{"station_id":"351939N1190926W001","well_use":"Irrigation","slope_ft_per_yr":-1.643,"p_value":0.0,"trend":"decreasing","n_measurements":45,"record_years":29.7},"geometry":{"type":"Point","coordinates":[-119.09261,35.19384]}},{"type":"Feature","properties":{"station_id":"351939N1191313W001","well_use":"Irrigation","slope_ft_per_yr":-2.135,"p_value":0.0013,"trend":"decreasing","n_measurements":35,"record_years":22.4},"geometry":{"type":"Point","coordinates":[-119.1313,35.1939]}},{"type":"Feature","properties":{"station_id":"351944N1188423W001","well_use":"Irrigation","slope_ft_per_yr":-4.172,"p_value":0.0,"trend":"decreasing","n_measurements":60,"record_years":30.1},"geometry":{"type":"Point","coordinates":[-118.84251,35.19424]}},{"type":"Feature","properties":{"station_id":"351952N1188813W001","well_use":"Irrigation","slope_ft_per_yr":-0.511,"p_value":0.0331,"trend":"decreasing","n_measurements":39,"record_years":29.5},"geometry":{"type":"Point","coordinates":[-118.87849,35.19413]}},{"type":"Feature","properties":{"station_id":"351952N1189182W001","well_use":"Irrigation","slope_ft_per_yr":-2.844,"p_value":0.0018,"trend":"decreasing","n_measurements":38,"record_years":22.4},"geometry":{"type":"Point","coordinates":[-118.91501,35.19347]}},{"type":"Feature","properties":{"station_id":"351956N1194020W001","well_use":"Unknown","slope_ft_per_yr":0.253,"p_value":0.0,"trend":"increasing","n_measurements":42,"record_years":21.7},"geometry":{"type":"Point","coordinates":[-119.402,35.1956]}},{"type":"Feature","properties":{"station_id":"351976N1192358W001","well_use":"Irrigation","slope_ft_per_yr":0.396,"p_value":0.9188,"trend":"no trend","n_measurements":31,"record_years":14.4},"geometry":{"type":"Point","coordinates":[-119.23575,35.19757]}},{"type":"Feature","properties":{"station_id":"352011N1190926W001","well_use":"Irrigation","slope_ft_per_yr":-0.667,"p_value":0.0248,"trend":"decreasing","n_measurements":46,"record_years":30.4},"geometry":{"type":"Point","coordinates":[-119.09259,35.20143]}},{"type":"Feature","properties":{"station_id":"352017N1187987W001","well_use":"Observation","slope_ft_per_yr":-3.237,"p_value":0.0,"trend":"decreasing","n_measurements":60,"record_years":31.1},"geometry":{"type":"Point","coordinates":[-118.79022,35.20188]}},{"type":"Feature","properties":{"station_id":"352017N1188965W001","well_use":"Irrigation","slope_ft_per_yr":-4.274,"p_value":0.0,"trend":"decreasing","n_measurements":39,"record_years":28.1},"geometry":{"type":"Point","coordinates":[-118.89635,35.20161]}},{"type":"Feature","properties":{"station_id":"352027N1188996W001","well_use":"Irrigation","slope_ft_per_yr":-1.242,"p_value":0.028,"trend":"decreasing","n_measurements":67,"record_years":30.0},"geometry":{"type":"Point","coordinates":[-118.89854,35.19957]}},{"type":"Feature","properties":{"station_id":"352027N1189557W001","well_use":"Stockwatering","slope_ft_per_yr":-0.853,"p_value":0.0,"trend":"decreasing","n_measurements":54,"record_years":30.9},"geometry":{"type":"Point","coordinates":[-118.95282,35.20115]}},{"type":"Feature","properties":{"station_id":"352039N1192220W001","well_use":"Irrigation","slope_ft_per_yr":-4.334,"p_value":0.0,"trend":"decreasing","n_measurements":51,"record_years":30.4},"geometry":{"type":"Point","coordinates":[-119.22218,35.20484]}},{"type":"Feature","properties":{"station_id":"352050N1191815W001","well_use":"Irrigation","slope_ft_per_yr":-3.792,"p_value":0.0,"trend":"decreasing","n_measurements":45,"record_years":30.4},"geometry":{"type":"Point","coordinates":[-119.18145,35.20554]}},{"type":"Feature","properties":{"station_id":"352053N1191992W001","well_use":"Irrigation","slope_ft_per_yr":-4.361,"p_value":0.0,"trend":"decreasing","n_measurements":45,"record_years":29.4},"geometry":{"type":"Point","coordinates":[-119.19913,35.2056]}},{"type":"Feature","properties":{"station_id":"352080N1188710W001","well_use":"Irrigation","slope_ft_per_yr":0.696,"p_value":0.5316,"trend":"no trend","n_measurements":51,"record_years":31.0},"geometry":{"type":"Point","coordinates":[-118.86934,35.2053]}},{"type":"Feature","properties":{"station_id":"352080N1189699W001","well_use":"Irrigation","slope_ft_per_yr":0.167,"p_value":0.497,"trend":"no trend","n_measurements":38,"record_years":25.9},"geometry":{"type":"Point","coordinates":[-118.96828,35.2084]}},{"type":"Feature","properties":{"station_id":"352083N1189855W001","well_use":"Irrigation","slope_ft_per_yr":-0.505,"p_value":0.0,"trend":"decreasing","n_measurements":56,"record_years":29.9},"geometry":{"type":"Point","coordinates":[-118.98422,35.2084]}},{"type":"Feature","properties":{"station_id":"352083N1190362W001","well_use":"Irrigation","slope_ft_per_yr":-3.349,"p_value":0.0001,"trend":"decreasing","n_measurements":52,"record_years":30.5},"geometry":{"type":"Point","coordinates":[-119.03888,35.20624]}},{"type":"Feature","properties":{"station_id":"352083N1190528W001","well_use":"Irrigation","slope_ft_per_yr":-3.987,"p_value":0.0,"trend":"decreasing","n_measurements":57,"record_years":30.4},"geometry":{"type":"Point","coordinates":[-119.05251,35.20851]}},{"type":"Feature","properties":{"station_id":"352083N1191203W001","well_use":"Irrigation","slope_ft_per_yr":0.44,"p_value":0.5609,"trend":"no trend","n_measurements":23,"record_years":22.4},"geometry":{"type":"Point","coordinates":[-119.1203,35.2083]}},{"type":"Feature","properties":{"station_id":"352086N1192783W001","well_use":"Irrigation","slope_ft_per_yr":0.676,"p_value":0.6707,"trend":"no trend","n_measurements":31,"record_years":14.4},"geometry":{"type":"Point","coordinates":[-119.27828,35.2086]}},{"type":"Feature","properties":{"station_id":"352088N1192520W001","well_use":"Irrigation","slope_ft_per_yr":-0.152,"p_value":0.9187,"trend":"no trend","n_measurements":31,"record_years":14.4},"geometry":{"type":"Point","coordinates":[-119.25197,35.20876]}},{"type":"Feature","properties":{"station_id":"352102N1189582W001","well_use":"Irrigation","slope_ft_per_yr":-0.652,"p_value":0.0,"trend":"decreasing","n_measurements":54,"record_years":30.4},"geometry":{"type":"Point","coordinates":[-118.95409,35.20781]}},{"type":"Feature","properties":{"station_id":"352125N1191992W001","well_use":"Irrigation","slope_ft_per_yr":-4.175,"p_value":0.0,"trend":"decreasing","n_measurements":56,"record_years":30.4},"geometry":{"type":"Point","coordinates":[-119.19907,35.21274]}},{"type":"Feature","properties":{"station_id":"352128N1191553W001","well_use":"Irrigation","slope_ft_per_yr":-3.054,"p_value":0.0,"trend":"decreasing","n_measurements":44,"record_years":30.4},"geometry":{"type":"Point","coordinates":[-119.15514,35.21264]}},{"type":"Feature","properties":{"station_id":"352139N1189268W001","well_use":"Irrigation","slope_ft_per_yr":-0.442,"p_value":0.0,"trend":"decreasing","n_measurements":59,"record_years":30.4},"geometry":{"type":"Point","coordinates":[-118.92348,35.2124]}},{"type":"Feature","properties":{"station_id":"352200N1192037W001","well_use":"Irrigation","slope_ft_per_yr":-4.079,"p_value":0.0,"trend":"decreasing","n_measurements":49,"record_years":30.0},"geometry":{"type":"Point","coordinates":[-119.20377,35.21997]}},{"type":"Feature","properties":{"station_id":"352220N1190000W001","well_use":"Irrigation","slope_ft_per_yr":-4.491,"p_value":0.0,"trend":"decreasing","n_measurements":54,"record_years":30.9},"geometry":{"type":"Point","coordinates":[-119.00047,35.22126]}},{"type":"Feature","properties":{"station_id":"352227N1189632W001","well_use":"Unknown","slope_ft_per_yr":0.583,"p_value":0.0796,"trend":"no trend","n_measurements":20,"record_years":10.8},"geometry":{"type":"Point","coordinates":[-118.9632,35.2227]}},{"type":"Feature","properties":{"station_id":"352231N1192098W001","well_use":"Irrigation","slope_ft_per_yr":-5.128,"p_value":0.0,"trend":"decreasing","n_measurements":50,"record_years":30.0},"geometry":{"type":"Point","coordinates":[-119.2098,35.2231]}},{"type":"Feature","properties":{"station_id":"352233N1191281W001","well_use":"Irrigation","slope_ft_per_yr":-3.429,"p_value":0.0,"trend":"decreasing","n_measurements":53,"record_years":28.3},"geometry":{"type":"Point","coordinates":[-119.10794,35.22116]}},{"type":"Feature","properties":{"station_id":"352269N1191923W001","well_use":"Irrigation","slope_ft_per_yr":-3.097,"p_value":0.0,"trend":"decreasing","n_measurements":89,"record_years":31.2},"geometry":{"type":"Point","coordinates":[-119.19276,35.2254]}},{"type":"Feature","properties":{"station_id":"352275N1191545W001","well_use":"Irrigation","slope_ft_per_yr":-0.672,"p_value":0.4272,"trend":"no trend","n_measurements":24,"record_years":13.4},"geometry":{"type":"Point","coordinates":[-119.15483,35.22711]}},{"type":"Feature","properties":{"station_id":"352294N1192865W001","well_use":"Irrigation","slope_ft_per_yr":0.402,"p_value":0.6095,"trend":"no trend","n_measurements":31,"record_years":14.4},"geometry":{"type":"Point","coordinates":[-119.28645,35.22944]}},{"type":"Feature","properties":{"station_id":"352311N1187790W001","well_use":"Irrigation","slope_ft_per_yr":-3.003,"p_value":0.0,"trend":"decreasing","n_measurements":56,"record_years":30.4},"geometry":{"type":"Point","coordinates":[-118.77914,35.23089]}},{"type":"Feature","properties":{"station_id":"352347N1192413W001","well_use":"Unknown","slope_ft_per_yr":-3.019,"p_value":0.0,"trend":"decreasing","n_measurements":42,"record_years":23.4},"geometry":{"type":"Point","coordinates":[-119.2413,35.2347]}},{"type":"Feature","properties":{"station_id":"352353N1191548W001","well_use":"Irrigation","slope_ft_per_yr":-3.173,"p_value":0.0,"trend":"decreasing","n_measurements":53,"record_years":30.4},"geometry":{"type":"Point","coordinates":[-119.15482,35.23445]}},{"type":"Feature","properties":{"station_id":"352369N1189428W001","well_use":"Irrigation","slope_ft_per_yr":-0.557,"p_value":0.0,"trend":"decreasing","n_measurements":59,"record_years":30.9},"geometry":{"type":"Point","coordinates":[-118.94272,35.23718]}},{"type":"Feature","properties":{"station_id":"352383N1192126W001","well_use":"Irrigation","slope_ft_per_yr":-4.432,"p_value":0.0,"trend":"decreasing","n_measurements":50,"record_years":30.4},"geometry":{"type":"Point","coordinates":[-119.21252,35.23829]}},{"type":"Feature","properties":{"station_id":"352389N1189485W001","well_use":"Irrigation","slope_ft_per_yr":-1.477,"p_value":0.0013,"trend":"decreasing","n_measurements":70,"record_years":31.1},"geometry":{"type":"Point","coordinates":[-118.94554,35.23537]}},{"type":"Feature","properties":{"station_id":"352410N1190280W001","well_use":"Irrigation","slope_ft_per_yr":-1.589,"p_value":0.0,"trend":"decreasing","n_measurements":53,"record_years":29.9},"geometry":{"type":"Point","coordinates":[-119.03005,35.24141]}},{"type":"Feature","properties":{"station_id":"352411N1191545W001","well_use":"Irrigation","slope_ft_per_yr":-3.368,"p_value":0.0,"trend":"decreasing","n_measurements":53,"record_years":30.4},"geometry":{"type":"Point","coordinates":[-119.15473,35.24158]}},{"type":"Feature","properties":{"station_id":"352450N1191640W001","well_use":"Irrigation","slope_ft_per_yr":-3.407,"p_value":0.0,"trend":"decreasing","n_measurements":100,"record_years":30.9},"geometry":{"type":"Point","coordinates":[-119.16403,35.24508]}},{"type":"Feature","properties":{"station_id":"352452N1188243W001","well_use":"Irrigation","slope_ft_per_yr":-3.06,"p_value":0.0,"trend":"decreasing","n_measurements":82,"record_years":31.1},"geometry":{"type":"Point","coordinates":[-118.82318,35.24531]}},{"type":"Feature","properties":{"station_id":"352453N1192087W001","well_use":"Irrigation","slope_ft_per_yr":-4.706,"p_value":0.0,"trend":"decreasing","n_measurements":44,"record_years":28.2},"geometry":{"type":"Point","coordinates":[-119.20783,35.24551]}},{"type":"Feature","properties":{"station_id":"352456N1191195W001","well_use":"Irrigation","slope_ft_per_yr":-2.665,"p_value":0.0,"trend":"decreasing","n_measurements":46,"record_years":30.4},"geometry":{"type":"Point","coordinates":[-119.12171,35.24536]}},{"type":"Feature","properties":{"station_id":"352486N1191542W001","well_use":"Irrigation","slope_ft_per_yr":-3.104,"p_value":0.0,"trend":"decreasing","n_measurements":40,"record_years":23.4},"geometry":{"type":"Point","coordinates":[-119.1542,35.2486]}},{"type":"Feature","properties":{"station_id":"352510N1191160W001","well_use":"Irrigation","slope_ft_per_yr":-2.724,"p_value":0.0,"trend":"decreasing","n_measurements":65,"record_years":30.9},"geometry":{"type":"Point","coordinates":[-119.11646,35.25245]}},{"type":"Feature","properties":{"station_id":"352514N1189503W001","well_use":"Irrigation","slope_ft_per_yr":-2.925,"p_value":0.0,"trend":"decreasing","n_measurements":49,"record_years":30.9},"geometry":{"type":"Point","coordinates":[-118.95011,35.25158]}},{"type":"Feature","properties":{"station_id":"352519N1188421W001","well_use":"Irrigation","slope_ft_per_yr":-3.957,"p_value":0.0,"trend":"decreasing","n_measurements":22,"record_years":22.7},"geometry":{"type":"Point","coordinates":[-118.8421,35.2519]}},{"type":"Feature","properties":{"station_id":"352519N1189810W001","well_use":"Unknown","slope_ft_per_yr":-0.15,"p_value":0.0062,"trend":"decreasing","n_measurements":65,"record_years":16.5},"geometry":{"type":"Point","coordinates":[-118.981,35.2519]}},{"type":"Feature","properties":{"station_id":"352525N1191162W001","well_use":"Irrigation","slope_ft_per_yr":-2.272,"p_value":0.0,"trend":"decreasing","n_measurements":48,"record_years":30.4},"geometry":{"type":"Point","coordinates":[-119.11653,35.25242]}},{"type":"Feature","properties":{"station_id":"352575N1190057W001","well_use":"Unknown","slope_ft_per_yr":-0.055,"p_value":0.851,"trend":"no trend","n_measurements":27,"record_years":15.8},"geometry":{"type":"Point","coordinates":[-119.0057,35.2575]}},{"type":"Feature","properties":{"station_id":"352597N1191640W001","well_use":"Irrigation","slope_ft_per_yr":-4.314,"p_value":0.0,"trend":"decreasing","n_measurements":102,"record_years":24.0},"geometry":{"type":"Point","coordinates":[-119.16427,35.2588]}},{"type":"Feature","properties":{"station_id":"352605N1188932W001","well_use":"Observation","slope_ft_per_yr":-2.317,"p_value":0.0,"trend":"decreasing","n_measurements":54,"record_years":31.1},"geometry":{"type":"Point","coordinates":[-118.89199,35.26089]}},{"type":"Feature","properties":{"station_id":"352639N1188412W001","well_use":"Irrigation","slope_ft_per_yr":-1.706,"p_value":0.0698,"trend":"no trend","n_measurements":33,"record_years":24.7},"geometry":{"type":"Point","coordinates":[-118.8412,35.2639]}},{"type":"Feature","properties":{"station_id":"352662N1190015W001","well_use":"Irrigation","slope_ft_per_yr":-3.162,"p_value":0.0,"trend":"decreasing","n_measurements":143,"record_years":16.7},"geometry":{"type":"Point","coordinates":[-119.00148,35.26623]}},{"type":"Feature","properties":{"station_id":"352669N1188246W001","well_use":"Observation","slope_ft_per_yr":-0.502,"p_value":0.4128,"trend":"no trend","n_measurements":23,"record_years":18.1},"geometry":{"type":"Point","coordinates":[-118.8246,35.2669]}},{"type":"Feature","properties":{"station_id":"352669N1191465W001","well_use":"Irrigation","slope_ft_per_yr":-2.666,"p_value":0.0,"trend":"decreasing","n_measurements":38,"record_years":25.4},"geometry":{"type":"Point","coordinates":[-119.14639,35.2668]}},{"type":"Feature","properties":{"station_id":"352672N1188517W001","well_use":"Unknown","slope_ft_per_yr":1.218,"p_value":0.2984,"trend":"no trend","n_measurements":20,"record_years":15.7},"geometry":{"type":"Point","coordinates":[-118.8517,35.2672]}},{"type":"Feature","properties":{"station_id":"352673N1192138W002","well_use":"Observation","slope_ft_per_yr":-1.088,"p_value":0.0423,"trend":"decreasing","n_measurements":126,"record_years":14.3},"geometry":{"type":"Point","coordinates":[-119.21383,35.26735]}},{"type":"Feature","properties":{"station_id":"352742N1192567W001","well_use":"Unknown","slope_ft_per_yr":-1.63,"p_value":0.0054,"trend":"decreasing","n_measurements":36,"record_years":20.1},"geometry":{"type":"Point","coordinates":[-119.2567,35.2742]}},{"type":"Feature","properties":{"station_id":"352747N1189435W001","well_use":"Public Supply","slope_ft_per_yr":-0.813,"p_value":0.0001,"trend":"decreasing","n_measurements":100,"record_years":30.6},"geometry":{"type":"Point","coordinates":[-118.94114,35.274]}},{"type":"Feature","properties":{"station_id":"352747N1191538W001","well_use":"Unknown","slope_ft_per_yr":-2.916,"p_value":0.0,"trend":"decreasing","n_measurements":41,"record_years":24.7},"geometry":{"type":"Point","coordinates":[-119.1538,35.2747]}},{"type":"Feature","properties":{"station_id":"352761N1192853W001","well_use":"Unknown","slope_ft_per_yr":-1.134,"p_value":0.2328,"trend":"no trend","n_measurements":35,"record_years":20.1},"geometry":{"type":"Point","coordinates":[-119.2853,35.2761]}},{"type":"Feature","properties":{"station_id":"352786N1188462W001","well_use":"Irrigation","slope_ft_per_yr":-3.386,"p_value":0.0007,"trend":"decreasing","n_measurements":36,"record_years":24.6},"geometry":{"type":"Point","coordinates":[-118.8462,35.2786]}},{"type":"Feature","properties":{"station_id":"352800N1189080W001","well_use":"Irrigation","slope_ft_per_yr":-3.855,"p_value":0.0,"trend":"decreasing","n_measurements":94,"record_years":30.9},"geometry":{"type":"Point","coordinates":[-118.90542,35.28125]}},{"type":"Feature","properties":{"station_id":"352814N1191302W001","well_use":"Irrigation","slope_ft_per_yr":-3.52,"p_value":0.0,"trend":"decreasing","n_measurements":31,"record_years":25.7},"geometry":{"type":"Point","coordinates":[-119.12856,35.28158]}},{"type":"Feature","properties":{"station_id":"352814N1191396W001","well_use":"Irrigation","slope_ft_per_yr":-3.371,"p_value":0.0,"trend":"decreasing","n_measurements":45,"record_years":29.7},"geometry":{"type":"Point","coordinates":[-119.13727,35.2816]}},{"type":"Feature","properties":{"station_id":"352814N1191657W001","well_use":"Irrigation","slope_ft_per_yr":-3.293,"p_value":0.0,"trend":"decreasing","n_measurements":45,"record_years":29.7},"geometry":{"type":"Point","coordinates":[-119.16406,35.28134]}},{"type":"Feature","properties":{"station_id":"352816N1191552W001","well_use":"Irrigation","slope_ft_per_yr":-0.441,"p_value":0.2079,"trend":"no trend","n_measurements":51,"record_years":27.7},"geometry":{"type":"Point","coordinates":[-119.15524,35.28135]}},{"type":"Feature","properties":{"station_id":"352817N1192606W001","well_use":"Unknown","slope_ft_per_yr":-2.291,"p_value":0.0105,"trend":"decreasing","n_measurements":42,"record_years":20.1},"geometry":{"type":"Point","coordinates":[-119.2606,35.2817]}},{"type":"Feature","properties":{"station_id":"352880N1191482W001","well_use":"Irrigation","slope_ft_per_yr":-3.301,"p_value":0.0,"trend":"decreasing","n_measurements":47,"record_years":29.7},"geometry":{"type":"Point","coordinates":[-119.14633,35.28836]}},{"type":"Feature","properties":{"station_id":"352883N1191856W001","well_use":"Unknown","slope_ft_per_yr":-3.738,"p_value":0.0,"trend":"decreasing","n_measurements":35,"record_years":19.0},"geometry":{"type":"Point","coordinates":[-119.1856,35.2883]}},{"type":"Feature","properties":{"station_id":"352888N1196330W002","well_use":"Observation","slope_ft_per_yr":-0.464,"p_value":0.0,"trend":"decreasing","n_measurements":41,"record_years":16.6},"geometry":{"type":"Point","coordinates":[-119.63303,35.28884]}},{"type":"Feature","properties":{"station_id":"352889N1188570W001","well_use":"Irrigation","slope_ft_per_yr":-1.767,"p_value":0.0583,"trend":"no trend","n_measurements":36,"record_years":24.6},"geometry":{"type":"Point","coordinates":[-118.857,35.2889]}},{"type":"Feature","properties":{"station_id":"352889N1191517W001","well_use":"Irrigation","slope_ft_per_yr":-3.5,"p_value":0.0,"trend":"decreasing","n_measurements":46,"record_years":29.2},"geometry":{"type":"Point","coordinates":[-119.15173,35.28894]}},{"type":"Feature","properties":{"station_id":"352889N1191655W001","well_use":"Irrigation","slope_ft_per_yr":-3.621,"p_value":0.0,"trend":"decreasing","n_measurements":45,"record_years":30.2},"geometry":{"type":"Point","coordinates":[-119.1638,35.2888]}},{"type":"Feature","properties":{"station_id":"352895N1193032W003","well_use":"Observation","slope_ft_per_yr":-4.82,"p_value":0.0,"trend":"decreasing","n_measurements":759,"record_years":24.3},"geometry":{"type":"Point","coordinates":[-119.30317,35.28952]}},{"type":"Feature","properties":{"station_id":"352908N1192437W001","well_use":"Irrigation","slope_ft_per_yr":-3.768,"p_value":0.0029,"trend":"decreasing","n_measurements":27,"record_years":18.6},"geometry":{"type":"Point","coordinates":[-119.2437,35.2908]}},{"type":"Feature","properties":{"station_id":"352909N1196295W002","well_use":"Observation","slope_ft_per_yr":-0.219,"p_value":0.0,"trend":"decreasing","n_measurements":54,"record_years":21.6},"geometry":{"type":"Point","coordinates":[-119.62952,35.29088]}},{"type":"Feature","properties":{"station_id":"352909N1196295W004","well_use":"Observation","slope_ft_per_yr":-0.18,"p_value":0.0,"trend":"decreasing","n_measurements":45,"record_years":17.4},"geometry":{"type":"Point","coordinates":[-119.62953,35.29095]}},{"type":"Feature","properties":{"station_id":"352924N1189911W001","well_use":"Public Supply","slope_ft_per_yr":-2.524,"p_value":0.0,"trend":"decreasing","n_measurements":83,"record_years":30.9},"geometry":{"type":"Point","coordinates":[-118.99114,35.29244]}},{"type":"Feature","properties":{"station_id":"352933N1193011W001","well_use":"Observation","slope_ft_per_yr":5.851,"p_value":0.0,"trend":"increasing","n_measurements":122,"record_years":13.4},"geometry":{"type":"Point","coordinates":[-119.30113,35.29332]}},{"type":"Feature","properties":{"station_id":"352936N1192703W001","well_use":"Irrigation","slope_ft_per_yr":-1.609,"p_value":0.1438,"trend":"no trend","n_measurements":31,"record_years":20.1},"geometry":{"type":"Point","coordinates":[-119.2703,35.2936]}},{"type":"Feature","properties":{"station_id":"352953N1191285W001","well_use":"Observation","slope_ft_per_yr":-2.989,"p_value":0.0,"trend":"decreasing","n_measurements":256,"record_years":31.1},"geometry":{"type":"Point","coordinates":[-119.1285,35.29535]}},{"type":"Feature","properties":{"station_id":"352958N1188807W001","well_use":"Irrigation","slope_ft_per_yr":-2.404,"p_value":0.0,"trend":"decreasing","n_measurements":60,"record_years":31.1},"geometry":{"type":"Point","coordinates":[-118.87971,35.29607]}},{"type":"Feature","properties":{"station_id":"352958N1189702W001","well_use":"Unknown","slope_ft_per_yr":-0.062,"p_value":0.164,"trend":"no trend","n_measurements":64,"record_years":16.9},"geometry":{"type":"Point","coordinates":[-118.9702,35.2958]}},{"type":"Feature","properties":{"station_id":"352958N1193011W001","well_use":"Observation","slope_ft_per_yr":-5.049,"p_value":0.0,"trend":"decreasing","n_measurements":780,"record_years":24.8},"geometry":{"type":"Point","coordinates":[-119.30112,35.29575]}},{"type":"Feature","properties":{"station_id":"352961N1191568W001","well_use":"Irrigation","slope_ft_per_yr":-2.948,"p_value":0.0,"trend":"decreasing","n_measurements":46,"record_years":30.2},"geometry":{"type":"Point","coordinates":[-119.155,35.29592]}},{"type":"Feature","properties":{"station_id":"352964N1191741W003","well_use":"Observation","slope_ft_per_yr":-3.969,"p_value":0.0,"trend":"decreasing","n_measurements":321,"record_years":31.1},"geometry":{"type":"Point","coordinates":[-119.17336,35.29644]}},{"type":"Feature","properties":{"station_id":"352965N1193128W001","well_use":"Observation","slope_ft_per_yr":3.37,"p_value":0.0251,"trend":"increasing","n_measurements":78,"record_years":12.3},"geometry":{"type":"Point","coordinates":[-119.31281,35.29653]}},{"type":"Feature","properties":{"station_id":"352965N1193128W002","well_use":"Observation","slope_ft_per_yr":0.838,"p_value":0.6046,"trend":"no trend","n_measurements":93,"record_years":13.4},"geometry":{"type":"Point","coordinates":[-119.31281,35.29653]}},{"type":"Feature","properties":{"station_id":"352965N1193128W003","well_use":"Observation","slope_ft_per_yr":6.957,"p_value":0.0001,"trend":"increasing","n_measurements":72,"record_years":12.3},"geometry":{"type":"Point","coordinates":[-119.31281,35.29653]}},{"type":"Feature","properties":{"station_id":"352969N1191471W001","well_use":"Unknown","slope_ft_per_yr":-2.829,"p_value":0.0,"trend":"decreasing","n_measurements":32,"record_years":22.2},"geometry":{"type":"Point","coordinates":[-119.1471,35.2969]}},{"type":"Feature","properties":{"station_id":"352986N1193016W001","well_use":"Residential","slope_ft_per_yr":2.82,"p_value":0.0318,"trend":"increasing","n_measurements":144,"record_years":24.4},"geometry":{"type":"Point","coordinates":[-119.30161,35.29858]}},{"type":"Feature","properties":{"station_id":"353014N1193281W001","well_use":"Unknown","slope_ft_per_yr":-10.656,"p_value":0.0,"trend":"decreasing","n_measurements":31,"record_years":17.0},"geometry":{"type":"Point","coordinates":[-119.3281,35.3014]}},{"type":"Feature","properties":{"station_id":"353028N1192780W001","well_use":"Observation","slope_ft_per_yr":-3.86,"p_value":0.0009,"trend":"decreasing","n_measurements":439,"record_years":19.1},"geometry":{"type":"Point","coordinates":[-119.27803,35.30281]}},{"type":"Feature","properties":{"station_id":"353033N1191124W001","well_use":"Unknown","slope_ft_per_yr":0.994,"p_value":0.2838,"trend":"no trend","n_measurements":20,"record_years":10.3},"geometry":{"type":"Point","coordinates":[-119.1124,35.3033]}},{"type":"Feature","properties":{"station_id":"353033N1191207W001","well_use":"Unknown","slope_ft_per_yr":0.921,"p_value":0.2713,"trend":"no trend","n_measurements":22,"record_years":11.3},"geometry":{"type":"Point","coordinates":[-119.1207,35.3033]}},{"type":"Feature","properties":{"station_id":"353033N1192348W001","well_use":"Irrigation","slope_ft_per_yr":-6.713,"p_value":0.0004,"trend":"decreasing","n_measurements":34,"record_years":19.0},"geometry":{"type":"Point","coordinates":[-119.2348,35.3033]}},{"type":"Feature","properties":{"station_id":"353039N1191848W001","well_use":"Unknown","slope_ft_per_yr":-7.537,"p_value":0.0,"trend":"decreasing","n_measurements":28,"record_years":19.0},"geometry":{"type":"Point","coordinates":[-119.1848,35.3039]}},{"type":"Feature","properties":{"station_id":"353064N1188667W001","well_use":"Irrigation","slope_ft_per_yr":-1.588,"p_value":0.0324,"trend":"decreasing","n_measurements":36,"record_years":24.6},"geometry":{"type":"Point","coordinates":[-118.8667,35.3064]}},{"type":"Feature","properties":{"station_id":"353069N1191987W001","well_use":"Unknown","slope_ft_per_yr":-8.788,"p_value":0.0001,"trend":"decreasing","n_measurements":31,"record_years":20.1},"geometry":{"type":"Point","coordinates":[-119.1987,35.3069]}},{"type":"Feature","properties":{"station_id":"353069N1192592W001","well_use":"Unknown","slope_ft_per_yr":-5.016,"p_value":0.0076,"trend":"decreasing","n_measurements":34,"record_years":20.1},"geometry":{"type":"Point","coordinates":[-119.2592,35.3069]}},{"type":"Feature","properties":{"station_id":"353072N1188037W001","well_use":"Observation","slope_ft_per_yr":-0.258,"p_value":0.0546,"trend":"no trend","n_measurements":57,"record_years":31.0},"geometry":{"type":"Point","coordinates":[-118.80349,35.3073]}},{"type":"Feature","properties":{"station_id":"353072N1191548W001","well_use":"Unknown","slope_ft_per_yr":-2.96,"p_value":0.0007,"trend":"decreasing","n_measurements":30,"record_years":20.1},"geometry":{"type":"Point","coordinates":[-119.1548,35.3072]}},{"type":"Feature","properties":{"station_id":"353075N1193323W001","well_use":"Unknown","slope_ft_per_yr":-8.759,"p_value":0.0001,"trend":"decreasing","n_measurements":32,"record_years":20.1},"geometry":{"type":"Point","coordinates":[-119.3323,35.3075]}},{"type":"Feature","properties":{"station_id":"353106N1191637W001","well_use":"Unknown","slope_ft_per_yr":-5.545,"p_value":0.0,"trend":"decreasing","n_measurements":29,"record_years":20.1},"geometry":{"type":"Point","coordinates":[-119.1637,35.3106]}},{"type":"Feature","properties":{"station_id":"353106N1193415W001","well_use":"Unknown","slope_ft_per_yr":-4.793,"p_value":0.0125,"trend":"decreasing","n_measurements":25,"record_years":17.7},"geometry":{"type":"Point","coordinates":[-119.3415,35.3106]}},{"type":"Feature","properties":{"station_id":"353128N1192612W001","well_use":"Unknown","slope_ft_per_yr":-7.608,"p_value":0.0069,"trend":"decreasing","n_measurements":31,"record_years":17.0},"geometry":{"type":"Point","coordinates":[-119.2612,35.3128]}},{"type":"Feature","properties":{"station_id":"353128N1192787W002","well_use":"Unknown","slope_ft_per_yr":-2.364,"p_value":0.3331,"trend":"no trend","n_measurements":24,"record_years":18.7},"geometry":{"type":"Point","coordinates":[-119.2787,35.3128]}},{"type":"Feature","properties":{"station_id":"353147N1191367W001","well_use":"Unknown","slope_ft_per_yr":-2.824,"p_value":0.0029,"trend":"decreasing","n_measurements":26,"record_years":18.7},"geometry":{"type":"Point","coordinates":[-119.1367,35.3147]}},{"type":"Feature","properties":{"station_id":"353147N1191723W001","well_use":"Unknown","slope_ft_per_yr":-3.863,"p_value":0.0606,"trend":"no trend","n_measurements":27,"record_years":18.0},"geometry":{"type":"Point","coordinates":[-119.1723,35.3147]}},{"type":"Feature","properties":{"station_id":"353147N1191987W001","well_use":"Unknown","slope_ft_per_yr":-8.53,"p_value":0.0001,"trend":"decreasing","n_measurements":32,"record_years":20.1},"geometry":{"type":"Point","coordinates":[-119.1987,35.3147]}},{"type":"Feature","properties":{"station_id":"353150N1191815W001","well_use":"Unknown","slope_ft_per_yr":-6.641,"p_value":0.0012,"trend":"decreasing","n_measurements":30,"record_years":20.1},"geometry":{"type":"Point","coordinates":[-119.1815,35.315]}},{"type":"Feature","properties":{"station_id":"353153N1188720W001","well_use":"Irrigation","slope_ft_per_yr":-2.238,"p_value":0.007,"trend":"decreasing","n_measurements":36,"record_years":24.6},"geometry":{"type":"Point","coordinates":[-118.872,35.3153]}},{"type":"Feature","properties":{"station_id":"353180N1192968W001","well_use":"Observation","slope_ft_per_yr":-6.237,"p_value":0.0,"trend":"decreasing","n_measurements":294,"record_years":29.7},"geometry":{"type":"Point","coordinates":[-119.29676,35.31803]}},{"type":"Feature","properties":{"station_id":"353180N1192968W002","well_use":"Observation","slope_ft_per_yr":-7.748,"p_value":0.0,"trend":"decreasing","n_measurements":291,"record_years":26.7},"geometry":{"type":"Point","coordinates":[-119.29676,35.31803]}},{"type":"Feature","properties":{"station_id":"353180N1192968W003","well_use":"Observation","slope_ft_per_yr":-8.074,"p_value":0.0,"trend":"decreasing","n_measurements":284,"record_years":26.7},"geometry":{"type":"Point","coordinates":[-119.29676,35.31803]}},{"type":"Feature","properties":{"station_id":"353180N1192968W004","well_use":"Observation","slope_ft_per_yr":-0.629,"p_value":0.0397,"trend":"decreasing","n_measurements":198,"record_years":25.3},"geometry":{"type":"Point","coordinates":[-119.29676,35.318]}},{"type":"Feature","properties":{"station_id":"353185N1193747W001","well_use":"Observation","slope_ft_per_yr":-1.164,"p_value":0.0132,"trend":"decreasing","n_measurements":146,"record_years":25.9},"geometry":{"type":"Point","coordinates":[-119.37473,35.31847]}},{"type":"Feature","properties":{"station_id":"353187N1193747W001","well_use":"Observation","slope_ft_per_yr":-1.62,"p_value":0.0,"trend":"decreasing","n_measurements":132,"record_years":31.1},"geometry":{"type":"Point","coordinates":[-119.37473,35.31847]}},{"type":"Feature","properties":{"station_id":"353189N1193441W001","well_use":"Unknown","slope_ft_per_yr":-4.267,"p_value":0.0044,"trend":"decreasing","n_measurements":34,"record_years":24.1},"geometry":{"type":"Point","coordinates":[-119.3441,35.3189]}},{"type":"Feature","properties":{"station_id":"353192N1193592W001","well_use":"Unknown","slope_ft_per_yr":-1.929,"p_value":0.1666,"trend":"no trend","n_measurements":38,"record_years":16.6},"geometry":{"type":"Point","coordinates":[-119.3592,35.3192]}},{"type":"Feature","properties":{"station_id":"353198N1190224W001","well_use":"Other","slope_ft_per_yr":-1.688,"p_value":0.0206,"trend":"decreasing","n_measurements":22,"record_years":20.8},"geometry":{"type":"Point","coordinates":[-119.0224,35.31985]}},{"type":"Feature","properties":{"station_id":"353217N1191720W001","well_use":"Unknown","slope_ft_per_yr":-2.632,"p_value":0.1779,"trend":"no trend","n_measurements":23,"record_years":18.0},"geometry":{"type":"Point","coordinates":[-119.172,35.3217]}},{"type":"Feature","properties":{"station_id":"353247N1191870W001","well_use":"Observation","slope_ft_per_yr":-7.729,"p_value":0.0,"trend":"decreasing","n_measurements":290,"record_years":31.2},"geometry":{"type":"Point","coordinates":[-119.18704,35.32471]}},{"type":"Feature","properties":{"station_id":"353253N1192651W001","well_use":"Unknown","slope_ft_per_yr":-9.976,"p_value":0.0007,"trend":"decreasing","n_measurements":30,"record_years":17.0},"geometry":{"type":"Point","coordinates":[-119.2651,35.3253]}},{"type":"Feature","properties":{"station_id":"353256N1193498W001","well_use":"Unknown","slope_ft_per_yr":-3.583,"p_value":0.0018,"trend":"decreasing","n_measurements":38,"record_years":23.0},"geometry":{"type":"Point","coordinates":[-119.3498,35.3256]}},{"type":"Feature","properties":{"station_id":"353258N1193441W001","well_use":"Unknown","slope_ft_per_yr":-3.403,"p_value":0.0012,"trend":"decreasing","n_measurements":31,"record_years":17.6},"geometry":{"type":"Point","coordinates":[-119.3441,35.3258]}},{"type":"Feature","properties":{"station_id":"353269N1188418W001","well_use":"Observation","slope_ft_per_yr":-0.582,"p_value":0.0,"trend":"decreasing","n_measurements":69,"record_years":31.0},"geometry":{"type":"Point","coordinates":[-118.8424,35.32574]}},{"type":"Feature","properties":{"station_id":"353281N1191456W001","well_use":"Unknown","slope_ft_per_yr":-4.433,"p_value":0.0094,"trend":"decreasing","n_measurements":22,"record_years":13.1},"geometry":{"type":"Point","coordinates":[-119.1456,35.3281]}},{"type":"Feature","properties":{"station_id":"353286N1190221W001","well_use":"Public Supply","slope_ft_per_yr":-1.537,"p_value":0.0,"trend":"decreasing","n_measurements":259,"record_years":29.2},"geometry":{"type":"Point","coordinates":[-119.02211,35.32859]}},{"type":"Feature","properties":{"station_id":"353286N1191545W001","well_use":"Unknown","slope_ft_per_yr":-3.365,"p_value":0.0273,"trend":"decreasing","n_measurements":24,"record_years":18.0},"geometry":{"type":"Point","coordinates":[-119.1545,35.3286]}},{"type":"Feature","properties":{"station_id":"353286N1191637W001","well_use":"Unknown","slope_ft_per_yr":-3.323,"p_value":0.0572,"trend":"no trend","n_measurements":23,"record_years":19.0},"geometry":{"type":"Point","coordinates":[-119.1637,35.3286]}},{"type":"Feature","properties":{"station_id":"353319N1193623W001","well_use":"Irrigation","slope_ft_per_yr":-3.68,"p_value":0.0065,"trend":"decreasing","n_measurements":31,"record_years":19.1},"geometry":{"type":"Point","coordinates":[-119.3623,35.3319]}},{"type":"Feature","properties":{"station_id":"353322N1192612W001","well_use":"Unknown","slope_ft_per_yr":-8.367,"p_value":0.0063,"trend":"decreasing","n_measurements":30,"record_years":18.6},"geometry":{"type":"Point","coordinates":[-119.2612,35.3322]}},{"type":"Feature","properties":{"station_id":"353325N1190016W001","well_use":"Public Supply","slope_ft_per_yr":-1.846,"p_value":0.0,"trend":"decreasing","n_measurements":168,"record_years":25.5},"geometry":{"type":"Point","coordinates":[-119.00157,35.33251]}},{"type":"Feature","properties":{"station_id":"353328N1189409W001","well_use":"Public Supply","slope_ft_per_yr":-1.327,"p_value":0.0,"trend":"decreasing","n_measurements":95,"record_years":31.1},"geometry":{"type":"Point","coordinates":[-118.94313,35.33418]}},{"type":"Feature","properties":{"station_id":"353375N1192410W001","well_use":"Unknown","slope_ft_per_yr":-14.214,"p_value":0.0001,"trend":"decreasing","n_measurements":25,"record_years":10.7},"geometry":{"type":"Point","coordinates":[-119.241,35.3375]}},{"type":"Feature","properties":{"station_id":"353383N1191453W001","well_use":"Unknown","slope_ft_per_yr":-2.825,"p_value":0.0031,"trend":"decreasing","n_measurements":26,"record_years":16.9},"geometry":{"type":"Point","coordinates":[-119.1453,35.3383]}},{"type":"Feature","properties":{"station_id":"353383N1191628W001","well_use":"Unknown","slope_ft_per_yr":-11.951,"p_value":0.0027,"trend":"decreasing","n_measurements":24,"record_years":17.0},"geometry":{"type":"Point","coordinates":[-119.1628,35.3383]}},{"type":"Feature","properties":{"station_id":"353391N1189921W001","well_use":"Other","slope_ft_per_yr":-3.396,"p_value":0.0,"trend":"decreasing","n_measurements":30,"record_years":23.0},"geometry":{"type":"Point","coordinates":[-118.99218,35.33918]}},{"type":"Feature","properties":{"station_id":"353397N1192638W001","well_use":"Unknown","slope_ft_per_yr":-6.446,"p_value":0.0258,"trend":"decreasing","n_measurements":35,"record_years":18.7},"geometry":{"type":"Point","coordinates":[-119.2638,35.3397]}},{"type":"Feature","properties":{"station_id":"353397N1192724W001","well_use":"Unknown","slope_ft_per_yr":-8.755,"p_value":0.0013,"trend":"decreasing","n_measurements":37,"record_years":19.1},"geometry":{"type":"Point","coordinates":[-119.2724,35.3397]}},{"type":"Feature","properties":{"station_id":"353433N1191901W001","well_use":"Unknown","slope_ft_per_yr":-4.115,"p_value":0.0673,"trend":"no trend","n_measurements":26,"record_years":18.0},"geometry":{"type":"Point","coordinates":[-119.1901,35.3433]}},{"type":"Feature","properties":{"station_id":"353433N1192745W001","well_use":"Unknown","slope_ft_per_yr":-7.72,"p_value":0.0059,"trend":"decreasing","n_measurements":26,"record_years":19.0},"geometry":{"type":"Point","coordinates":[-119.2745,35.3433]}},{"type":"Feature","properties":{"station_id":"353466N1192821W001","well_use":"Unknown","slope_ft_per_yr":-7.923,"p_value":0.0007,"trend":"decreasing","n_measurements":29,"record_years":17.6},"geometry":{"type":"Point","coordinates":[-119.2821,35.3466]}},{"type":"Feature","properties":{"station_id":"353480N1192730W001","well_use":"Unknown","slope_ft_per_yr":-9.364,"p_value":0.0,"trend":"decreasing","n_measurements":30,"record_years":17.0},"geometry":{"type":"Point","coordinates":[-119.273,35.348]}},{"type":"Feature","properties":{"station_id":"353489N1192357W001","well_use":"Irrigation","slope_ft_per_yr":-6.665,"p_value":0.0051,"trend":"decreasing","n_measurements":30,"record_years":20.1},"geometry":{"type":"Point","coordinates":[-119.2357,35.3489]}},{"type":"Feature","properties":{"station_id":"353508N1191723W001","well_use":"Observation","slope_ft_per_yr":-6.784,"p_value":0.0,"trend":"decreasing","n_measurements":204,"record_years":25.2},"geometry":{"type":"Point","coordinates":[-119.17189,35.35105]}},{"type":"Feature","properties":{"station_id":"353508N1191898W001","well_use":"Unknown","slope_ft_per_yr":-9.411,"p_value":0.0003,"trend":"decreasing","n_measurements":29,"record_years":19.0},"geometry":{"type":"Point","coordinates":[-119.1898,35.3508]}},{"type":"Feature","properties":{"station_id":"353508N1192078W001","well_use":"Unknown","slope_ft_per_yr":-8.306,"p_value":0.0004,"trend":"decreasing","n_measurements":34,"record_years":20.1},"geometry":{"type":"Point","coordinates":[-119.2078,35.3508]}},{"type":"Feature","properties":{"station_id":"353508N1192223W001","well_use":"Unknown","slope_ft_per_yr":-8.197,"p_value":0.0003,"trend":"decreasing","n_measurements":32,"record_years":20.1},"geometry":{"type":"Point","coordinates":[-119.2223,35.3508]}},{"type":"Feature","properties":{"station_id":"353512N1189673W001","well_use":"Irrigation","slope_ft_per_yr":-2.309,"p_value":0.0,"trend":"decreasing","n_measurements":60,"record_years":29.9},"geometry":{"type":"Point","coordinates":[-118.96633,35.35125]}},{"type":"Feature","properties":{"station_id":"353514N1193688W001","well_use":"Unknown","slope_ft_per_yr":-0.332,"p_value":0.6191,"trend":"no trend","n_measurements":37,"record_years":16.6},"geometry":{"type":"Point","coordinates":[-119.3688,35.3514]}},{"type":"Feature","properties":{"station_id":"353536N1190539W001","well_use":"Public Supply","slope_ft_per_yr":-2.041,"p_value":0.0,"trend":"decreasing","n_measurements":253,"record_years":29.2},"geometry":{"type":"Point","coordinates":[-119.05387,35.35363]}},{"type":"Feature","properties":{"station_id":"353536N1194341W001","well_use":"Observation","slope_ft_per_yr":-1.505,"p_value":0.0,"trend":"decreasing","n_measurements":132,"record_years":31.2},"geometry":{"type":"Point","coordinates":[-119.43412,35.35362]}},{"type":"Feature","properties":{"station_id":"353536N1194341W002","well_use":"Observation","slope_ft_per_yr":-2.082,"p_value":0.0,"trend":"decreasing","n_measurements":121,"record_years":25.9},"geometry":{"type":"Point","coordinates":[-119.43412,35.35362]}},{"type":"Feature","properties":{"station_id":"353539N1188990W001","well_use":"Observation","slope_ft_per_yr":-2.611,"p_value":0.0231,"trend":"decreasing","n_measurements":20,"record_years":18.1},"geometry":{"type":"Point","coordinates":[-118.899,35.3539]}},{"type":"Feature","properties":{"station_id":"353539N1191118W001","well_use":"Observation","slope_ft_per_yr":-3.182,"p_value":0.0,"trend":"decreasing","n_measurements":294,"record_years":31.1},"geometry":{"type":"Point","coordinates":[-119.10983,35.35369]}},{"type":"Feature","properties":{"station_id":"353564N1193412W001","well_use":"Irrigation","slope_ft_per_yr":-3.717,"p_value":0.0,"trend":"decreasing","n_measurements":323,"record_years":30.2},"geometry":{"type":"Point","coordinates":[-119.34122,35.35642]}},{"type":"Feature","properties":{"station_id":"353577N1188771W001","well_use":"Observation","slope_ft_per_yr":1.303,"p_value":0.0,"trend":"increasing","n_measurements":44,"record_years":30.4},"geometry":{"type":"Point","coordinates":[-118.87454,35.35629]}},{"type":"Feature","properties":{"station_id":"353618N1189334W001","well_use":"Public Supply","slope_ft_per_yr":-1.23,"p_value":0.0007,"trend":"decreasing","n_measurements":118,"record_years":15.8},"geometry":{"type":"Point","coordinates":[-118.93341,35.36181]}},{"type":"Feature","properties":{"station_id":"353618N1192169W001","well_use":"Observation","slope_ft_per_yr":-5.081,"p_value":0.0,"trend":"decreasing","n_measurements":351,"record_years":30.2},"geometry":{"type":"Point","coordinates":[-119.21706,35.36172]}},{"type":"Feature","properties":{"station_id":"353618N1192169W002","well_use":"Observation","slope_ft_per_yr":-6.249,"p_value":0.0,"trend":"decreasing","n_measurements":326,"record_years":25.8},"geometry":{"type":"Point","coordinates":[-119.21706,35.36172]}},{"type":"Feature","properties":{"station_id":"353619N1193099W001","well_use":"Residential","slope_ft_per_yr":-4.507,"p_value":0.0,"trend":"decreasing","n_measurements":333,"record_years":30.2},"geometry":{"type":"Point","coordinates":[-119.30795,35.36258]}},{"type":"Feature","properties":{"station_id":"353620N1191457W001","well_use":"Observation","slope_ft_per_yr":-4.427,"p_value":0.0,"trend":"decreasing","n_measurements":332,"record_years":25.8},"geometry":{"type":"Point","coordinates":[-119.14704,35.36585]}},{"type":"Feature","properties":{"station_id":"353620N1191457W002","well_use":"Observation","slope_ft_per_yr":-4.264,"p_value":0.0,"trend":"decreasing","n_measurements":356,"record_years":30.2},"geometry":{"type":"Point","coordinates":[-119.14704,35.36585]}},{"type":"Feature","properties":{"station_id":"353634N1191766W001","well_use":"Public Supply","slope_ft_per_yr":-5.018,"p_value":0.0,"trend":"decreasing","n_measurements":328,"record_years":30.2},"geometry":{"type":"Point","coordinates":[-119.17655,35.36336]}},{"type":"Feature","properties":{"station_id":"353653N1193056W001","well_use":"Unknown","slope_ft_per_yr":-2.199,"p_value":0.2034,"trend":"no trend","n_measurements":27,"record_years":18.8},"geometry":{"type":"Point","coordinates":[-119.3056,35.3653]}},{"type":"Feature","properties":{"station_id":"353663N1193859W001","well_use":"Irrigation","slope_ft_per_yr":-3.511,"p_value":0.0,"trend":"decreasing","n_measurements":292,"record_years":26.9},"geometry":{"type":"Point","coordinates":[-119.38591,35.36631]}},{"type":"Feature","properties":{"station_id":"353681N1190101W001","well_use":"Public Supply","slope_ft_per_yr":-1.86,"p_value":0.0,"trend":"decreasing","n_measurements":208,"record_years":28.4},"geometry":{"type":"Point","coordinates":[-119.01015,35.36813]}},{"type":"Feature","properties":{"station_id":"353693N1192870W001","well_use":"Observation","slope_ft_per_yr":-5.35,"p_value":0.0,"trend":"decreasing","n_measurements":310,"record_years":25.8},"geometry":{"type":"Point","coordinates":[-119.28563,35.3693]}},{"type":"Feature","properties":{"station_id":"353699N1192856W002","well_use":"Observation","slope_ft_per_yr":-4.392,"p_value":0.0,"trend":"decreasing","n_measurements":350,"record_years":30.2},"geometry":{"type":"Point","coordinates":[-119.28563,35.3693]}},{"type":"Feature","properties":{"station_id":"353736N1191540W001","well_use":"Residential","slope_ft_per_yr":-4.249,"p_value":0.0,"trend":"decreasing","n_measurements":65,"record_years":22.7},"geometry":{"type":"Point","coordinates":[-119.15421,35.37345]}},{"type":"Feature","properties":{"station_id":"353760N1192498W001","well_use":"Observation","slope_ft_per_yr":-5.495,"p_value":0.0,"trend":"decreasing","n_measurements":329,"record_years":25.8},"geometry":{"type":"Point","coordinates":[-119.25172,35.37443]}},{"type":"Feature","properties":{"station_id":"353760N1192498W002","well_use":"Observation","slope_ft_per_yr":-3.788,"p_value":0.0,"trend":"decreasing","n_measurements":354,"record_years":30.2},"geometry":{"type":"Point","coordinates":[-119.25172,35.37443]}},{"type":"Feature","properties":{"station_id":"353767N1193415W001","well_use":"Irrigation","slope_ft_per_yr":-4.081,"p_value":0.0,"trend":"decreasing","n_measurements":27,"record_years":30.7},"geometry":{"type":"Point","coordinates":[-119.34131,35.37683]}},{"type":"Feature","properties":{"station_id":"353783N1192266W001","well_use":"Unknown","slope_ft_per_yr":-3.275,"p_value":0.0004,"trend":"decreasing","n_measurements":36,"record_years":24.4},"geometry":{"type":"Point","coordinates":[-119.2266,35.3783]}},{"type":"Feature","properties":{"station_id":"353800N1192876W001","well_use":"Irrigation","slope_ft_per_yr":-4.373,"p_value":0.0,"trend":"decreasing","n_measurements":45,"record_years":28.7},"geometry":{"type":"Point","coordinates":[-119.2876,35.38]}},{"type":"Feature","properties":{"station_id":"353824N1192035W001","well_use":"Residential","slope_ft_per_yr":2.512,"p_value":0.0032,"trend":"increasing","n_measurements":91,"record_years":10.2},"geometry":{"type":"Point","coordinates":[-119.20354,35.38242]}},{"type":"Feature","properties":{"station_id":"353825N1190073W001","well_use":"Other","slope_ft_per_yr":0.71,"p_value":0.0797,"trend":"no trend","n_measurements":27,"record_years":23.6},"geometry":{"type":"Point","coordinates":[-119.00738,35.38258]}},{"type":"Feature","properties":{"station_id":"353839N1193503W001","well_use":"Unknown","slope_ft_per_yr":-3.824,"p_value":0.0,"trend":"decreasing","n_measurements":46,"record_years":31.1},"geometry":{"type":"Point","coordinates":[-119.3503,35.3839]}},{"type":"Feature","properties":{"station_id":"353872N1192387W001","well_use":"Irrigation","slope_ft_per_yr":-3.248,"p_value":0.0,"trend":"decreasing","n_measurements":48,"record_years":31.1},"geometry":{"type":"Point","coordinates":[-119.23886,35.38736]}},{"type":"Feature","properties":{"station_id":"353890N1191471W001","well_use":"Other","slope_ft_per_yr":-3.654,"p_value":0.0,"trend":"decreasing","n_measurements":335,"record_years":30.2},"geometry":{"type":"Point","coordinates":[-119.14686,35.39065]}},{"type":"Feature","properties":{"station_id":"353898N1190087W001","well_use":"Public Supply","slope_ft_per_yr":-0.578,"p_value":0.0037,"trend":"decreasing","n_measurements":198,"record_years":29.2},"geometry":{"type":"Point","coordinates":[-119.00875,35.38981]}},{"type":"Feature","properties":{"station_id":"353905N1194480W001","well_use":"Observation","slope_ft_per_yr":-2.179,"p_value":0.0,"trend":"decreasing","n_measurements":135,"record_years":31.2},"geometry":{"type":"Point","coordinates":[-119.44817,35.39058]}},{"type":"Feature","properties":{"station_id":"353907N1189752W001","well_use":"Public Supply","slope_ft_per_yr":-0.501,"p_value":0.0586,"trend":"no trend","n_measurements":184,"record_years":28.4},"geometry":{"type":"Point","coordinates":[-118.97516,35.39068]}},{"type":"Feature","properties":{"station_id":"353915N1193454W001","well_use":"Irrigation","slope_ft_per_yr":-1.998,"p_value":0.0,"trend":"decreasing","n_measurements":119,"record_years":12.2},"geometry":{"type":"Point","coordinates":[-119.34535,35.39146]}},{"type":"Feature","properties":{"station_id":"353919N1193510W001","well_use":"Irrigation","slope_ft_per_yr":-2.71,"p_value":0.0,"trend":"decreasing","n_measurements":23,"record_years":29.4},"geometry":{"type":"Point","coordinates":[-119.35033,35.39211]}},{"type":"Feature","properties":{"station_id":"353922N1192042W001","well_use":"Irrigation","slope_ft_per_yr":-2.236,"p_value":0.0147,"trend":"decreasing","n_measurements":27,"record_years":20.1},"geometry":{"type":"Point","coordinates":[-119.2042,35.3922]}},{"type":"Feature","properties":{"station_id":"353941N1191043W001","well_use":"Public Supply","slope_ft_per_yr":-2.735,"p_value":0.0,"trend":"decreasing","n_measurements":202,"record_years":30.4},"geometry":{"type":"Point","coordinates":[-119.10433,35.39409]}},{"type":"Feature","properties":{"station_id":"353944N1192387W001","well_use":"Unknown","slope_ft_per_yr":-2.895,"p_value":0.0484,"trend":"decreasing","n_measurements":22,"record_years":13.4},"geometry":{"type":"Point","coordinates":[-119.2387,35.3944]}},{"type":"Feature","properties":{"station_id":"353986N1193948W001","well_use":"Other","slope_ft_per_yr":-3.743,"p_value":0.0,"trend":"decreasing","n_measurements":334,"record_years":30.2},"geometry":{"type":"Point","coordinates":[-119.39481,35.39859]}},{"type":"Feature","properties":{"station_id":"354017N1192437W001","well_use":"Irrigation","slope_ft_per_yr":-5.302,"p_value":0.0,"trend":"decreasing","n_measurements":27,"record_years":30.7},"geometry":{"type":"Point","coordinates":[-119.2437,35.4017]}},{"type":"Feature","properties":{"station_id":"354021N1195011W001","well_use":"Observation","slope_ft_per_yr":-2.142,"p_value":0.0,"trend":"decreasing","n_measurements":131,"record_years":31.2},"geometry":{"type":"Point","coordinates":[-119.5011,35.40209]}},{"type":"Feature","properties":{"station_id":"354047N1191995W001","well_use":"Irrigation","slope_ft_per_yr":-3.275,"p_value":0.0099,"trend":"decreasing","n_measurements":24,"record_years":26.7},"geometry":{"type":"Point","coordinates":[-119.19911,35.40125]}},{"type":"Feature","properties":{"station_id":"354048N1190102W001","well_use":"Observation","slope_ft_per_yr":1.133,"p_value":0.0,"trend":"increasing","n_measurements":185,"record_years":25.1},"geometry":{"type":"Point","coordinates":[-119.00925,35.40484]}},{"type":"Feature","properties":{"station_id":"354053N1191815W001","well_use":"Irrigation","slope_ft_per_yr":-4.934,"p_value":0.0,"trend":"decreasing","n_measurements":24,"record_years":26.4},"geometry":{"type":"Point","coordinates":[-119.18122,35.40539]}},{"type":"Feature","properties":{"station_id":"354067N1192170W001","well_use":"Unknown","slope_ft_per_yr":-0.3,"p_value":0.6925,"trend":"no trend","n_measurements":22,"record_years":16.0},"geometry":{"type":"Point","coordinates":[-119.217,35.4067]}},{"type":"Feature","properties":{"station_id":"354090N1193318W001","well_use":"Irrigation","slope_ft_per_yr":-3.917,"p_value":0.0,"trend":"decreasing","n_measurements":325,"record_years":29.8},"geometry":{"type":"Point","coordinates":[-119.33073,35.40809]}},{"type":"Feature","properties":{"station_id":"354121N1192623W001","well_use":"Residential","slope_ft_per_yr":-4.194,"p_value":0.0,"trend":"decreasing","n_measurements":293,"record_years":30.2},"geometry":{"type":"Point","coordinates":[-119.26234,35.41209]}},{"type":"Feature","properties":{"station_id":"354128N1193409W001","well_use":"Irrigation","slope_ft_per_yr":-3.927,"p_value":0.0,"trend":"decreasing","n_measurements":51,"record_years":31.1},"geometry":{"type":"Point","coordinates":[-119.34112,35.41271]}},{"type":"Feature","properties":{"station_id":"354131N1193590W001","well_use":"Irrigation","slope_ft_per_yr":-3.619,"p_value":0.0,"trend":"decreasing","n_measurements":53,"record_years":31.1},"geometry":{"type":"Point","coordinates":[-119.35897,35.41336]}},{"type":"Feature","properties":{"station_id":"354161N1191937W001","well_use":"Irrigation","slope_ft_per_yr":-6.157,"p_value":0.0,"trend":"decreasing","n_measurements":31,"record_years":20.4},"geometry":{"type":"Point","coordinates":[-119.1937,35.4161]}},{"type":"Feature","properties":{"station_id":"354161N1192076W001","well_use":"Irrigation","slope_ft_per_yr":-3.487,"p_value":0.0,"trend":"decreasing","n_measurements":39,"record_years":23.7},"geometry":{"type":"Point","coordinates":[-119.2076,35.4161]}},{"type":"Feature","properties":{"station_id":"354172N1192190W001","well_use":"Irrigation","slope_ft_per_yr":-4.483,"p_value":0.0,"trend":"decreasing","n_measurements":56,"record_years":28.4},"geometry":{"type":"Point","coordinates":[-119.219,35.4172]}},{"type":"Feature","properties":{"station_id":"354189N1194216W001","well_use":"Observation","slope_ft_per_yr":-2.838,"p_value":0.0,"trend":"decreasing","n_measurements":123,"record_years":30.4},"geometry":{"type":"Point","coordinates":[-119.42157,35.41889]}},{"type":"Feature","properties":{"station_id":"354189N1194216W002","well_use":"Observation","slope_ft_per_yr":-4.596,"p_value":0.0002,"trend":"decreasing","n_measurements":23,"record_years":10.9},"geometry":{"type":"Point","coordinates":[-119.42157,35.41887]}},{"type":"Feature","properties":{"station_id":"354199N1190931W001","well_use":"Residential","slope_ft_per_yr":-0.63,"p_value":0.0113,"trend":"decreasing","n_measurements":48,"record_years":27.5},"geometry":{"type":"Point","coordinates":[-119.09145,35.42197]}},{"type":"Feature","properties":{"station_id":"354203N1193942W001","well_use":"Unknown","slope_ft_per_yr":-4.069,"p_value":0.0,"trend":"decreasing","n_measurements":51,"record_years":30.4},"geometry":{"type":"Point","coordinates":[-119.3942,35.4203]}},{"type":"Feature","properties":{"station_id":"354206N1191817W001","well_use":"Irrigation","slope_ft_per_yr":-3.898,"p_value":0.0,"trend":"decreasing","n_measurements":48,"record_years":30.5},"geometry":{"type":"Point","coordinates":[-119.18174,35.4209]}},{"type":"Feature","properties":{"station_id":"354206N1193092W001","well_use":"Irrigation","slope_ft_per_yr":-4.739,"p_value":0.0,"trend":"decreasing","n_measurements":67,"record_years":30.1},"geometry":{"type":"Point","coordinates":[-119.30958,35.4203]}},{"type":"Feature","properties":{"station_id":"354208N1194038W001","well_use":"Irrigation","slope_ft_per_yr":-4.014,"p_value":0.0,"trend":"decreasing","n_measurements":51,"record_years":30.4},"geometry":{"type":"Point","coordinates":[-119.40315,35.42046]}},{"type":"Feature","properties":{"station_id":"354226N1190748W001","well_use":"Public Supply","slope_ft_per_yr":-1.232,"p_value":0.0,"trend":"decreasing","n_measurements":181,"record_years":28.4},"geometry":{"type":"Point","coordinates":[-119.07484,35.4226]}},{"type":"Feature","properties":{"station_id":"354269N1191459W001","well_use":"Unknown","slope_ft_per_yr":-2.132,"p_value":0.023,"trend":"decreasing","n_measurements":28,"record_years":18.2},"geometry":{"type":"Point","coordinates":[-119.1459,35.4269]}},{"type":"Feature","properties":{"station_id":"354272N1191998W001","well_use":"Irrigation","slope_ft_per_yr":-4.707,"p_value":0.0,"trend":"decreasing","n_measurements":47,"record_years":31.1},"geometry":{"type":"Point","coordinates":[-119.19898,35.4273]}},{"type":"Feature","properties":{"station_id":"354300N1193315W001","well_use":"Unknown","slope_ft_per_yr":-1.067,"p_value":0.0392,"trend":"decreasing","n_measurements":32,"record_years":19.0},"geometry":{"type":"Point","coordinates":[-119.3315,35.43]}},{"type":"Feature","properties":{"station_id":"354309N1192859W001","well_use":"Irrigation","slope_ft_per_yr":-4.348,"p_value":0.0,"trend":"decreasing","n_measurements":328,"record_years":29.8},"geometry":{"type":"Point","coordinates":[-119.28588,35.43092]}},{"type":"Feature","properties":{"station_id":"354342N1191631W001","well_use":"Irrigation","slope_ft_per_yr":-1.752,"p_value":0.1028,"trend":"no trend","n_measurements":21,"record_years":14.4},"geometry":{"type":"Point","coordinates":[-119.16431,35.4341]}},{"type":"Feature","properties":{"station_id":"354342N1192259W001","well_use":"Unknown","slope_ft_per_yr":0.499,"p_value":0.5422,"trend":"no trend","n_measurements":23,"record_years":15.0},"geometry":{"type":"Point","coordinates":[-119.2259,35.4342]}},{"type":"Feature","properties":{"station_id":"354344N1191337W001","well_use":"Irrigation","slope_ft_per_yr":-3.904,"p_value":0.0,"trend":"decreasing","n_measurements":62,"record_years":30.2},"geometry":{"type":"Point","coordinates":[-119.13481,35.43278]}},{"type":"Feature","properties":{"station_id":"354344N1191776W001","well_use":"Irrigation","slope_ft_per_yr":-0.395,"p_value":0.6969,"trend":"no trend","n_measurements":20,"record_years":13.4},"geometry":{"type":"Point","coordinates":[-119.1767,35.43407]}},{"type":"Feature","properties":{"station_id":"354344N1193584W001","well_use":"Irrigation","slope_ft_per_yr":-3.951,"p_value":0.0,"trend":"decreasing","n_measurements":51,"record_years":30.7},"geometry":{"type":"Point","coordinates":[-119.35874,35.43463]}},{"type":"Feature","properties":{"station_id":"354350N1193586W001","well_use":"Irrigation","slope_ft_per_yr":-5.298,"p_value":0.0,"trend":"decreasing","n_measurements":317,"record_years":29.7},"geometry":{"type":"Point","coordinates":[-119.358,35.43492]}},{"type":"Feature","properties":{"station_id":"354375N1191231W001","well_use":"Irrigation","slope_ft_per_yr":-4.547,"p_value":0.0,"trend":"decreasing","n_measurements":50,"record_years":31.1},"geometry":{"type":"Point","coordinates":[-119.12341,35.43741]}},{"type":"Feature","properties":{"station_id":"354381N1190923W001","well_use":"Unknown","slope_ft_per_yr":-1.476,"p_value":0.0002,"trend":"decreasing","n_measurements":28,"record_years":16.1},"geometry":{"type":"Point","coordinates":[-119.0923,35.4381]}},{"type":"Feature","properties":{"station_id":"354383N1193315W001","well_use":"Irrigation","slope_ft_per_yr":-5.426,"p_value":0.0,"trend":"decreasing","n_measurements":22,"record_years":14.1},"geometry":{"type":"Point","coordinates":[-119.3315,35.43835]}},{"type":"Feature","properties":{"station_id":"354386N1188035W002","well_use":"Irrigation","slope_ft_per_yr":0.762,"p_value":0.0054,"trend":"increasing","n_measurements":21,"record_years":26.0},"geometry":{"type":"Point","coordinates":[-118.80347,35.43864]}},{"type":"Feature","properties":{"station_id":"354408N1191903W001","well_use":"Unknown","slope_ft_per_yr":-2.716,"p_value":0.0049,"trend":"decreasing","n_measurements":29,"record_years":23.7},"geometry":{"type":"Point","coordinates":[-119.1903,35.4408]}},{"type":"Feature","properties":{"station_id":"354414N1191545W001","well_use":"Unknown","slope_ft_per_yr":-1.261,"p_value":0.1434,"trend":"no trend","n_measurements":28,"record_years":15.0},"geometry":{"type":"Point","coordinates":[-119.1545,35.4414]}},{"type":"Feature","properties":{"station_id":"354414N1191631W001","well_use":"Unknown","slope_ft_per_yr":-2.765,"p_value":0.0029,"trend":"decreasing","n_measurements":30,"record_years":23.1},"geometry":{"type":"Point","coordinates":[-119.1631,35.4414]}},{"type":"Feature","properties":{"station_id":"354424N1191332W001","well_use":"Irrigation","slope_ft_per_yr":-0.728,"p_value":0.3828,"trend":"no trend","n_measurements":28,"record_years":15.0},"geometry":{"type":"Point","coordinates":[-119.13318,35.44241]}},{"type":"Feature","properties":{"station_id":"354483N1191098W001","well_use":"Unknown","slope_ft_per_yr":-1.964,"p_value":0.0074,"trend":"decreasing","n_measurements":32,"record_years":16.7},"geometry":{"type":"Point","coordinates":[-119.1098,35.4483]}},{"type":"Feature","properties":{"station_id":"354494N1192096W001","well_use":"Irrigation","slope_ft_per_yr":-4.137,"p_value":0.0,"trend":"decreasing","n_measurements":43,"record_years":27.0},"geometry":{"type":"Point","coordinates":[-119.2096,35.4494]}},{"type":"Feature","properties":{"station_id":"354497N1191818W001","well_use":"Irrigation","slope_ft_per_yr":-2.234,"p_value":0.003,"trend":"decreasing","n_measurements":34,"record_years":19.0},"geometry":{"type":"Point","coordinates":[-119.1818,35.4497]}},{"type":"Feature","properties":{"station_id":"354497N1192293W001","well_use":"Irrigation","slope_ft_per_yr":-1.662,"p_value":0.0662,"trend":"no trend","n_measurements":27,"record_years":28.7},"geometry":{"type":"Point","coordinates":[-119.22594,35.44876]}},{"type":"Feature","properties":{"station_id":"354515N1192834W001","well_use":"Irrigation","slope_ft_per_yr":-3.945,"p_value":0.0001,"trend":"decreasing","n_measurements":28,"record_years":24.7},"geometry":{"type":"Point","coordinates":[-119.2834,35.4515]}},{"type":"Feature","properties":{"station_id":"354527N1195347W001","well_use":"Observation","slope_ft_per_yr":-1.743,"p_value":0.0,"trend":"decreasing","n_measurements":131,"record_years":31.1},"geometry":{"type":"Point","coordinates":[-119.5346,35.45265]}},{"type":"Feature","properties":{"station_id":"354556N1190878W001","well_use":"Unknown","slope_ft_per_yr":-1.608,"p_value":0.0,"trend":"decreasing","n_measurements":45,"record_years":16.7},"geometry":{"type":"Point","coordinates":[-119.0878,35.4556]}},{"type":"Feature","properties":{"station_id":"354561N1192256W001","well_use":"Irrigation","slope_ft_per_yr":-2.341,"p_value":0.0004,"trend":"decreasing","n_measurements":35,"record_years":20.1},"geometry":{"type":"Point","coordinates":[-119.2256,35.4561]}},{"type":"Feature","properties":{"station_id":"354564N1190766W001","well_use":"Unknown","slope_ft_per_yr":0.0,"p_value":0.8112,"trend":"no trend","n_measurements":23,"record_years":12.7},"geometry":{"type":"Point","coordinates":[-119.0766,35.4564]}},{"type":"Feature","properties":{"station_id":"354567N1193453W001","well_use":"Unknown","slope_ft_per_yr":-2.138,"p_value":0.0172,"trend":"decreasing","n_measurements":26,"record_years":23.0},"geometry":{"type":"Point","coordinates":[-119.3453,35.4567]}},{"type":"Feature","properties":{"station_id":"354597N1192790W001","well_use":"Unknown","slope_ft_per_yr":-1.409,"p_value":0.0567,"trend":"no trend","n_measurements":23,"record_years":19.1},"geometry":{"type":"Point","coordinates":[-119.279,35.4597]}},{"type":"Feature","properties":{"station_id":"354605N1191913W001","well_use":"Irrigation","slope_ft_per_yr":-1.433,"p_value":0.0476,"trend":"decreasing","n_measurements":30,"record_years":18.8},"geometry":{"type":"Point","coordinates":[-119.1913,35.4605]}},{"type":"Feature","properties":{"station_id":"354635N1190659W001","well_use":"Irrigation","slope_ft_per_yr":-3.876,"p_value":0.0011,"trend":"decreasing","n_measurements":27,"record_years":13.5},"geometry":{"type":"Point","coordinates":[-119.1165,35.77652]}},{"type":"Feature","properties":{"station_id":"354641N1192085W001","well_use":"Unknown","slope_ft_per_yr":0.572,"p_value":0.4628,"trend":"no trend","n_measurements":22,"record_years":14.1},"geometry":{"type":"Point","coordinates":[-119.2085,35.4641]}},{"type":"Feature","properties":{"station_id":"354641N1192382W001","well_use":"Irrigation","slope_ft_per_yr":-4.026,"p_value":0.0,"trend":"decreasing","n_measurements":50,"record_years":31.1},"geometry":{"type":"Point","coordinates":[-119.2346,35.46331]}},{"type":"Feature","properties":{"station_id":"354703N1192517W001","well_use":"Unknown","slope_ft_per_yr":-1.102,"p_value":0.1385,"trend":"no trend","n_measurements":23,"record_years":19.1},"geometry":{"type":"Point","coordinates":[-119.2517,35.4703]}},{"type":"Feature","properties":{"station_id":"354705N1192792W001","well_use":"Residential","slope_ft_per_yr":-2.41,"p_value":0.0914,"trend":"no trend","n_measurements":20,"record_years":10.2},"geometry":{"type":"Point","coordinates":[-119.27918,35.47046]}},{"type":"Feature","properties":{"station_id":"354714N1192174W001","well_use":"Irrigation","slope_ft_per_yr":-4.026,"p_value":0.0,"trend":"decreasing","n_measurements":51,"record_years":31.0},"geometry":{"type":"Point","coordinates":[-119.2174,35.4714]}},{"type":"Feature","properties":{"station_id":"354716N1192082W001","well_use":"Irrigation","slope_ft_per_yr":-0.719,"p_value":0.2419,"trend":"no trend","n_measurements":25,"record_years":19.1},"geometry":{"type":"Point","coordinates":[-119.2082,35.4716]}},{"type":"Feature","properties":{"station_id":"354769N1192476W001","well_use":"Unknown","slope_ft_per_yr":-1.103,"p_value":0.0707,"trend":"no trend","n_measurements":23,"record_years":19.1},"geometry":{"type":"Point","coordinates":[-119.2476,35.4769]}},{"type":"Feature","properties":{"station_id":"354780N1191721W001","well_use":"Observation","slope_ft_per_yr":-1.875,"p_value":0.0006,"trend":"decreasing","n_measurements":49,"record_years":31.1},"geometry":{"type":"Point","coordinates":[-119.17171,35.47793]}},{"type":"Feature","properties":{"station_id":"354780N1191721W002","well_use":"Observation","slope_ft_per_yr":-5.613,"p_value":0.0,"trend":"decreasing","n_measurements":45,"record_years":28.2},"geometry":{"type":"Point","coordinates":[-119.17171,35.47793]}},{"type":"Feature","properties":{"station_id":"354780N1191721W003","well_use":"Observation","slope_ft_per_yr":-5.609,"p_value":0.0,"trend":"decreasing","n_measurements":43,"record_years":28.2},"geometry":{"type":"Point","coordinates":[-119.17171,35.47793]}},{"type":"Feature","properties":{"station_id":"354783N1192695W001","well_use":"Irrigation","slope_ft_per_yr":-3.009,"p_value":0.0,"trend":"decreasing","n_measurements":39,"record_years":25.0},"geometry":{"type":"Point","coordinates":[-119.2695,35.4783]}},{"type":"Feature","properties":{"station_id":"354786N1192080W001","well_use":"Irrigation","slope_ft_per_yr":-4.291,"p_value":0.0,"trend":"decreasing","n_measurements":52,"record_years":29.1},"geometry":{"type":"Point","coordinates":[-119.208,35.4786]}},{"type":"Feature","properties":{"station_id":"354847N1192070W001","well_use":"Unknown","slope_ft_per_yr":-2.142,"p_value":0.0317,"trend":"decreasing","n_measurements":23,"record_years":19.1},"geometry":{"type":"Point","coordinates":[-119.207,35.4847]}},{"type":"Feature","properties":{"station_id":"354854N1195648W001","well_use":"Observation","slope_ft_per_yr":-1.204,"p_value":0.0,"trend":"decreasing","n_measurements":129,"record_years":31.2},"geometry":{"type":"Point","coordinates":[-119.56483,35.48532]}},{"type":"Feature","properties":{"station_id":"354858N1192981W001","well_use":"Unknown","slope_ft_per_yr":0.809,"p_value":0.2984,"trend":"no trend","n_measurements":20,"record_years":14.1},"geometry":{"type":"Point","coordinates":[-119.2981,35.4858]}},{"type":"Feature","properties":{"station_id":"354861N1192293W001","well_use":"Irrigation","slope_ft_per_yr":-4.596,"p_value":0.0,"trend":"decreasing","n_measurements":36,"record_years":21.2},"geometry":{"type":"Point","coordinates":[-119.2293,35.4861]}},{"type":"Feature","properties":{"station_id":"354877N1192646W001","well_use":"Unknown","slope_ft_per_yr":-0.569,"p_value":0.4149,"trend":"no trend","n_measurements":21,"record_years":19.1},"geometry":{"type":"Point","coordinates":[-119.2646,35.4877]}},{"type":"Feature","properties":{"station_id":"354905N1190904W001","well_use":"Irrigation","slope_ft_per_yr":-4.756,"p_value":0.0,"trend":"decreasing","n_measurements":56,"record_years":30.9},"geometry":{"type":"Point","coordinates":[-119.09044,35.49048]}},{"type":"Feature","properties":{"station_id":"354917N1192520W001","well_use":"Unknown","slope_ft_per_yr":-0.851,"p_value":0.3866,"trend":"no trend","n_measurements":25,"record_years":19.1},"geometry":{"type":"Point","coordinates":[-119.252,35.4917]}},{"type":"Feature","properties":{"station_id":"354919N1191092W001","well_use":"Unknown","slope_ft_per_yr":-0.933,"p_value":0.1764,"trend":"no trend","n_measurements":29,"record_years":16.7},"geometry":{"type":"Point","coordinates":[-119.1092,35.4919]}},{"type":"Feature","properties":{"station_id":"354921N1191708W001","well_use":"Irrigation","slope_ft_per_yr":-6.488,"p_value":0.0,"trend":"decreasing","n_measurements":24,"record_years":20.1},"geometry":{"type":"Point","coordinates":[-119.17082,35.49214]}},{"type":"Feature","properties":{"station_id":"354922N1192151W001","well_use":"Irrigation","slope_ft_per_yr":-4.427,"p_value":0.0,"trend":"decreasing","n_measurements":48,"record_years":28.2},"geometry":{"type":"Point","coordinates":[-119.215,35.4928]}},{"type":"Feature","properties":{"station_id":"354931N1193048W001","well_use":"Unknown","slope_ft_per_yr":-0.5,"p_value":0.4271,"trend":"no trend","n_measurements":23,"record_years":19.1},"geometry":{"type":"Point","coordinates":[-119.3048,35.4931]}},{"type":"Feature","properties":{"station_id":"354989N1193234W001","well_use":"Unknown","slope_ft_per_yr":0.087,"p_value":0.8884,"trend":"no trend","n_measurements":25,"record_years":19.1},"geometry":{"type":"Point","coordinates":[-119.3234,35.4989]}},{"type":"Feature","properties":{"station_id":"354994N1192355W001","well_use":"Irrigation","slope_ft_per_yr":-4.804,"p_value":0.0,"trend":"decreasing","n_measurements":51,"record_years":30.7},"geometry":{"type":"Point","coordinates":[-119.2355,35.4994]}},{"type":"Feature","properties":{"station_id":"354994N1192556W001","well_use":"Unknown","slope_ft_per_yr":-1.861,"p_value":0.0263,"trend":"decreasing","n_measurements":23,"record_years":19.1},"geometry":{"type":"Point","coordinates":[-119.2556,35.4994]}},{"type":"Feature","properties":{"station_id":"355000N1191502W001","well_use":"Unknown","slope_ft_per_yr":-0.495,"p_value":0.6296,"trend":"no trend","n_measurements":30,"record_years":16.7},"geometry":{"type":"Point","coordinates":[-119.1502,35.5]}},{"type":"Feature","properties":{"station_id":"355002N1191368W001","well_use":"Unknown","slope_ft_per_yr":-1.25,"p_value":0.0631,"trend":"no trend","n_measurements":30,"record_years":16.7},"geometry":{"type":"Point","coordinates":[-119.1368,35.5002]}},{"type":"Feature","properties":{"station_id":"355006N1193698W001","well_use":"Unknown","slope_ft_per_yr":0.505,"p_value":0.5279,"trend":"no trend","n_measurements":25,"record_years":19.0},"geometry":{"type":"Point","coordinates":[-119.3698,35.5006]}},{"type":"Feature","properties":{"station_id":"355044N1191502W001","well_use":"Irrigation","slope_ft_per_yr":-7.804,"p_value":0.0,"trend":"decreasing","n_measurements":47,"record_years":25.0},"geometry":{"type":"Point","coordinates":[-119.14825,35.50627]}},{"type":"Feature","properties":{"station_id":"355056N1193328W001","well_use":"Unknown","slope_ft_per_yr":0.159,"p_value":0.7507,"trend":"no trend","n_measurements":23,"record_years":19.0},"geometry":{"type":"Point","coordinates":[-119.3328,35.5056]}},{"type":"Feature","properties":{"station_id":"355064N1193185W001","well_use":"Unknown","slope_ft_per_yr":-0.241,"p_value":0.6543,"trend":"no trend","n_measurements":24,"record_years":19.1},"geometry":{"type":"Point","coordinates":[-119.3185,35.5064]}},{"type":"Feature","properties":{"station_id":"355067N1191170W001","well_use":"Unknown","slope_ft_per_yr":1.289,"p_value":0.0474,"trend":"increasing","n_measurements":23,"record_years":16.0},"geometry":{"type":"Point","coordinates":[-119.117,35.5067]}},{"type":"Feature","properties":{"station_id":"355069N1193224W001","well_use":"Unknown","slope_ft_per_yr":-0.479,"p_value":0.4832,"trend":"no trend","n_measurements":25,"record_years":19.1},"geometry":{"type":"Point","coordinates":[-119.3224,35.5069]}},{"type":"Feature","properties":{"station_id":"355080N1192777W001","well_use":"Residential","slope_ft_per_yr":-1.58,"p_value":0.0023,"trend":"decreasing","n_measurements":23,"record_years":10.2},"geometry":{"type":"Point","coordinates":[-119.27766,35.508]}},{"type":"Feature","properties":{"station_id":"355083N1193635W001","well_use":"Unknown","slope_ft_per_yr":0.499,"p_value":0.5589,"trend":"no trend","n_measurements":25,"record_years":17.0},"geometry":{"type":"Point","coordinates":[-119.3635,35.5083]}},{"type":"Feature","properties":{"station_id":"355097N1191087W001","well_use":"Unknown","slope_ft_per_yr":-1.274,"p_value":0.0178,"trend":"decreasing","n_measurements":32,"record_years":16.7},"geometry":{"type":"Point","coordinates":[-119.1087,35.5097]}},{"type":"Feature","properties":{"station_id":"355133N1192782W001","well_use":"Unknown","slope_ft_per_yr":-1.615,"p_value":0.0601,"trend":"no trend","n_measurements":23,"record_years":19.1},"geometry":{"type":"Point","coordinates":[-119.2782,35.5133]}},{"type":"Feature","properties":{"station_id":"355137N1195985W001","well_use":"Observation","slope_ft_per_yr":-0.894,"p_value":0.0,"trend":"decreasing","n_measurements":131,"record_years":31.2},"geometry":{"type":"Point","coordinates":[-119.59844,35.51369]}},{"type":"Feature","properties":{"station_id":"355138N1191348W001","well_use":"Irrigation","slope_ft_per_yr":-5.891,"p_value":0.0,"trend":"decreasing","n_measurements":60,"record_years":30.9},"geometry":{"type":"Point","coordinates":[-119.13479,35.51376]}},{"type":"Feature","properties":{"station_id":"355139N1191565W001","well_use":"Unknown","slope_ft_per_yr":1.303,"p_value":0.0271,"trend":"increasing","n_measurements":24,"record_years":12.0},"geometry":{"type":"Point","coordinates":[-119.1565,35.5139]}},{"type":"Feature","properties":{"station_id":"355150N1194749W001","well_use":"Unknown","slope_ft_per_yr":5.65,"p_value":0.0021,"trend":"increasing","n_measurements":20,"record_years":18.1},"geometry":{"type":"Point","coordinates":[-119.4749,35.515]}},{"type":"Feature","properties":{"station_id":"355152N1193602W001","well_use":"Irrigation","slope_ft_per_yr":-4.075,"p_value":0.0,"trend":"decreasing","n_measurements":51,"record_years":31.1},"geometry":{"type":"Point","coordinates":[-119.3,35.51501]}},{"type":"Feature","properties":{"station_id":"355158N1193681W001","well_use":"Unknown","slope_ft_per_yr":0.656,"p_value":0.44,"trend":"no trend","n_measurements":25,"record_years":19.0},"geometry":{"type":"Point","coordinates":[-119.3681,35.5158]}},{"type":"Feature","properties":{"station_id":"355178N1192598W001","well_use":"Unknown","slope_ft_per_yr":-1.191,"p_value":0.2237,"trend":"no trend","n_measurements":25,"record_years":19.0},"geometry":{"type":"Point","coordinates":[-119.2598,35.5178]}},{"type":"Feature","properties":{"station_id":"355186N1193430W001","well_use":"Unknown","slope_ft_per_yr":-0.299,"p_value":0.6751,"trend":"no trend","n_measurements":26,"record_years":19.0},"geometry":{"type":"Point","coordinates":[-119.343,35.5186]}},{"type":"Feature","properties":{"station_id":"355205N1195821W001","well_use":"Observation","slope_ft_per_yr":-1.957,"p_value":0.0,"trend":"decreasing","n_measurements":73,"record_years":30.3},"geometry":{"type":"Point","coordinates":[-119.58212,35.52051]}},{"type":"Feature","properties":{"station_id":"355211N1191431W001","well_use":"Unknown","slope_ft_per_yr":-2.741,"p_value":0.0004,"trend":"decreasing","n_measurements":24,"record_years":13.7},"geometry":{"type":"Point","coordinates":[-119.1431,35.5211]}},{"type":"Feature","properties":{"station_id":"355214N1192606W001","well_use":"Unknown","slope_ft_per_yr":-1.974,"p_value":0.0245,"trend":"decreasing","n_measurements":23,"record_years":19.0},"geometry":{"type":"Point","coordinates":[-119.2606,35.5214]}},{"type":"Feature","properties":{"station_id":"355217N1194927W001","well_use":"Irrigation","slope_ft_per_yr":-2.443,"p_value":0.0001,"trend":"decreasing","n_measurements":49,"record_years":30.1},"geometry":{"type":"Point","coordinates":[-119.49278,35.52253]}},{"type":"Feature","properties":{"station_id":"355219N1193943W001","well_use":"Observation","slope_ft_per_yr":-4.581,"p_value":0.0,"trend":"decreasing","n_measurements":53,"record_years":30.4},"geometry":{"type":"Point","coordinates":[-119.39431,35.52194]}},{"type":"Feature","properties":{"station_id":"355219N1194829W001","well_use":"Irrigation","slope_ft_per_yr":-3.672,"p_value":0.0,"trend":"decreasing","n_measurements":47,"record_years":30.4},"geometry":{"type":"Point","coordinates":[-119.48344,35.52214]}},{"type":"Feature","properties":{"station_id":"355233N1193132W001","well_use":"Unknown","slope_ft_per_yr":-0.6,"p_value":0.3427,"trend":"no trend","n_measurements":26,"record_years":19.0},"geometry":{"type":"Point","coordinates":[-119.3132,35.5233]}},{"type":"Feature","properties":{"station_id":"355274N1191100W001","well_use":"Irrigation","slope_ft_per_yr":-5.671,"p_value":0.0,"trend":"decreasing","n_measurements":54,"record_years":31.0},"geometry":{"type":"Point","coordinates":[-119.10892,35.52774]}},{"type":"Feature","properties":{"station_id":"355283N1193960W001","well_use":"Irrigation","slope_ft_per_yr":-4.665,"p_value":0.0,"trend":"decreasing","n_measurements":42,"record_years":31.1},"geometry":{"type":"Point","coordinates":[-119.39441,35.52862]}},{"type":"Feature","properties":{"station_id":"355291N1191991W001","well_use":"Unknown","slope_ft_per_yr":0.249,"p_value":0.6965,"trend":"no trend","n_measurements":20,"record_years":11.7},"geometry":{"type":"Point","coordinates":[-119.1991,35.5291]}},{"type":"Feature","properties":{"station_id":"355294N1191609W001","well_use":"Unknown","slope_ft_per_yr":-0.197,"p_value":0.7613,"trend":"no trend","n_measurements":25,"record_years":15.0},"geometry":{"type":"Point","coordinates":[-119.1609,35.5294]}},{"type":"Feature","properties":{"station_id":"355325N1194927W001","well_use":"Unknown","slope_ft_per_yr":-4.216,"p_value":0.0001,"trend":"decreasing","n_measurements":39,"record_years":22.2},"geometry":{"type":"Point","coordinates":[-119.4927,35.5325]}},{"type":"Feature","properties":{"station_id":"355328N1194818W001","well_use":"Irrigation","slope_ft_per_yr":-4.855,"p_value":0.0,"trend":"decreasing","n_measurements":22,"record_years":24.3},"geometry":{"type":"Point","coordinates":[-119.48381,35.53236]}},{"type":"Feature","properties":{"station_id":"355358N1193498W001","well_use":"Unknown","slope_ft_per_yr":-4.797,"p_value":0.0,"trend":"decreasing","n_measurements":36,"record_years":20.7},"geometry":{"type":"Point","coordinates":[-119.3498,35.5358]}},{"type":"Feature","properties":{"station_id":"355361N1192248W001","well_use":"Unknown","slope_ft_per_yr":-4.599,"p_value":0.0005,"trend":"decreasing","n_measurements":30,"record_years":15.7},"geometry":{"type":"Point","coordinates":[-119.2248,35.5361]}},{"type":"Feature","properties":{"station_id":"355364N1192330W001","well_use":"Irrigation","slope_ft_per_yr":-5.738,"p_value":0.0,"trend":"decreasing","n_measurements":29,"record_years":17.9},"geometry":{"type":"Point","coordinates":[-119.23301,35.53641]}},{"type":"Feature","properties":{"station_id":"355367N1191606W001","well_use":"Irrigation","slope_ft_per_yr":-0.466,"p_value":0.5529,"trend":"no trend","n_measurements":34,"record_years":16.9},"geometry":{"type":"Point","coordinates":[-119.1606,35.5367]}},{"type":"Feature","properties":{"station_id":"355369N1192773W001","well_use":"Unknown","slope_ft_per_yr":-1.3,"p_value":0.0868,"trend":"no trend","n_measurements":24,"record_years":19.0},"geometry":{"type":"Point","coordinates":[-119.2773,35.5369]}},{"type":"Feature","properties":{"station_id":"355397N1194384W001","well_use":"Unknown","slope_ft_per_yr":-4.337,"p_value":0.0,"trend":"decreasing","n_measurements":42,"record_years":26.0},"geometry":{"type":"Point","coordinates":[-119.4384,35.5397]}},{"type":"Feature","properties":{"station_id":"355400N1191181W001","well_use":"Unknown","slope_ft_per_yr":-0.733,"p_value":0.2177,"trend":"no trend","n_measurements":30,"record_years":16.7},"geometry":{"type":"Point","coordinates":[-119.1181,35.54]}},{"type":"Feature","properties":{"station_id":"355406N1193767W001","well_use":"Irrigation","slope_ft_per_yr":-4.139,"p_value":0.0,"trend":"decreasing","n_measurements":43,"record_years":31.0},"geometry":{"type":"Point","coordinates":[-119.37656,35.53941]}},{"type":"Feature","properties":{"station_id":"355408N1193856W001","well_use":"Irrigation","slope_ft_per_yr":-4.193,"p_value":0.0,"trend":"decreasing","n_measurements":47,"record_years":31.0},"geometry":{"type":"Point","coordinates":[-119.38556,35.54046]}},{"type":"Feature","properties":{"station_id":"355423N1195825W001","well_use":"Observation","slope_ft_per_yr":-2.686,"p_value":0.0,"trend":"decreasing","n_measurements":27,"record_years":10.9},"geometry":{"type":"Point","coordinates":[-119.58254,35.54234]}},{"type":"Feature","properties":{"station_id":"355433N1192512W001","well_use":"Irrigation","slope_ft_per_yr":-2.259,"p_value":0.0046,"trend":"decreasing","n_measurements":33,"record_years":18.1},"geometry":{"type":"Point","coordinates":[-119.2512,35.5433]}},{"type":"Feature","properties":{"station_id":"355433N1192601W001","well_use":"Unknown","slope_ft_per_yr":0.905,"p_value":0.4807,"trend":"no trend","n_measurements":22,"record_years":11.9},"geometry":{"type":"Point","coordinates":[-119.2601,35.5433]}},{"type":"Feature","properties":{"station_id":"355436N1192156W001","well_use":"Irrigation","slope_ft_per_yr":-5.997,"p_value":0.0,"trend":"decreasing","n_measurements":58,"record_years":31.1},"geometry":{"type":"Point","coordinates":[-119.21639,35.54369]}},{"type":"Feature","properties":{"station_id":"355436N1194212W001","well_use":"Irrigation","slope_ft_per_yr":-3.941,"p_value":0.0,"trend":"decreasing","n_measurements":49,"record_years":31.0},"geometry":{"type":"Point","coordinates":[-119.421,35.54356]}},{"type":"Feature","properties":{"station_id":"355458N1193501W001","well_use":"Unknown","slope_ft_per_yr":-3.153,"p_value":0.0015,"trend":"decreasing","n_measurements":33,"record_years":26.0},"geometry":{"type":"Point","coordinates":[-119.3501,35.5458]}},{"type":"Feature","properties":{"station_id":"355481N1191198W001","well_use":"Unknown","slope_ft_per_yr":1.222,"p_value":0.0248,"trend":"increasing","n_measurements":21,"record_years":11.9},"geometry":{"type":"Point","coordinates":[-119.1198,35.5481]}},{"type":"Feature","properties":{"station_id":"355506N1195271W001","well_use":"Observation","slope_ft_per_yr":-3.843,"p_value":0.0,"trend":"decreasing","n_measurements":71,"record_years":30.5},"geometry":{"type":"Point","coordinates":[-119.52714,35.55064]}},{"type":"Feature","properties":{"station_id":"355508N1192245W001","well_use":"Irrigation","slope_ft_per_yr":-2.898,"p_value":0.0002,"trend":"decreasing","n_measurements":38,"record_years":18.9},"geometry":{"type":"Point","coordinates":[-119.2245,35.5508]}},{"type":"Feature","properties":{"station_id":"355519N1192867W001","well_use":"Unknown","slope_ft_per_yr":-1.198,"p_value":0.1225,"trend":"no trend","n_measurements":26,"record_years":19.0},"geometry":{"type":"Point","coordinates":[-119.2867,35.5519]}},{"type":"Feature","properties":{"station_id":"355522N1190995W001","well_use":"Irrigation","slope_ft_per_yr":-0.758,"p_value":0.0637,"trend":"no trend","n_measurements":73,"record_years":31.0},"geometry":{"type":"Point","coordinates":[-119.0995,35.5522]}},{"type":"Feature","properties":{"station_id":"355525N1192953W001","well_use":"Unknown","slope_ft_per_yr":-1.035,"p_value":0.1782,"trend":"no trend","n_measurements":26,"record_years":19.0},"geometry":{"type":"Point","coordinates":[-119.2953,35.5525]}},{"type":"Feature","properties":{"station_id":"355550N1191162W001","well_use":"Unknown","slope_ft_per_yr":-3.754,"p_value":0.0018,"trend":"decreasing","n_measurements":28,"record_years":16.7},"geometry":{"type":"Point","coordinates":[-119.1162,35.555]}},{"type":"Feature","properties":{"station_id":"355575N1193856W001","well_use":"Unknown","slope_ft_per_yr":-4.532,"p_value":0.0,"trend":"decreasing","n_measurements":39,"record_years":28.2},"geometry":{"type":"Point","coordinates":[-119.3856,35.5575]}},{"type":"Feature","properties":{"station_id":"355581N1192184W001","well_use":"Unknown","slope_ft_per_yr":-2.243,"p_value":0.0234,"trend":"decreasing","n_measurements":21,"record_years":11.3},"geometry":{"type":"Point","coordinates":[-119.2184,35.5581]}},{"type":"Feature","properties":{"station_id":"355581N1192598W001","well_use":"Unknown","slope_ft_per_yr":2.6,"p_value":0.0193,"trend":"increasing","n_measurements":20,"record_years":13.0},"geometry":{"type":"Point","coordinates":[-119.2598,35.5581]}},{"type":"Feature","properties":{"station_id":"355581N1194470W001","well_use":"Unknown","slope_ft_per_yr":-2.443,"p_value":0.0651,"trend":"no trend","n_measurements":33,"record_years":22.4},"geometry":{"type":"Point","coordinates":[-119.447,35.5581]}},{"type":"Feature","properties":{"station_id":"355586N1193545W001","well_use":"Irrigation","slope_ft_per_yr":0.273,"p_value":0.0,"trend":"increasing","n_measurements":59,"record_years":31.0},"geometry":{"type":"Point","coordinates":[-119.35426,35.55859]}},{"type":"Feature","properties":{"station_id":"355644N1193459W001","well_use":"Unknown","slope_ft_per_yr":-1.615,"p_value":0.2537,"trend":"no trend","n_measurements":24,"record_years":19.0},"geometry":{"type":"Point","coordinates":[-119.3459,35.5644]}},{"type":"Feature","properties":{"station_id":"355647N1192831W001","well_use":"Irrigation","slope_ft_per_yr":-1.282,"p_value":0.1248,"trend":"no trend","n_measurements":30,"record_years":16.9},"geometry":{"type":"Point","coordinates":[-119.2831,35.5647]}},{"type":"Feature","properties":{"station_id":"355656N1192070W001","well_use":"Unknown","slope_ft_per_yr":-0.929,"p_value":0.4525,"trend":"no trend","n_measurements":28,"record_years":22.7},"geometry":{"type":"Point","coordinates":[-119.207,35.5656]}},{"type":"Feature","properties":{"station_id":"355656N1192601W001","well_use":"Unknown","slope_ft_per_yr":0.08,"p_value":0.86,"trend":"no trend","n_measurements":26,"record_years":13.6},"geometry":{"type":"Point","coordinates":[-119.2601,35.5656]}},{"type":"Feature","properties":{"station_id":"355658N1191778W001","well_use":"Irrigation","slope_ft_per_yr":-1.737,"p_value":0.0239,"trend":"decreasing","n_measurements":73,"record_years":31.0},"geometry":{"type":"Point","coordinates":[-119.18061,35.56591]}},{"type":"Feature","properties":{"station_id":"355687N1195623W001","well_use":"Observation","slope_ft_per_yr":-3.176,"p_value":0.0,"trend":"decreasing","n_measurements":76,"record_years":30.5},"geometry":{"type":"Point","coordinates":[-119.56233,35.5687]}},{"type":"Feature","properties":{"station_id":"355697N1191906W001","well_use":"Irrigation","slope_ft_per_yr":-6.538,"p_value":0.0,"trend":"decreasing","n_measurements":44,"record_years":27.0},"geometry":{"type":"Point","coordinates":[-119.18795,35.57032]}},{"type":"Feature","properties":{"station_id":"355697N1193217W001","well_use":"Unknown","slope_ft_per_yr":-1.874,"p_value":0.1462,"trend":"no trend","n_measurements":23,"record_years":19.0},"geometry":{"type":"Point","coordinates":[-119.3217,35.5697]}},{"type":"Feature","properties":{"station_id":"355716N1195808W001","well_use":"Observation","slope_ft_per_yr":-0.552,"p_value":0.4067,"trend":"no trend","n_measurements":38,"record_years":14.5},"geometry":{"type":"Point","coordinates":[-119.58081,35.57164]}},{"type":"Feature","properties":{"station_id":"355725N1194384W001","well_use":"Irrigation","slope_ft_per_yr":-5.699,"p_value":0.0,"trend":"decreasing","n_measurements":45,"record_years":31.1},"geometry":{"type":"Point","coordinates":[-119.4384,35.5725]}},{"type":"Feature","properties":{"station_id":"355733N1191553W001","well_use":"Unknown","slope_ft_per_yr":0.969,"p_value":0.1431,"trend":"no trend","n_measurements":30,"record_years":16.7},"geometry":{"type":"Point","coordinates":[-119.1553,35.5733]}},{"type":"Feature","properties":{"station_id":"355733N1193942W001","well_use":"Irrigation","slope_ft_per_yr":-4.862,"p_value":0.0,"trend":"decreasing","n_measurements":34,"record_years":28.6},"geometry":{"type":"Point","coordinates":[-119.39417,35.57331]}},{"type":"Feature","properties":{"station_id":"355758N1191459W001","well_use":"Unknown","slope_ft_per_yr":-0.355,"p_value":0.566,"trend":"no trend","n_measurements":28,"record_years":16.7},"geometry":{"type":"Point","coordinates":[-119.1459,35.5758]}},{"type":"Feature","properties":{"station_id":"355761N1193681W001","well_use":"Irrigation","slope_ft_per_yr":-4.947,"p_value":0.0,"trend":"decreasing","n_measurements":37,"record_years":25.0},"geometry":{"type":"Point","coordinates":[-119.3681,35.5761]}},{"type":"Feature","properties":{"station_id":"355764N1192145W001","well_use":"Irrigation","slope_ft_per_yr":-1.18,"p_value":0.2334,"trend":"no trend","n_measurements":25,"record_years":22.7},"geometry":{"type":"Point","coordinates":[-119.2145,35.5764]}},{"type":"Feature","properties":{"station_id":"355764N1192818W001","well_use":"Irrigation","slope_ft_per_yr":-4.287,"p_value":0.0002,"trend":"decreasing","n_measurements":26,"record_years":17.0},"geometry":{"type":"Point","coordinates":[-119.28178,35.57636]}},{"type":"Feature","properties":{"station_id":"355775N1192603W001","well_use":"Unknown","slope_ft_per_yr":-4.458,"p_value":0.0,"trend":"decreasing","n_measurements":44,"record_years":23.1},"geometry":{"type":"Point","coordinates":[-119.2603,35.5775]}},{"type":"Feature","properties":{"station_id":"355797N1194384W001","well_use":"Irrigation","slope_ft_per_yr":-3.367,"p_value":0.015,"trend":"decreasing","n_measurements":20,"record_years":24.4},"geometry":{"type":"Point","coordinates":[-119.4384,35.5797]}},{"type":"Feature","properties":{"station_id":"355800N1191165W001","well_use":"Irrigation","slope_ft_per_yr":-4.451,"p_value":0.0,"trend":"decreasing","n_measurements":40,"record_years":31.1},"geometry":{"type":"Point","coordinates":[-119.1158,35.58037]}},{"type":"Feature","properties":{"station_id":"355806N1191909W001","well_use":"Unknown","slope_ft_per_yr":-0.599,"p_value":0.4322,"trend":"no trend","n_measurements":30,"record_years":18.0},"geometry":{"type":"Point","coordinates":[-119.1909,35.5806]}},{"type":"Feature","properties":{"station_id":"355814N1193587W001","well_use":"Unknown","slope_ft_per_yr":-1.39,"p_value":0.2795,"trend":"no trend","n_measurements":26,"record_years":19.0},"geometry":{"type":"Point","coordinates":[-119.3587,35.5814]}},{"type":"Feature","properties":{"station_id":"355831N1194209W001","well_use":"Irrigation","slope_ft_per_yr":-5.192,"p_value":0.0,"trend":"decreasing","n_measurements":35,"record_years":27.4},"geometry":{"type":"Point","coordinates":[-119.4209,35.5831]}},{"type":"Feature","properties":{"station_id":"355869N1194384W001","well_use":"Irrigation","slope_ft_per_yr":-4.634,"p_value":0.0,"trend":"decreasing","n_measurements":53,"record_years":31.1},"geometry":{"type":"Point","coordinates":[-119.43858,35.58709]}},{"type":"Feature","properties":{"station_id":"355878N1191373W001","well_use":"Unknown","slope_ft_per_yr":0.0,"p_value":0.9207,"trend":"no trend","n_measurements":24,"record_years":13.7},"geometry":{"type":"Point","coordinates":[-119.1373,35.5878]}},{"type":"Feature","properties":{"station_id":"355878N1191948W001","well_use":"Irrigation","slope_ft_per_yr":0.208,"p_value":0.8091,"trend":"no trend","n_measurements":35,"record_years":25.7},"geometry":{"type":"Point","coordinates":[-119.1948,35.5878]}},{"type":"Feature","properties":{"station_id":"355878N1192269W001","well_use":"Irrigation","slope_ft_per_yr":-6.395,"p_value":0.0003,"trend":"decreasing","n_measurements":23,"record_years":21.0},"geometry":{"type":"Point","coordinates":[-119.22693,35.58778]}},{"type":"Feature","properties":{"station_id":"355883N1191148W001","well_use":"Unknown","slope_ft_per_yr":-2.555,"p_value":0.0001,"trend":"decreasing","n_measurements":29,"record_years":16.7},"geometry":{"type":"Point","coordinates":[-119.1148,35.5883]}},{"type":"Feature","properties":{"station_id":"355922N1192598W001","well_use":"Irrigation","slope_ft_per_yr":-5.938,"p_value":0.0,"trend":"decreasing","n_measurements":45,"record_years":25.7},"geometry":{"type":"Point","coordinates":[-119.2598,35.5922]}},{"type":"Feature","properties":{"station_id":"355944N1193584W001","well_use":"Unknown","slope_ft_per_yr":-0.06,"p_value":1.0,"trend":"no trend","n_measurements":23,"record_years":19.0},"geometry":{"type":"Point","coordinates":[-119.3584,35.5944]}},{"type":"Feature","properties":{"station_id":"355944N1195814W001","well_use":"Observation","slope_ft_per_yr":0.114,"p_value":0.8918,"trend":"no trend","n_measurements":31,"record_years":14.4},"geometry":{"type":"Point","coordinates":[-119.58141,35.59441]}},{"type":"Feature","properties":{"station_id":"355947N1193717W001","well_use":"Irrigation","slope_ft_per_yr":-4.787,"p_value":0.0,"trend":"decreasing","n_measurements":38,"record_years":24.4},"geometry":{"type":"Point","coordinates":[-119.3717,35.5947]}},{"type":"Feature","properties":{"station_id":"355953N1191156W001","well_use":"Irrigation","slope_ft_per_yr":-2.991,"p_value":0.0,"trend":"decreasing","n_measurements":22,"record_years":25.7},"geometry":{"type":"Point","coordinates":[-119.1156,35.5953]}},{"type":"Feature","properties":{"station_id":"355954N1191160W001","well_use":"Irrigation","slope_ft_per_yr":-4.957,"p_value":0.0,"trend":"decreasing","n_measurements":48,"record_years":31.0},"geometry":{"type":"Point","coordinates":[-119.11584,35.59522]}},{"type":"Feature","properties":{"station_id":"356011N1194560W001","well_use":"Unknown","slope_ft_per_yr":3.827,"p_value":0.0149,"trend":"increasing","n_measurements":40,"record_years":25.4},"geometry":{"type":"Point","coordinates":[-119.456,35.6011]}},{"type":"Feature","properties":{"station_id":"356013N1192023W001","well_use":"Irrigation","slope_ft_per_yr":-4.256,"p_value":0.003,"trend":"decreasing","n_measurements":32,"record_years":17.3},"geometry":{"type":"Point","coordinates":[-119.20234,35.60125]}},{"type":"Feature","properties":{"station_id":"356014N1196176W001","well_use":"Observation","slope_ft_per_yr":-0.161,"p_value":0.1169,"trend":"no trend","n_measurements":133,"record_years":31.2},"geometry":{"type":"Point","coordinates":[-119.61765,35.60135]}},{"type":"Feature","properties":{"station_id":"356017N1193937W001","well_use":"Unknown","slope_ft_per_yr":-4.921,"p_value":0.0,"trend":"decreasing","n_measurements":47,"record_years":24.6},"geometry":{"type":"Point","coordinates":[-119.3937,35.6017]}},{"type":"Feature","properties":{"station_id":"356022N1191690W001","well_use":"Irrigation","slope_ft_per_yr":0.197,"p_value":0.7507,"trend":"no trend","n_measurements":23,"record_years":19.0},"geometry":{"type":"Point","coordinates":[-119.169,35.6022]}},{"type":"Feature","properties":{"station_id":"356022N1191956W001","well_use":"Irrigation","slope_ft_per_yr":-5.146,"p_value":0.0,"trend":"decreasing","n_measurements":48,"record_years":31.0},"geometry":{"type":"Point","coordinates":[-119.1956,35.6022]}},{"type":"Feature","properties":{"station_id":"356023N1191690W001","well_use":"Irrigation","slope_ft_per_yr":-2.001,"p_value":0.0012,"trend":"decreasing","n_measurements":43,"record_years":31.0},"geometry":{"type":"Point","coordinates":[-119.16913,35.6023]}},{"type":"Feature","properties":{"station_id":"356023N1191691W001","well_use":"Irrigation","slope_ft_per_yr":-3.411,"p_value":0.0,"trend":"decreasing","n_measurements":45,"record_years":31.0},"geometry":{"type":"Point","coordinates":[-119.07494,35.46276]}},{"type":"Feature","properties":{"station_id":"356025N1192413W001","well_use":"Observation","slope_ft_per_yr":-1.835,"p_value":0.0,"trend":"decreasing","n_measurements":61,"record_years":31.0},"geometry":{"type":"Point","coordinates":[-119.24005,35.60262]}},{"type":"Feature","properties":{"station_id":"356025N1192413W002","well_use":"Observation","slope_ft_per_yr":-1.013,"p_value":0.0039,"trend":"decreasing","n_measurements":60,"record_years":31.0},"geometry":{"type":"Point","coordinates":[-119.24004,35.60262]}},{"type":"Feature","properties":{"station_id":"356047N1194292W001","well_use":"Irrigation","slope_ft_per_yr":-2.402,"p_value":0.0371,"trend":"decreasing","n_measurements":24,"record_years":30.4},"geometry":{"type":"Point","coordinates":[-119.4292,35.6047]}},{"type":"Feature","properties":{"station_id":"356050N1194206W001","well_use":"Unknown","slope_ft_per_yr":2.208,"p_value":0.2787,"trend":"no trend","n_measurements":23,"record_years":14.0},"geometry":{"type":"Point","coordinates":[-119.4206,35.605]}},{"type":"Feature","properties":{"station_id":"356058N1191820W001","well_use":"Irrigation","slope_ft_per_yr":-4.52,"p_value":0.0,"trend":"decreasing","n_measurements":49,"record_years":31.0},"geometry":{"type":"Point","coordinates":[-119.18204,35.60567]}},{"type":"Feature","properties":{"station_id":"356061N1191359W001","well_use":"Unknown","slope_ft_per_yr":-0.703,"p_value":0.3141,"trend":"no trend","n_measurements":32,"record_years":16.7},"geometry":{"type":"Point","coordinates":[-119.1359,35.6061]}},{"type":"Feature","properties":{"station_id":"356067N1190887W001","well_use":"Irrigation","slope_ft_per_yr":-5.995,"p_value":0.0,"trend":"decreasing","n_measurements":41,"record_years":31.1},"geometry":{"type":"Point","coordinates":[-119.09003,35.60678]}},{"type":"Feature","properties":{"station_id":"356072N1192603W001","well_use":"Irrigation","slope_ft_per_yr":-5.854,"p_value":0.0,"trend":"decreasing","n_measurements":41,"record_years":27.0},"geometry":{"type":"Point","coordinates":[-119.26003,35.60692]}},{"type":"Feature","properties":{"station_id":"356083N1193806W001","well_use":"Unknown","slope_ft_per_yr":-2.649,"p_value":0.0916,"trend":"no trend","n_measurements":24,"record_years":19.0},"geometry":{"type":"Point","coordinates":[-119.3806,35.6083]}},{"type":"Feature","properties":{"station_id":"356094N1192778W001","well_use":"Unknown","slope_ft_per_yr":-3.396,"p_value":0.0007,"trend":"decreasing","n_measurements":30,"record_years":22.7},"geometry":{"type":"Point","coordinates":[-119.2778,35.6094]}},{"type":"Feature","properties":{"station_id":"356097N1191192W001","well_use":"Irrigation","slope_ft_per_yr":-4.617,"p_value":0.0,"trend":"decreasing","n_measurements":43,"record_years":30.0},"geometry":{"type":"Point","coordinates":[-119.1192,35.6097]}},{"type":"Feature","properties":{"station_id":"356101N1190978W001","well_use":"Irrigation","slope_ft_per_yr":-9.611,"p_value":0.0,"trend":"decreasing","n_measurements":33,"record_years":17.3},"geometry":{"type":"Point","coordinates":[-119.09784,35.61005]}},{"type":"Feature","properties":{"station_id":"356131N1190887W001","well_use":"Irrigation","slope_ft_per_yr":-5.618,"p_value":0.0,"trend":"decreasing","n_measurements":38,"record_years":28.5},"geometry":{"type":"Point","coordinates":[-119.08956,35.61269]}},{"type":"Feature","properties":{"station_id":"356164N1193406W001","well_use":"Irrigation","slope_ft_per_yr":-4.871,"p_value":0.0001,"trend":"decreasing","n_measurements":39,"record_years":25.0},"geometry":{"type":"Point","coordinates":[-119.3406,35.6164]}},{"type":"Feature","properties":{"station_id":"356172N1193677W001","well_use":"Irrigation","slope_ft_per_yr":-6.258,"p_value":0.0001,"trend":"decreasing","n_measurements":36,"record_years":17.2},"geometry":{"type":"Point","coordinates":[-119.3677,35.6172]}},{"type":"Feature","properties":{"station_id":"356175N1191517W001","well_use":"Irrigation","slope_ft_per_yr":-4.995,"p_value":0.0,"trend":"decreasing","n_measurements":35,"record_years":30.0},"geometry":{"type":"Point","coordinates":[-119.1517,35.6175]}},{"type":"Feature","properties":{"station_id":"356186N1191037W001","well_use":"Irrigation","slope_ft_per_yr":-5.11,"p_value":0.0,"trend":"decreasing","n_measurements":36,"record_years":30.0},"geometry":{"type":"Point","coordinates":[-119.10156,35.61969]}},{"type":"Feature","properties":{"station_id":"356189N1191423W001","well_use":"Irrigation","slope_ft_per_yr":-1.279,"p_value":0.2043,"trend":"no trend","n_measurements":23,"record_years":19.0},"geometry":{"type":"Point","coordinates":[-119.1423,35.6189]}},{"type":"Feature","properties":{"station_id":"356197N1191334W001","well_use":"Irrigation","slope_ft_per_yr":-5.489,"p_value":0.0,"trend":"decreasing","n_measurements":43,"record_years":31.1},"geometry":{"type":"Point","coordinates":[-119.1334,35.6197]}},{"type":"Feature","properties":{"station_id":"356200N1194028W001","well_use":"Unknown","slope_ft_per_yr":-1.226,"p_value":0.4436,"trend":"no trend","n_measurements":23,"record_years":19.0},"geometry":{"type":"Point","coordinates":[-119.4028,35.62]}},{"type":"Feature","properties":{"station_id":"356208N1192042W001","well_use":"Unknown","slope_ft_per_yr":-1.564,"p_value":0.0438,"trend":"decreasing","n_measurements":28,"record_years":16.0},"geometry":{"type":"Point","coordinates":[-119.2042,35.6208]}},{"type":"Feature","properties":{"station_id":"356232N1192245W001","well_use":"Irrigation","slope_ft_per_yr":-4.772,"p_value":0.0036,"trend":"decreasing","n_measurements":30,"record_years":17.0},"geometry":{"type":"Point","coordinates":[-119.2245,35.62316]}},{"type":"Feature","properties":{"station_id":"356233N1191078W001","well_use":"Unknown","slope_ft_per_yr":-1.955,"p_value":0.0049,"trend":"decreasing","n_measurements":28,"record_years":16.7},"geometry":{"type":"Point","coordinates":[-119.1078,35.6233]}},{"type":"Feature","properties":{"station_id":"356233N1191162W001","well_use":"Irrigation","slope_ft_per_yr":-5.703,"p_value":0.0,"trend":"decreasing","n_measurements":28,"record_years":30.0},"geometry":{"type":"Point","coordinates":[-119.11578,35.62281]}},{"type":"Feature","properties":{"station_id":"356236N1194206W001","well_use":"Irrigation","slope_ft_per_yr":-5.63,"p_value":0.0,"trend":"decreasing","n_measurements":49,"record_years":31.1},"geometry":{"type":"Point","coordinates":[-119.42031,35.62336]}},{"type":"Feature","properties":{"station_id":"356241N1193502W001","well_use":"Irrigation","slope_ft_per_yr":-2.834,"p_value":0.0237,"trend":"decreasing","n_measurements":31,"record_years":22.1},"geometry":{"type":"Point","coordinates":[-119.3502,35.6241]}},{"type":"Feature","properties":{"station_id":"356242N1193937W001","well_use":"Irrigation","slope_ft_per_yr":-4.315,"p_value":0.0001,"trend":"decreasing","n_measurements":29,"record_years":30.4},"geometry":{"type":"Point","coordinates":[-119.39377,35.62402]}},{"type":"Feature","properties":{"station_id":"356275N1191337W001","well_use":"Unknown","slope_ft_per_yr":-0.745,"p_value":0.3093,"trend":"no trend","n_measurements":22,"record_years":24.1},"geometry":{"type":"Point","coordinates":[-119.1337,35.6275]}},{"type":"Feature","properties":{"station_id":"356305N1194021W001","well_use":"Observation","slope_ft_per_yr":-5.309,"p_value":0.0,"trend":"decreasing","n_measurements":54,"record_years":30.5},"geometry":{"type":"Point","coordinates":[-119.40212,35.63048]}},{"type":"Feature","properties":{"station_id":"356305N1194021W002","well_use":"Observation","slope_ft_per_yr":-4.453,"p_value":0.0916,"trend":"no trend","n_measurements":24,"record_years":11.0},"geometry":{"type":"Point","coordinates":[-119.4021,35.63048]}},{"type":"Feature","properties":{"station_id":"356307N1191912W001","well_use":"Irrigation","slope_ft_per_yr":-2.186,"p_value":0.199,"trend":"no trend","n_measurements":25,"record_years":12.0},"geometry":{"type":"Point","coordinates":[-119.1912,35.63068]}},{"type":"Feature","properties":{"station_id":"356308N1191217W001","well_use":"Unknown","slope_ft_per_yr":-3.139,"p_value":0.0022,"trend":"decreasing","n_measurements":29,"record_years":16.0},"geometry":{"type":"Point","coordinates":[-119.1217,35.6308]}},{"type":"Feature","properties":{"station_id":"356308N1193678W001","well_use":"Irrigation","slope_ft_per_yr":-3.441,"p_value":0.0089,"trend":"decreasing","n_measurements":25,"record_years":17.4},"geometry":{"type":"Point","coordinates":[-119.36775,35.63069]}},{"type":"Feature","properties":{"station_id":"356308N1193845W001","well_use":"Irrigation","slope_ft_per_yr":-6.199,"p_value":0.0,"trend":"decreasing","n_measurements":48,"record_years":31.1},"geometry":{"type":"Point","coordinates":[-119.38461,35.63069]}},{"type":"Feature","properties":{"station_id":"356308N1194203W001","well_use":"Irrigation","slope_ft_per_yr":-5.895,"p_value":0.0,"trend":"decreasing","n_measurements":46,"record_years":30.1},"geometry":{"type":"Point","coordinates":[-119.4203,35.6308]}},{"type":"Feature","properties":{"station_id":"356311N1191512W001","well_use":"Unknown","slope_ft_per_yr":-1.214,"p_value":0.1674,"trend":"no trend","n_measurements":25,"record_years":13.0},"geometry":{"type":"Point","coordinates":[-119.1512,35.6311]}},{"type":"Feature","properties":{"station_id":"356314N1191659W001","well_use":"Irrigation","slope_ft_per_yr":-3.515,"p_value":0.0,"trend":"decreasing","n_measurements":41,"record_years":29.6},"geometry":{"type":"Point","coordinates":[-119.1659,35.6314]}},{"type":"Feature","properties":{"station_id":"356322N1193591W001","well_use":"Irrigation","slope_ft_per_yr":-5.604,"p_value":0.0006,"trend":"decreasing","n_measurements":31,"record_years":16.8},"geometry":{"type":"Point","coordinates":[-119.3591,35.6322]}},{"type":"Feature","properties":{"station_id":"356325N1192318W001","well_use":"Irrigation","slope_ft_per_yr":-5.433,"p_value":0.0,"trend":"decreasing","n_measurements":51,"record_years":31.1},"geometry":{"type":"Point","coordinates":[-119.22353,35.63117]}},{"type":"Feature","properties":{"station_id":"356330N1192838W001","well_use":"Irrigation","slope_ft_per_yr":-6.513,"p_value":0.0,"trend":"decreasing","n_measurements":36,"record_years":27.1},"geometry":{"type":"Point","coordinates":[-119.27613,35.63111]}},{"type":"Feature","properties":{"station_id":"356380N1193124W001","well_use":"Irrigation","slope_ft_per_yr":-4.978,"p_value":0.0,"trend":"decreasing","n_measurements":37,"record_years":19.9},"geometry":{"type":"Point","coordinates":[-119.31244,35.638]}},{"type":"Feature","properties":{"station_id":"356381N1193670W001","well_use":"Unknown","slope_ft_per_yr":-3.284,"p_value":0.1278,"trend":"no trend","n_measurements":22,"record_years":17.8},"geometry":{"type":"Point","coordinates":[-119.367,35.6381]}},{"type":"Feature","properties":{"station_id":"356389N1193407W001","well_use":"Irrigation","slope_ft_per_yr":-5.479,"p_value":0.0,"trend":"decreasing","n_measurements":40,"record_years":20.4},"geometry":{"type":"Point","coordinates":[-119.3407,35.6389]}},{"type":"Feature","properties":{"station_id":"356406N1191787W001","well_use":"Irrigation","slope_ft_per_yr":-4.562,"p_value":0.0,"trend":"decreasing","n_measurements":54,"record_years":31.1},"geometry":{"type":"Point","coordinates":[-119.1787,35.6406]}},{"type":"Feature","properties":{"station_id":"356419N1191340W001","well_use":"Irrigation","slope_ft_per_yr":-4.171,"p_value":0.0,"trend":"decreasing","n_measurements":35,"record_years":31.1},"geometry":{"type":"Point","coordinates":[-119.13422,35.64514]}},{"type":"Feature","properties":{"station_id":"356425N1191651W001","well_use":"Unknown","slope_ft_per_yr":-0.453,"p_value":0.6719,"trend":"no trend","n_measurements":22,"record_years":13.0},"geometry":{"type":"Point","coordinates":[-119.1651,35.6425]}},{"type":"Feature","properties":{"station_id":"356428N1191162W001","well_use":"Unknown","slope_ft_per_yr":-1.839,"p_value":0.0059,"trend":"decreasing","n_measurements":30,"record_years":16.0},"geometry":{"type":"Point","coordinates":[-119.1162,35.6428]}},{"type":"Feature","properties":{"station_id":"356439N1191515W001","well_use":"Unknown","slope_ft_per_yr":2.001,"p_value":0.0082,"trend":"increasing","n_measurements":25,"record_years":14.7},"geometry":{"type":"Point","coordinates":[-119.1515,35.6439]}},{"type":"Feature","properties":{"station_id":"356453N1194201W001","well_use":"Irrigation","slope_ft_per_yr":-5.481,"p_value":0.0,"trend":"decreasing","n_measurements":42,"record_years":31.1},"geometry":{"type":"Point","coordinates":[-119.4201,35.6453]}},{"type":"Feature","properties":{"station_id":"356461N1193327W001","well_use":"Irrigation","slope_ft_per_yr":-5.05,"p_value":0.0,"trend":"decreasing","n_measurements":44,"record_years":24.1},"geometry":{"type":"Point","coordinates":[-119.3327,35.6461]}},{"type":"Feature","properties":{"station_id":"356461N1193667W001","well_use":"Irrigation","slope_ft_per_yr":-3.976,"p_value":0.0131,"trend":"decreasing","n_measurements":33,"record_years":20.7},"geometry":{"type":"Point","coordinates":[-119.3667,35.6461]}},{"type":"Feature","properties":{"station_id":"356464N1191609W001","well_use":"Unknown","slope_ft_per_yr":-2.548,"p_value":0.0005,"trend":"decreasing","n_measurements":35,"record_years":27.7},"geometry":{"type":"Point","coordinates":[-119.1609,35.6464]}},{"type":"Feature","properties":{"station_id":"356464N1191692W001","well_use":"Irrigation","slope_ft_per_yr":-2.867,"p_value":0.0002,"trend":"decreasing","n_measurements":37,"record_years":26.7},"geometry":{"type":"Point","coordinates":[-119.1692,35.6464]}},{"type":"Feature","properties":{"station_id":"356469N1191175W001","well_use":"Irrigation","slope_ft_per_yr":-5.591,"p_value":0.0,"trend":"decreasing","n_measurements":28,"record_years":19.4},"geometry":{"type":"Point","coordinates":[-119.11667,35.64594]}},{"type":"Feature","properties":{"station_id":"356472N1192502W001","well_use":"Irrigation","slope_ft_per_yr":-4.909,"p_value":0.0,"trend":"decreasing","n_measurements":48,"record_years":26.1},"geometry":{"type":"Point","coordinates":[-119.2502,35.6472]}},{"type":"Feature","properties":{"station_id":"356475N1192402W001","well_use":"Unknown","slope_ft_per_yr":2.132,"p_value":0.1728,"trend":"no trend","n_measurements":20,"record_years":16.1},"geometry":{"type":"Point","coordinates":[-119.2402,35.6475]}},{"type":"Feature","properties":{"station_id":"356525N1193753W001","well_use":"Irrigation","slope_ft_per_yr":-3.792,"p_value":0.0224,"trend":"decreasing","n_measurements":24,"record_years":20.4},"geometry":{"type":"Point","coordinates":[-119.37542,35.65256]}},{"type":"Feature","properties":{"station_id":"356531N1191656W001","well_use":"Irrigation","slope_ft_per_yr":-2.746,"p_value":0.0,"trend":"decreasing","n_measurements":93,"record_years":30.9},"geometry":{"type":"Point","coordinates":[-119.1656,35.6531]}},{"type":"Feature","properties":{"station_id":"356538N1192602W001","well_use":"Irrigation","slope_ft_per_yr":-4.405,"p_value":0.0,"trend":"decreasing","n_measurements":54,"record_years":28.7},"geometry":{"type":"Point","coordinates":[-119.25914,35.65347]}},{"type":"Feature","properties":{"station_id":"356550N1190578W001","well_use":"Unknown","slope_ft_per_yr":-1.617,"p_value":0.0004,"trend":"decreasing","n_measurements":26,"record_years":21.1},"geometry":{"type":"Point","coordinates":[-119.0578,35.655]}},{"type":"Feature","properties":{"station_id":"356569N1193505W001","well_use":"Unknown","slope_ft_per_yr":-5.072,"p_value":0.0,"trend":"decreasing","n_measurements":41,"record_years":28.1},"geometry":{"type":"Point","coordinates":[-119.3505,35.6569]}},{"type":"Feature","properties":{"station_id":"356597N1192599W001","well_use":"Irrigation","slope_ft_per_yr":-3.13,"p_value":0.0071,"trend":"decreasing","n_measurements":32,"record_years":19.0},"geometry":{"type":"Point","coordinates":[-119.2599,35.6597]}},{"type":"Feature","properties":{"station_id":"356597N1194026W001","well_use":"Irrigation","slope_ft_per_yr":6.659,"p_value":0.0,"trend":"increasing","n_measurements":54,"record_years":31.1},"geometry":{"type":"Point","coordinates":[-119.4026,35.6597]}},{"type":"Feature","properties":{"station_id":"356600N1194198W001","well_use":"Irrigation","slope_ft_per_yr":-4.957,"p_value":0.0077,"trend":"decreasing","n_measurements":33,"record_years":21.1},"geometry":{"type":"Point","coordinates":[-119.4198,35.66]}},{"type":"Feature","properties":{"station_id":"356605N1192777W001","well_use":"Irrigation","slope_ft_per_yr":-4.264,"p_value":0.0,"trend":"decreasing","n_measurements":50,"record_years":29.7},"geometry":{"type":"Point","coordinates":[-119.27689,35.66072]}},{"type":"Feature","properties":{"station_id":"356625N1193483W002","well_use":"Observation","slope_ft_per_yr":-1.409,"p_value":0.2264,"trend":"no trend","n_measurements":27,"record_years":10.9},"geometry":{"type":"Point","coordinates":[-119.34834,35.66252]}},{"type":"Feature","properties":{"station_id":"356625N1193958W001","well_use":"Observation","slope_ft_per_yr":-7.496,"p_value":0.179,"trend":"no trend","n_measurements":28,"record_years":11.0},"geometry":{"type":"Point","coordinates":[-119.39583,35.66248]}},{"type":"Feature","properties":{"station_id":"356625N1193959W003","well_use":"Observation","slope_ft_per_yr":-5.045,"p_value":0.0013,"trend":"decreasing","n_measurements":22,"record_years":11.0},"geometry":{"type":"Point","coordinates":[-119.39585,35.6625]}},{"type":"Feature","properties":{"station_id":"356628N1191342W001","well_use":"Residential","slope_ft_per_yr":-2.334,"p_value":0.0376,"trend":"decreasing","n_measurements":28,"record_years":24.7},"geometry":{"type":"Point","coordinates":[-119.1342,35.6628]}},{"type":"Feature","properties":{"station_id":"356628N1193753W001","well_use":"Irrigation","slope_ft_per_yr":1.932,"p_value":0.0865,"trend":"no trend","n_measurements":57,"record_years":30.4},"geometry":{"type":"Point","coordinates":[-119.37975,35.66028]}},{"type":"Feature","properties":{"station_id":"356644N1191078W001","well_use":"Irrigation","slope_ft_per_yr":-4.396,"p_value":0.0,"trend":"decreasing","n_measurements":27,"record_years":31.1},"geometry":{"type":"Point","coordinates":[-119.1078,35.6644]}},{"type":"Feature","properties":{"station_id":"356651N1194080W001","well_use":"Observation","slope_ft_per_yr":-3.021,"p_value":0.0973,"trend":"no trend","n_measurements":25,"record_years":11.0},"geometry":{"type":"Point","coordinates":[-119.40805,35.66511]}},{"type":"Feature","properties":{"station_id":"356651N1194081W002","well_use":"Observation","slope_ft_per_yr":-5.165,"p_value":0.0194,"trend":"decreasing","n_measurements":20,"record_years":11.0},"geometry":{"type":"Point","coordinates":[-119.40807,35.66513]}},{"type":"Feature","properties":{"station_id":"356652N1194081W001","well_use":"Observation","slope_ft_per_yr":-6.33,"p_value":0.2862,"trend":"no trend","n_measurements":24,"record_years":11.0},"geometry":{"type":"Point","coordinates":[-119.40812,35.66516]}},{"type":"Feature","properties":{"station_id":"356668N1193841W002","well_use":"Observation","slope_ft_per_yr":-4.31,"p_value":0.0572,"trend":"no trend","n_measurements":23,"record_years":14.5},"geometry":{"type":"Point","coordinates":[-119.38413,35.66685]}},{"type":"Feature","properties":{"station_id":"356672N1191340W001","well_use":"Irrigation","slope_ft_per_yr":-3.136,"p_value":0.0049,"trend":"decreasing","n_measurements":29,"record_years":28.7},"geometry":{"type":"Point","coordinates":[-119.13417,35.66908]}},{"type":"Feature","properties":{"station_id":"356675N1193584W001","well_use":"Residential","slope_ft_per_yr":0.0,"p_value":0.9806,"trend":"no trend","n_measurements":51,"record_years":27.7},"geometry":{"type":"Point","coordinates":[-119.3584,35.6675]}},{"type":"Feature","properties":{"station_id":"356681N1190962W001","well_use":"Irrigation","slope_ft_per_yr":-3.587,"p_value":0.0,"trend":"decreasing","n_measurements":45,"record_years":31.1},"geometry":{"type":"Point","coordinates":[-119.0962,35.6681]}},{"type":"Feature","properties":{"station_id":"356688N1194045W003","well_use":"Observation","slope_ft_per_yr":-3.01,"p_value":0.0159,"trend":"decreasing","n_measurements":28,"record_years":11.0},"geometry":{"type":"Point","coordinates":[-119.4045,35.66876]}},{"type":"Feature","properties":{"station_id":"356688N1194046W001","well_use":"Observation","slope_ft_per_yr":-9.279,"p_value":0.0763,"trend":"no trend","n_measurements":27,"record_years":11.0},"geometry":{"type":"Point","coordinates":[-119.40455,35.66882]}},{"type":"Feature","properties":{"station_id":"356708N1191067W001","well_use":"Irrigation","slope_ft_per_yr":-4.73,"p_value":0.0,"trend":"decreasing","n_measurements":33,"record_years":30.1},"geometry":{"type":"Point","coordinates":[-119.10756,35.67122]}},{"type":"Feature","properties":{"station_id":"356736N1194735W001","well_use":"Unknown","slope_ft_per_yr":-4.645,"p_value":0.0,"trend":"decreasing","n_measurements":40,"record_years":31.0},"geometry":{"type":"Point","coordinates":[-119.47334,35.67365]}},{"type":"Feature","properties":{"station_id":"356742N1193581W001","well_use":"Irrigation","slope_ft_per_yr":-3.099,"p_value":0.0952,"trend":"no trend","n_measurements":27,"record_years":16.3},"geometry":{"type":"Point","coordinates":[-119.3581,35.6742]}},{"type":"Feature","properties":{"station_id":"356742N1194198W001","well_use":"Irrigation","slope_ft_per_yr":-5.699,"p_value":0.0,"trend":"decreasing","n_measurements":46,"record_years":30.7},"geometry":{"type":"Point","coordinates":[-119.41992,35.67456]}},{"type":"Feature","properties":{"station_id":"356744N1192777W001","well_use":"Irrigation","slope_ft_per_yr":-2.634,"p_value":0.0099,"trend":"decreasing","n_measurements":32,"record_years":17.4},"geometry":{"type":"Point","coordinates":[-119.2777,35.6744]}},{"type":"Feature","properties":{"station_id":"356744N1194032W001","well_use":"Unknown","slope_ft_per_yr":-2.278,"p_value":0.2171,"trend":"no trend","n_measurements":26,"record_years":16.7},"geometry":{"type":"Point","coordinates":[-119.4032,35.6744]}},{"type":"Feature","properties":{"station_id":"356747N1193330W001","well_use":"Irrigation","slope_ft_per_yr":-2.989,"p_value":0.0171,"trend":"decreasing","n_measurements":32,"record_years":20.2},"geometry":{"type":"Point","coordinates":[-119.333,35.6747]}},{"type":"Feature","properties":{"station_id":"356747N1194112W001","well_use":"Irrigation","slope_ft_per_yr":-4.204,"p_value":0.0309,"trend":"decreasing","n_measurements":31,"record_years":26.2},"geometry":{"type":"Point","coordinates":[-119.4112,35.6747]}},{"type":"Feature","properties":{"station_id":"356752N1193043W001","well_use":"Irrigation","slope_ft_per_yr":-4.985,"p_value":0.0,"trend":"decreasing","n_measurements":50,"record_years":28.2},"geometry":{"type":"Point","coordinates":[-119.30444,35.67514]}},{"type":"Feature","properties":{"station_id":"356756N1193953W003","well_use":"Observation","slope_ft_per_yr":-3.175,"p_value":0.0352,"trend":"decreasing","n_measurements":27,"record_years":11.0},"geometry":{"type":"Point","coordinates":[-119.39527,35.67561]}},{"type":"Feature","properties":{"station_id":"356757N1193954W001","well_use":"Observation","slope_ft_per_yr":-8.157,"p_value":0.1039,"trend":"no trend","n_measurements":27,"record_years":11.0},"geometry":{"type":"Point","coordinates":[-119.39535,35.67565]}},{"type":"Feature","properties":{"station_id":"356764N1190901W001","well_use":"Irrigation","slope_ft_per_yr":-3.777,"p_value":0.0001,"trend":"decreasing","n_measurements":26,"record_years":23.1},"geometry":{"type":"Point","coordinates":[-119.09002,35.67649]}},{"type":"Feature","properties":{"station_id":"356772N1192932W001","well_use":"Irrigation","slope_ft_per_yr":-2.429,"p_value":0.0089,"trend":"decreasing","n_measurements":23,"record_years":27.2},"geometry":{"type":"Point","coordinates":[-119.28558,35.67447]}},{"type":"Feature","properties":{"station_id":"356775N1191031W001","well_use":"Irrigation","slope_ft_per_yr":-0.1,"p_value":0.6098,"trend":"no trend","n_measurements":22,"record_years":18.0},"geometry":{"type":"Point","coordinates":[-119.1031,35.6775]}},{"type":"Feature","properties":{"station_id":"356781N1191206W001","well_use":"Irrigation","slope_ft_per_yr":-1.207,"p_value":0.0451,"trend":"decreasing","n_measurements":34,"record_years":29.7},"geometry":{"type":"Point","coordinates":[-119.12172,35.6783]}},{"type":"Feature","properties":{"station_id":"356825N1191073W001","well_use":"Unknown","slope_ft_per_yr":0.656,"p_value":0.2551,"trend":"no trend","n_measurements":20,"record_years":12.0},"geometry":{"type":"Point","coordinates":[-119.1073,35.6825]}},{"type":"Feature","properties":{"station_id":"356825N1191248W001","well_use":"Irrigation","slope_ft_per_yr":-1.95,"p_value":0.0,"trend":"decreasing","n_measurements":46,"record_years":31.1},"geometry":{"type":"Point","coordinates":[-119.12516,35.67899]}},{"type":"Feature","properties":{"station_id":"356894N1191228W001","well_use":"Unknown","slope_ft_per_yr":0.333,"p_value":0.4958,"trend":"no trend","n_measurements":31,"record_years":16.0},"geometry":{"type":"Point","coordinates":[-119.1228,35.6894]}},{"type":"Feature","properties":{"station_id":"356930N1192320W001","well_use":"Irrigation","slope_ft_per_yr":-4.12,"p_value":0.0,"trend":"decreasing","n_measurements":29,"record_years":14.0},"geometry":{"type":"Point","coordinates":[-119.232,35.69295]}},{"type":"Feature","properties":{"station_id":"356956N1195623W001","well_use":"Observation","slope_ft_per_yr":-4.18,"p_value":0.0,"trend":"decreasing","n_measurements":45,"record_years":23.9},"geometry":{"type":"Point","coordinates":[-119.56228,35.69555]}},{"type":"Feature","properties":{"station_id":"356961N1193484W001","well_use":"Irrigation","slope_ft_per_yr":-2.853,"p_value":0.2843,"trend":"no trend","n_measurements":20,"record_years":14.3},"geometry":{"type":"Point","coordinates":[-119.3484,35.6961]}},{"type":"Feature","properties":{"station_id":"356964N1190665W001","well_use":"Irrigation","slope_ft_per_yr":2.351,"p_value":0.0031,"trend":"increasing","n_measurements":41,"record_years":30.1},"geometry":{"type":"Point","coordinates":[-119.0665,35.6964]}},{"type":"Feature","properties":{"station_id":"356967N1193840W001","well_use":"Irrigation","slope_ft_per_yr":-3.379,"p_value":0.0582,"trend":"no trend","n_measurements":29,"record_years":18.8},"geometry":{"type":"Point","coordinates":[-119.384,35.6967]}},{"type":"Feature","properties":{"station_id":"356986N1191162W001","well_use":"Irrigation","slope_ft_per_yr":-3.694,"p_value":0.0,"trend":"decreasing","n_measurements":40,"record_years":30.1},"geometry":{"type":"Point","coordinates":[-119.11633,35.69921]}},{"type":"Feature","properties":{"station_id":"357036N1193392W001","well_use":"Observation","slope_ft_per_yr":-4.675,"p_value":0.0,"trend":"decreasing","n_measurements":57,"record_years":30.5},"geometry":{"type":"Point","coordinates":[-119.33917,35.70357]}},{"type":"Feature","properties":{"station_id":"357056N1191162W001","well_use":"Irrigation","slope_ft_per_yr":-2.382,"p_value":0.0,"trend":"decreasing","n_measurements":35,"record_years":31.1},"geometry":{"type":"Point","coordinates":[-119.1162,35.70389]}},{"type":"Feature","properties":{"station_id":"357103N1191112W001","well_use":"Irrigation","slope_ft_per_yr":-3.944,"p_value":0.0,"trend":"decreasing","n_measurements":40,"record_years":31.1},"geometry":{"type":"Point","coordinates":[-119.11186,35.71039]}},{"type":"Feature","properties":{"station_id":"357106N1193570W001","well_use":"Unknown","slope_ft_per_yr":1.733,"p_value":0.1131,"trend":"no trend","n_measurements":23,"record_years":12.3},"geometry":{"type":"Point","coordinates":[-119.357,35.7106]}},{"type":"Feature","properties":{"station_id":"357106N1193909W001","well_use":"Irrigation","slope_ft_per_yr":1.055,"p_value":0.3043,"trend":"no trend","n_measurements":21,"record_years":12.0},"geometry":{"type":"Point","coordinates":[-119.3909,35.7106]}},{"type":"Feature","properties":{"station_id":"357169N1195665W001","well_use":"Observation","slope_ft_per_yr":-7.931,"p_value":0.0006,"trend":"decreasing","n_measurements":20,"record_years":10.9},"geometry":{"type":"Point","coordinates":[-119.56653,35.71692]}},{"type":"Feature","properties":{"station_id":"357184N1191449W001","well_use":"Irrigation","slope_ft_per_yr":0.0,"p_value":1.0,"trend":"no trend","n_measurements":27,"record_years":14.0},"geometry":{"type":"Point","coordinates":[-119.1449,35.71837]}},{"type":"Feature","properties":{"station_id":"357185N1193042W001","well_use":"Irrigation","slope_ft_per_yr":-0.308,"p_value":0.785,"trend":"no trend","n_measurements":24,"record_years":11.3},"geometry":{"type":"Point","coordinates":[-119.3042,35.7185]}},{"type":"Feature","properties":{"station_id":"357208N1190409W001","well_use":"Irrigation","slope_ft_per_yr":-4.607,"p_value":0.0,"trend":"decreasing","n_measurements":25,"record_years":28.1},"geometry":{"type":"Point","coordinates":[-119.04208,35.72242]}},{"type":"Feature","properties":{"station_id":"357211N1193662W001","well_use":"Irrigation","slope_ft_per_yr":1.008,"p_value":0.011,"trend":"increasing","n_measurements":55,"record_years":31.1},"geometry":{"type":"Point","coordinates":[-119.3662,35.7211]}},{"type":"Feature","properties":{"station_id":"357228N1195538W001","well_use":"Observation","slope_ft_per_yr":-4.449,"p_value":0.0,"trend":"decreasing","n_measurements":47,"record_years":24.0},"geometry":{"type":"Point","coordinates":[-119.5538,35.72281]}},{"type":"Feature","properties":{"station_id":"357231N1190881W001","well_use":"Irrigation","slope_ft_per_yr":-3.989,"p_value":0.0,"trend":"decreasing","n_measurements":31,"record_years":30.6},"geometry":{"type":"Point","coordinates":[-119.08854,35.7215]}},{"type":"Feature","properties":{"station_id":"357236N1191695W001","well_use":"Unknown","slope_ft_per_yr":-6.551,"p_value":0.0005,"trend":"decreasing","n_measurements":20,"record_years":16.1},"geometry":{"type":"Point","coordinates":[-119.1695,35.7236]}},{"type":"Feature","properties":{"station_id":"357250N1190506W001","well_use":"Irrigation","slope_ft_per_yr":-3.434,"p_value":0.0,"trend":"decreasing","n_measurements":104,"record_years":31.1},"geometry":{"type":"Point","coordinates":[-119.05351,35.7252]}},{"type":"Feature","properties":{"station_id":"357281N1190706W001","well_use":"Irrigation","slope_ft_per_yr":-1.996,"p_value":0.0,"trend":"decreasing","n_measurements":24,"record_years":25.1},"geometry":{"type":"Point","coordinates":[-119.0706,35.7281]}},{"type":"Feature","properties":{"station_id":"357283N1191698W001","well_use":"Unknown","slope_ft_per_yr":-5.347,"p_value":0.0002,"trend":"decreasing","n_measurements":20,"record_years":16.1},"geometry":{"type":"Point","coordinates":[-119.1698,35.7283]}},{"type":"Feature","properties":{"station_id":"357325N1190442W001","well_use":"Irrigation","slope_ft_per_yr":-2.629,"p_value":0.0,"trend":"decreasing","n_measurements":25,"record_years":23.7},"geometry":{"type":"Point","coordinates":[-119.0442,35.7325]}},{"type":"Feature","properties":{"station_id":"357325N1191059W001","well_use":"Irrigation","slope_ft_per_yr":-0.249,"p_value":0.4752,"trend":"no trend","n_measurements":29,"record_years":27.7},"geometry":{"type":"Point","coordinates":[-119.10547,35.73306]}},{"type":"Feature","properties":{"station_id":"357364N1190640W001","well_use":"Irrigation","slope_ft_per_yr":-3.66,"p_value":0.0,"trend":"decreasing","n_measurements":30,"record_years":30.1},"geometry":{"type":"Point","coordinates":[-119.06651,35.73613]}},{"type":"Feature","properties":{"station_id":"357395N1192052W001","well_use":"Irrigation","slope_ft_per_yr":5.876,"p_value":0.0057,"trend":"increasing","n_measurements":28,"record_years":14.0},"geometry":{"type":"Point","coordinates":[-119.2052,35.73948]}},{"type":"Feature","properties":{"station_id":"357403N1190256W001","well_use":"Irrigation","slope_ft_per_yr":-2.731,"p_value":0.0003,"trend":"decreasing","n_measurements":27,"record_years":23.7},"geometry":{"type":"Point","coordinates":[-119.02572,35.74009]}},{"type":"Feature","properties":{"station_id":"357403N1190320W001","well_use":"Irrigation","slope_ft_per_yr":-3.943,"p_value":0.0,"trend":"decreasing","n_measurements":34,"record_years":31.1},"geometry":{"type":"Point","coordinates":[-119.032,35.7403]}},{"type":"Feature","properties":{"station_id":"357450N1190676W001","well_use":"Irrigation","slope_ft_per_yr":-4.561,"p_value":0.0,"trend":"decreasing","n_measurements":32,"record_years":30.6},"geometry":{"type":"Point","coordinates":[-119.0676,35.745]}},{"type":"Feature","properties":{"station_id":"357464N1190898W001","well_use":"Irrigation","slope_ft_per_yr":-2.176,"p_value":0.0118,"trend":"decreasing","n_measurements":40,"record_years":30.1},"geometry":{"type":"Point","coordinates":[-119.08988,35.7471]}},{"type":"Feature","properties":{"station_id":"357470N1193360W001","well_use":"Irrigation","slope_ft_per_yr":-0.967,"p_value":0.3383,"trend":"no trend","n_measurements":25,"record_years":14.0},"geometry":{"type":"Point","coordinates":[-119.336,35.74702]}},{"type":"Feature","properties":{"station_id":"357503N1190578W001","well_use":"Irrigation","slope_ft_per_yr":-3.773,"p_value":0.0,"trend":"decreasing","n_measurements":133,"record_years":30.7},"geometry":{"type":"Point","coordinates":[-119.05834,35.75054]}},{"type":"Feature","properties":{"station_id":"357506N1190712W001","well_use":"Irrigation","slope_ft_per_yr":-3.131,"p_value":0.0,"trend":"decreasing","n_measurements":26,"record_years":23.6},"geometry":{"type":"Point","coordinates":[-119.067,35.751]}},{"type":"Feature","properties":{"station_id":"357609N1194366W001","well_use":"Observation","slope_ft_per_yr":-9.033,"p_value":0.0004,"trend":"decreasing","n_measurements":30,"record_years":14.3},"geometry":{"type":"Point","coordinates":[-119.43664,35.76089]}},{"type":"Feature","properties":{"station_id":"357658N1190626W001","well_use":"Irrigation","slope_ft_per_yr":0.682,"p_value":0.0019,"trend":"increasing","n_measurements":20,"record_years":16.0},"geometry":{"type":"Point","coordinates":[-119.0626,35.7658]}},{"type":"Feature","properties":{"station_id":"357661N1190823W001","well_use":"Irrigation","slope_ft_per_yr":0.546,"p_value":0.4064,"trend":"no trend","n_measurements":28,"record_years":21.1},"geometry":{"type":"Point","coordinates":[-119.0823,35.7661]}},{"type":"Feature","properties":{"station_id":"357719N1191074W001","well_use":"Irrigation","slope_ft_per_yr":-0.155,"p_value":0.8334,"trend":"no trend","n_measurements":25,"record_years":19.2},"geometry":{"type":"Point","coordinates":[-119.1074,35.7719]}},{"type":"Feature","properties":{"station_id":"357767N1196538W001","well_use":"Unknown","slope_ft_per_yr":-2.404,"p_value":0.0,"trend":"decreasing","n_measurements":47,"record_years":25.7},"geometry":{"type":"Point","coordinates":[-119.6538,35.7767]}},{"type":"Feature","properties":{"station_id":"357781N1190720W001","well_use":"Irrigation","slope_ft_per_yr":-3.944,"p_value":0.0,"trend":"decreasing","n_measurements":58,"record_years":30.0},"geometry":{"type":"Point","coordinates":[-119.0726,35.7783]}},{"type":"Feature","properties":{"station_id":"357797N1190623W001","well_use":"Irrigation","slope_ft_per_yr":-4.225,"p_value":0.0,"trend":"decreasing","n_measurements":26,"record_years":29.7},"geometry":{"type":"Point","coordinates":[-119.0623,35.7797]}},{"type":"Feature","properties":{"station_id":"357797N1191068W001","well_use":"Irrigation","slope_ft_per_yr":-3.922,"p_value":0.0,"trend":"decreasing","n_measurements":43,"record_years":31.1},"geometry":{"type":"Point","coordinates":[-119.09858,35.77655]}},{"type":"Feature","properties":{"station_id":"357875N1190415W001","well_use":"Irrigation","slope_ft_per_yr":-1.218,"p_value":0.0,"trend":"decreasing","n_measurements":31,"record_years":23.0},"geometry":{"type":"Point","coordinates":[-119.0415,35.7875]}},{"type":"Feature","properties":{"station_id":"357898N1192302W001","well_use":"Public Supply","slope_ft_per_yr":-3.516,"p_value":0.0854,"trend":"no trend","n_measurements":33,"record_years":12.9},"geometry":{"type":"Point","coordinates":[-119.23024,35.78979]}},{"type":"Feature","properties":{"station_id":"372732N1192754W001","well_use":"Irrigation","slope_ft_per_yr":-2.156,"p_value":0.001,"trend":"decreasing","n_measurements":32,"record_years":19.7},"geometry":{"type":"Point","coordinates":[-119.2754,35.2732]}},{"type":"Feature","properties":{"station_id":"372849N1192804W001","well_use":"Irrigation","slope_ft_per_yr":-2.933,"p_value":0.0027,"trend":"decreasing","n_measurements":32,"record_years":20.1},"geometry":{"type":"Point","coordinates":[-119.2804,35.2849]}},{"type":"Feature","properties":{"station_id":"372963N1192641W001","well_use":"Irrigation","slope_ft_per_yr":-5.409,"p_value":0.0007,"trend":"decreasing","n_measurements":30,"record_years":20.1},"geometry":{"type":"Point","coordinates":[-119.2641,35.2963]}}]}