{"type":"FeatureCollection","features":[{"type":"Feature","properties":{"station_id":"360872N1194652W001","well_use":"Irrigation","slope_ft_per_yr":-0.869,"p_value":0.4751,"trend":"no trend","n_measurements":20,"record_years":17.7},"geometry":{"type":"Point","coordinates":[-119.4652,36.0872]}},{"type":"Feature","properties":{"station_id":"360906N1194649W001","well_use":"Unknown","slope_ft_per_yr":0.062,"p_value":0.9741,"trend":"no trend","n_measurements":20,"record_years":16.0},"geometry":{"type":"Point","coordinates":[-119.4649,36.0906]}},{"type":"Feature","properties":{"station_id":"360978N1195360W001","well_use":"Unknown","slope_ft_per_yr":-1.846,"p_value":0.0135,"trend":"decreasing","n_measurements":26,"record_years":15.9},"geometry":{"type":"Point","coordinates":[-119.536,36.0978]}},{"type":"Feature","properties":{"station_id":"361086N1194118W001","well_use":"Irrigation","slope_ft_per_yr":-1.829,"p_value":0.0008,"trend":"decreasing","n_measurements":28,"record_years":24.1},"geometry":{"type":"Point","coordinates":[-119.4118,36.1086]}},{"type":"Feature","properties":{"station_id":"361089N1194293W001","well_use":"Irrigation","slope_ft_per_yr":-1.589,"p_value":0.0043,"trend":"decreasing","n_measurements":27,"record_years":24.1},"geometry":{"type":"Point","coordinates":[-119.4293,36.1089]}},{"type":"Feature","properties":{"station_id":"361089N1194560W001","well_use":"Unknown","slope_ft_per_yr":0.248,"p_value":0.7854,"trend":"no trend","n_measurements":21,"record_years":18.1},"geometry":{"type":"Point","coordinates":[-119.456,36.1089]}},{"type":"Feature","properties":{"station_id":"361122N1195013W001","well_use":"Unknown","slope_ft_per_yr":-0.499,"p_value":0.5917,"trend":"no trend","n_measurements":22,"record_years":16.0},"geometry":{"type":"Point","coordinates":[-119.5013,36.1122]}},{"type":"Feature","properties":{"station_id":"361156N1195191W001","well_use":"Residential","slope_ft_per_yr":-1.725,"p_value":0.0,"trend":"decreasing","n_measurements":40,"record_years":31.0},"geometry":{"type":"Point","coordinates":[-119.5191,36.1156]}},{"type":"Feature","properties":{"station_id":"361161N1194654W001","well_use":"Unknown","slope_ft_per_yr":-1.151,"p_value":0.2747,"trend":"no trend","n_measurements":24,"record_years":18.1},"geometry":{"type":"Point","coordinates":[-119.4654,36.1161]}},{"type":"Feature","properties":{"station_id":"361175N1190812W001","well_use":"Irrigation","slope_ft_per_yr":0.404,"p_value":0.6914,"trend":"no trend","n_measurements":26,"record_years":14.4},"geometry":{"type":"Point","coordinates":[-119.0812,36.1175]}},{"type":"Feature","properties":{"station_id":"361181N1190148W001","well_use":"Irrigation","slope_ft_per_yr":-1.984,"p_value":0.0,"trend":"decreasing","n_measurements":53,"record_years":31.1},"geometry":{"type":"Point","coordinates":[-119.0148,36.1181]}},{"type":"Feature","properties":{"station_id":"361181N1191078W001","well_use":"Unknown","slope_ft_per_yr":-2.134,"p_value":0.0004,"trend":"decreasing","n_measurements":26,"record_years":15.4},"geometry":{"type":"Point","coordinates":[-119.1078,36.1181]}},{"type":"Feature","properties":{"station_id":"361194N1190634W001","well_use":"Unknown","slope_ft_per_yr":-1.926,"p_value":0.0007,"trend":"decreasing","n_measurements":27,"record_years":16.1},"geometry":{"type":"Point","coordinates":[-119.0634,36.1194]}},{"type":"Feature","properties":{"station_id":"361197N1195099W001","well_use":"Irrigation","slope_ft_per_yr":-0.593,"p_value":0.6722,"trend":"no trend","n_measurements":23,"record_years":18.1},"geometry":{"type":"Point","coordinates":[-119.5099,36.1197]}},{"type":"Feature","properties":{"station_id":"361197N1195191W001","well_use":"Unknown","slope_ft_per_yr":-1.237,"p_value":0.3156,"trend":"no trend","n_measurements":23,"record_years":16.0},"geometry":{"type":"Point","coordinates":[-119.5191,36.1197]}},{"type":"Feature","properties":{"station_id":"361200N1191206W001","well_use":"Unknown","slope_ft_per_yr":-2.376,"p_value":0.0004,"trend":"decreasing","n_measurements":27,"record_years":16.1},"geometry":{"type":"Point","coordinates":[-119.1206,36.12]}},{"type":"Feature","properties":{"station_id":"361200N1191253W001","well_use":"Irrigation","slope_ft_per_yr":-3.12,"p_value":0.0,"trend":"decreasing","n_measurements":53,"record_years":31.1},"geometry":{"type":"Point","coordinates":[-119.1253,36.12]}},{"type":"Feature","properties":{"station_id":"361203N1190462W001","well_use":"Unknown","slope_ft_per_yr":-1.907,"p_value":0.0004,"trend":"decreasing","n_measurements":27,"record_years":16.1},"geometry":{"type":"Point","coordinates":[-119.0462,36.1203]}},{"type":"Feature","properties":{"station_id":"361211N1190331W001","well_use":"Unknown","slope_ft_per_yr":-1.973,"p_value":0.0005,"trend":"decreasing","n_measurements":27,"record_years":16.1},"geometry":{"type":"Point","coordinates":[-119.0331,36.1211]}},{"type":"Feature","properties":{"station_id":"361214N1194627W001","well_use":"Irrigation","slope_ft_per_yr":-6.198,"p_value":0.0002,"trend":"decreasing","n_measurements":24,"record_years":19.7},"geometry":{"type":"Point","coordinates":[-119.4627,36.1214]}},{"type":"Feature","properties":{"station_id":"361219N1190406W001","well_use":"Unknown","slope_ft_per_yr":-1.01,"p_value":0.0185,"trend":"decreasing","n_measurements":27,"record_years":16.1},"geometry":{"type":"Point","coordinates":[-119.0406,36.1219]}},{"type":"Feature","properties":{"station_id":"361219N1193946W001","well_use":"Irrigation","slope_ft_per_yr":-0.517,"p_value":0.088,"trend":"no trend","n_measurements":43,"record_years":31.1},"geometry":{"type":"Point","coordinates":[-119.3946,36.1219]}},{"type":"Feature","properties":{"station_id":"361239N1190351W001","well_use":"Unknown","slope_ft_per_yr":-1.056,"p_value":0.1231,"trend":"no trend","n_measurements":25,"record_years":16.1},"geometry":{"type":"Point","coordinates":[-119.0351,36.1239]}},{"type":"Feature","properties":{"station_id":"361239N1190473W001","well_use":"Unknown","slope_ft_per_yr":-1.83,"p_value":0.0017,"trend":"decreasing","n_measurements":25,"record_years":16.1},"geometry":{"type":"Point","coordinates":[-119.0473,36.1239]}},{"type":"Feature","properties":{"station_id":"361239N1190584W001","well_use":"Unknown","slope_ft_per_yr":-1.692,"p_value":0.001,"trend":"decreasing","n_measurements":25,"record_years":16.1},"geometry":{"type":"Point","coordinates":[-119.0584,36.1239]}},{"type":"Feature","properties":{"station_id":"361239N1190942W001","well_use":"Unknown","slope_ft_per_yr":-1.887,"p_value":0.0002,"trend":"decreasing","n_measurements":27,"record_years":16.1},"geometry":{"type":"Point","coordinates":[-119.0942,36.1239]}},{"type":"Feature","properties":{"station_id":"361239N1191076W001","well_use":"Unknown","slope_ft_per_yr":-1.858,"p_value":0.0052,"trend":"decreasing","n_measurements":27,"record_years":16.1},"geometry":{"type":"Point","coordinates":[-119.1076,36.1239]}},{"type":"Feature","properties":{"station_id":"361242N1191615W001","well_use":"Unknown","slope_ft_per_yr":-3.635,"p_value":0.0011,"trend":"decreasing","n_measurements":27,"record_years":16.1},"geometry":{"type":"Point","coordinates":[-119.1615,36.1242]}},{"type":"Feature","properties":{"station_id":"361244N1191126W001","well_use":"Unknown","slope_ft_per_yr":-1.85,"p_value":0.011,"trend":"decreasing","n_measurements":27,"record_years":16.1},"geometry":{"type":"Point","coordinates":[-119.1126,36.1244]}},{"type":"Feature","properties":{"station_id":"361256N1191009W001","well_use":"Unknown","slope_ft_per_yr":-1.897,"p_value":0.0004,"trend":"decreasing","n_measurements":27,"record_years":16.1},"geometry":{"type":"Point","coordinates":[-119.1009,36.1256]}},{"type":"Feature","properties":{"station_id":"361264N1191473W001","well_use":"Unknown","slope_ft_per_yr":-3.075,"p_value":0.0014,"trend":"decreasing","n_measurements":27,"record_years":16.1},"geometry":{"type":"Point","coordinates":[-119.1473,36.1264]}},{"type":"Feature","properties":{"station_id":"361267N1194782W001","well_use":"Irrigation","slope_ft_per_yr":-2.957,"p_value":0.0002,"trend":"decreasing","n_measurements":31,"record_years":24.0},"geometry":{"type":"Point","coordinates":[-119.4782,36.1267]}},{"type":"Feature","properties":{"station_id":"361267N1195024W001","well_use":"Unknown","slope_ft_per_yr":-0.482,"p_value":0.6919,"trend":"no trend","n_measurements":23,"record_years":18.1},"geometry":{"type":"Point","coordinates":[-119.5024,36.1267]}},{"type":"Feature","properties":{"station_id":"361272N1191167W001","well_use":"Unknown","slope_ft_per_yr":-1.941,"p_value":0.0027,"trend":"decreasing","n_measurements":27,"record_years":16.1},"geometry":{"type":"Point","coordinates":[-119.1167,36.1272]}},{"type":"Feature","properties":{"station_id":"361278N1191309W001","well_use":"Unknown","slope_ft_per_yr":-1.863,"p_value":0.0302,"trend":"decreasing","n_measurements":27,"record_years":16.1},"geometry":{"type":"Point","coordinates":[-119.1309,36.1278]}},{"type":"Feature","properties":{"station_id":"361303N1190415W001","well_use":"Unknown","slope_ft_per_yr":-1.915,"p_value":0.0014,"trend":"decreasing","n_measurements":25,"record_years":16.1},"geometry":{"type":"Point","coordinates":[-119.0415,36.1303]}},{"type":"Feature","properties":{"station_id":"361303N1193665W001","well_use":"Irrigation","slope_ft_per_yr":-6.688,"p_value":0.0001,"trend":"decreasing","n_measurements":32,"record_years":23.8},"geometry":{"type":"Point","coordinates":[-119.3665,36.1303]}},{"type":"Feature","properties":{"station_id":"361311N1190334W001","well_use":"Unknown","slope_ft_per_yr":-1.588,"p_value":0.0265,"trend":"decreasing","n_measurements":25,"record_years":16.1},"geometry":{"type":"Point","coordinates":[-119.0334,36.1311]}},{"type":"Feature","properties":{"station_id":"361311N1190603W001","well_use":"Unknown","slope_ft_per_yr":-1.599,"p_value":0.0014,"trend":"decreasing","n_measurements":25,"record_years":16.1},"geometry":{"type":"Point","coordinates":[-119.0603,36.1311]}},{"type":"Feature","properties":{"station_id":"361314N1191345W001","well_use":"Unknown","slope_ft_per_yr":-2.75,"p_value":0.0011,"trend":"decreasing","n_measurements":27,"record_years":16.1},"geometry":{"type":"Point","coordinates":[-119.1345,36.1314]}},{"type":"Feature","properties":{"station_id":"361319N1193938W001","well_use":"Irrigation","slope_ft_per_yr":-1.784,"p_value":0.0001,"trend":"decreasing","n_measurements":46,"record_years":31.1},"geometry":{"type":"Point","coordinates":[-119.3938,36.1319]}},{"type":"Feature","properties":{"station_id":"361319N1195182W001","well_use":"Unknown","slope_ft_per_yr":-2.557,"p_value":0.0346,"trend":"decreasing","n_measurements":23,"record_years":18.1},"geometry":{"type":"Point","coordinates":[-119.5182,36.1319]}},{"type":"Feature","properties":{"station_id":"361325N1190631W001","well_use":"Unknown","slope_ft_per_yr":-1.927,"p_value":0.0015,"trend":"decreasing","n_measurements":25,"record_years":16.1},"geometry":{"type":"Point","coordinates":[-119.0631,36.1325]}},{"type":"Feature","properties":{"station_id":"361325N1190876W001","well_use":"Unknown","slope_ft_per_yr":-2.826,"p_value":0.0001,"trend":"decreasing","n_measurements":22,"record_years":15.4},"geometry":{"type":"Point","coordinates":[-119.0876,36.1325]}},{"type":"Feature","properties":{"station_id":"361344N1190520W001","well_use":"Unknown","slope_ft_per_yr":-1.448,"p_value":0.0183,"trend":"decreasing","n_measurements":25,"record_years":16.1},"geometry":{"type":"Point","coordinates":[-119.052,36.1344]}},{"type":"Feature","properties":{"station_id":"361344N1193852W001","well_use":"Unknown","slope_ft_per_yr":-2.329,"p_value":0.0405,"trend":"decreasing","n_measurements":20,"record_years":16.0},"geometry":{"type":"Point","coordinates":[-119.3852,36.1344]}},{"type":"Feature","properties":{"station_id":"361347N1191520W001","well_use":"Unknown","slope_ft_per_yr":-2.67,"p_value":0.0056,"trend":"decreasing","n_measurements":27,"record_years":16.1},"geometry":{"type":"Point","coordinates":[-119.152,36.1347]}},{"type":"Feature","properties":{"station_id":"361372N1194768W001","well_use":"Unknown","slope_ft_per_yr":-0.571,"p_value":0.7455,"trend":"no trend","n_measurements":20,"record_years":15.7},"geometry":{"type":"Point","coordinates":[-119.4768,36.1372]}},{"type":"Feature","properties":{"station_id":"361372N1194860W001","well_use":"Unknown","slope_ft_per_yr":-0.709,"p_value":0.6074,"trend":"no trend","n_measurements":21,"record_years":16.0},"geometry":{"type":"Point","coordinates":[-119.486,36.1372]}},{"type":"Feature","properties":{"station_id":"361375N1195049W002","well_use":"Unknown","slope_ft_per_yr":-2.092,"p_value":0.0,"trend":"decreasing","n_measurements":36,"record_years":31.0},"geometry":{"type":"Point","coordinates":[-119.5049,36.1375]}},{"type":"Feature","properties":{"station_id":"361378N1191256W001","well_use":"Unknown","slope_ft_per_yr":-1.845,"p_value":0.0431,"trend":"decreasing","n_measurements":27,"record_years":16.1},"geometry":{"type":"Point","coordinates":[-119.1256,36.1378]}},{"type":"Feature","properties":{"station_id":"361378N1191642W001","well_use":"Unknown","slope_ft_per_yr":-2.941,"p_value":0.0007,"trend":"decreasing","n_measurements":27,"record_years":16.1},"geometry":{"type":"Point","coordinates":[-119.1642,36.1378]}},{"type":"Feature","properties":{"station_id":"361378N1194560W001","well_use":"Unknown","slope_ft_per_yr":-1.465,"p_value":0.2174,"trend":"no trend","n_measurements":20,"record_years":17.4},"geometry":{"type":"Point","coordinates":[-119.456,36.1378]}},{"type":"Feature","properties":{"station_id":"361381N1191190W001","well_use":"Unknown","slope_ft_per_yr":-3.108,"p_value":0.0,"trend":"decreasing","n_measurements":27,"record_years":16.1},"geometry":{"type":"Point","coordinates":[-119.119,36.1381]}},{"type":"Feature","properties":{"station_id":"361381N1191434W001","well_use":"Unknown","slope_ft_per_yr":-1.941,"p_value":0.0049,"trend":"decreasing","n_measurements":27,"record_years":16.1},"geometry":{"type":"Point","coordinates":[-119.1434,36.1381]}},{"type":"Feature","properties":{"station_id":"361386N1190665W001","well_use":"Unknown","slope_ft_per_yr":-1.401,"p_value":0.0031,"trend":"decreasing","n_measurements":27,"record_years":16.1},"geometry":{"type":"Point","coordinates":[-119.0665,36.1386]}},{"type":"Feature","properties":{"station_id":"361386N1191412W001","well_use":"Unknown","slope_ft_per_yr":-1.741,"p_value":0.0103,"trend":"decreasing","n_measurements":27,"record_years":16.1},"geometry":{"type":"Point","coordinates":[-119.1412,36.1386]}},{"type":"Feature","properties":{"station_id":"361389N1190890W001","well_use":"Unknown","slope_ft_per_yr":-1.901,"p_value":0.0029,"trend":"decreasing","n_measurements":27,"record_years":16.1},"geometry":{"type":"Point","coordinates":[-119.089,36.1389]}},{"type":"Feature","properties":{"station_id":"361389N1191253W001","well_use":"Unknown","slope_ft_per_yr":-1.353,"p_value":0.0454,"trend":"decreasing","n_measurements":27,"record_years":16.1},"geometry":{"type":"Point","coordinates":[-119.1253,36.1389]}},{"type":"Feature","properties":{"station_id":"361394N1191631W001","well_use":"Unknown","slope_ft_per_yr":-2.872,"p_value":0.0014,"trend":"decreasing","n_measurements":27,"record_years":16.1},"geometry":{"type":"Point","coordinates":[-119.1631,36.1394]}},{"type":"Feature","properties":{"station_id":"361397N1194021W001","well_use":"Unknown","slope_ft_per_yr":-0.271,"p_value":0.8081,"trend":"no trend","n_measurements":26,"record_years":18.1},"geometry":{"type":"Point","coordinates":[-119.4021,36.1397]}},{"type":"Feature","properties":{"station_id":"361419N1191581W001","well_use":"Unknown","slope_ft_per_yr":-2.465,"p_value":0.0015,"trend":"decreasing","n_measurements":27,"record_years":16.1},"geometry":{"type":"Point","coordinates":[-119.1581,36.1419]}},{"type":"Feature","properties":{"station_id":"361422N1190401W001","well_use":"Unknown","slope_ft_per_yr":-1.454,"p_value":0.0038,"trend":"decreasing","n_measurements":27,"record_years":16.1},"geometry":{"type":"Point","coordinates":[-119.0401,36.1422]}},{"type":"Feature","properties":{"station_id":"361450N1190940W001","well_use":"Unknown","slope_ft_per_yr":-1.895,"p_value":0.0025,"trend":"decreasing","n_measurements":27,"record_years":16.1},"geometry":{"type":"Point","coordinates":[-119.094,36.145]}},{"type":"Feature","properties":{"station_id":"361450N1191434W001","well_use":"Unknown","slope_ft_per_yr":-1.799,"p_value":0.026,"trend":"decreasing","n_measurements":26,"record_years":15.4},"geometry":{"type":"Point","coordinates":[-119.1434,36.145]}},{"type":"Feature","properties":{"station_id":"361461N1191165W001","well_use":"Irrigation","slope_ft_per_yr":-4.425,"p_value":0.0,"trend":"decreasing","n_measurements":53,"record_years":31.1},"geometry":{"type":"Point","coordinates":[-119.1165,36.1461]}},{"type":"Feature","properties":{"station_id":"361497N1195296W001","well_use":"Irrigation","slope_ft_per_yr":-1.153,"p_value":0.007,"trend":"decreasing","n_measurements":47,"record_years":30.5},"geometry":{"type":"Point","coordinates":[-119.5296,36.1497]}},{"type":"Feature","properties":{"station_id":"361517N1190898W001","well_use":"Unknown","slope_ft_per_yr":-1.883,"p_value":0.0007,"trend":"decreasing","n_measurements":27,"record_years":16.1},"geometry":{"type":"Point","coordinates":[-119.0898,36.1517]}},{"type":"Feature","properties":{"station_id":"361519N1191253W001","well_use":"Unknown","slope_ft_per_yr":-0.867,"p_value":0.3268,"trend":"no trend","n_measurements":27,"record_years":16.1},"geometry":{"type":"Point","coordinates":[-119.1253,36.1519]}},{"type":"Feature","properties":{"station_id":"361519N1191612W001","well_use":"Unknown","slope_ft_per_yr":-2.475,"p_value":0.0052,"trend":"decreasing","n_measurements":27,"record_years":16.1},"geometry":{"type":"Point","coordinates":[-119.1612,36.1519]}},{"type":"Feature","properties":{"station_id":"361522N1191706W001","well_use":"Residential","slope_ft_per_yr":-5.333,"p_value":0.0,"trend":"decreasing","n_measurements":44,"record_years":22.5},"geometry":{"type":"Point","coordinates":[-119.1706,36.1522]}},{"type":"Feature","properties":{"station_id":"361528N1195296W001","well_use":"Unknown","slope_ft_per_yr":-1.732,"p_value":0.2269,"trend":"no trend","n_measurements":21,"record_years":14.9},"geometry":{"type":"Point","coordinates":[-119.5296,36.1528]}},{"type":"Feature","properties":{"station_id":"361531N1191526W001","well_use":"Unknown","slope_ft_per_yr":-0.812,"p_value":0.0578,"trend":"no trend","n_measurements":27,"record_years":16.1},"geometry":{"type":"Point","coordinates":[-119.1526,36.1531]}},{"type":"Feature","properties":{"station_id":"361531N1191887W001","well_use":"Unknown","slope_ft_per_yr":-2.866,"p_value":0.0003,"trend":"decreasing","n_measurements":27,"record_years":16.1},"geometry":{"type":"Point","coordinates":[-119.1887,36.1531]}},{"type":"Feature","properties":{"station_id":"361533N1190645W001","well_use":"Irrigation","slope_ft_per_yr":-1.274,"p_value":0.0037,"trend":"decreasing","n_measurements":28,"record_years":16.7},"geometry":{"type":"Point","coordinates":[-119.0645,36.1533]}},{"type":"Feature","properties":{"station_id":"361533N1191392W001","well_use":"Unknown","slope_ft_per_yr":-1.734,"p_value":0.0174,"trend":"decreasing","n_measurements":27,"record_years":16.1},"geometry":{"type":"Point","coordinates":[-119.1392,36.1533]}},{"type":"Feature","properties":{"station_id":"361536N1194579W001","well_use":"Unknown","slope_ft_per_yr":-1.569,"p_value":0.028,"trend":"decreasing","n_measurements":23,"record_years":18.1},"geometry":{"type":"Point","coordinates":[-119.4579,36.1536]}},{"type":"Feature","properties":{"station_id":"361539N1191662W001","well_use":"Unknown","slope_ft_per_yr":-1.849,"p_value":0.0035,"trend":"decreasing","n_measurements":27,"record_years":16.1},"geometry":{"type":"Point","coordinates":[-119.1662,36.1539]}},{"type":"Feature","properties":{"station_id":"361539N1195113W001","well_use":"Irrigation","slope_ft_per_yr":-3.183,"p_value":0.001,"trend":"decreasing","n_measurements":21,"record_years":23.3},"geometry":{"type":"Point","coordinates":[-119.5113,36.1539]}},{"type":"Feature","properties":{"station_id":"361544N1191009W001","well_use":"Unknown","slope_ft_per_yr":-1.516,"p_value":0.0218,"trend":"decreasing","n_measurements":27,"record_years":16.1},"geometry":{"type":"Point","coordinates":[-119.1009,36.1544]}},{"type":"Feature","properties":{"station_id":"361544N1191098W001","well_use":"Unknown","slope_ft_per_yr":-1.383,"p_value":0.0525,"trend":"no trend","n_measurements":27,"record_years":16.1},"geometry":{"type":"Point","coordinates":[-119.1098,36.1544]}},{"type":"Feature","properties":{"station_id":"361547N1191187W001","well_use":"Unknown","slope_ft_per_yr":-1.43,"p_value":0.0663,"trend":"no trend","n_measurements":27,"record_years":16.1},"geometry":{"type":"Point","coordinates":[-119.1187,36.1547]}},{"type":"Feature","properties":{"station_id":"361564N1190048W001","well_use":"Irrigation","slope_ft_per_yr":-1.179,"p_value":0.0,"trend":"decreasing","n_measurements":42,"record_years":31.1},"geometry":{"type":"Point","coordinates":[-119.0048,36.1564]}},{"type":"Feature","properties":{"station_id":"361564N1191862W001","well_use":"Unknown","slope_ft_per_yr":-2.292,"p_value":0.0031,"trend":"decreasing","n_measurements":27,"record_years":16.1},"geometry":{"type":"Point","coordinates":[-119.1862,36.1564]}},{"type":"Feature","properties":{"station_id":"361564N1194404W001","well_use":"Irrigation","slope_ft_per_yr":-1.638,"p_value":0.0442,"trend":"decreasing","n_measurements":25,"record_years":18.1},"geometry":{"type":"Point","coordinates":[-119.4404,36.1564]}},{"type":"Feature","properties":{"station_id":"361578N1194235W001","well_use":"Unknown","slope_ft_per_yr":-1.301,"p_value":0.129,"trend":"no trend","n_measurements":24,"record_years":18.1},"geometry":{"type":"Point","coordinates":[-119.4235,36.1578]}},{"type":"Feature","properties":{"station_id":"361578N1194935W001","well_use":"Unknown","slope_ft_per_yr":-1.648,"p_value":0.0649,"trend":"no trend","n_measurements":25,"record_years":18.1},"geometry":{"type":"Point","coordinates":[-119.4935,36.1578]}},{"type":"Feature","properties":{"station_id":"361586N1193782W001","well_use":"Irrigation","slope_ft_per_yr":-1.167,"p_value":0.0,"trend":"decreasing","n_measurements":43,"record_years":31.0},"geometry":{"type":"Point","coordinates":[-119.3782,36.1586]}},{"type":"Feature","properties":{"station_id":"361592N1191812W001","well_use":"Unknown","slope_ft_per_yr":-2.045,"p_value":0.0165,"trend":"decreasing","n_measurements":27,"record_years":16.1},"geometry":{"type":"Point","coordinates":[-119.1812,36.1592]}},{"type":"Feature","properties":{"station_id":"361592N1194043W001","well_use":"Irrigation","slope_ft_per_yr":-1.394,"p_value":0.0006,"trend":"decreasing","n_measurements":30,"record_years":24.0},"geometry":{"type":"Point","coordinates":[-119.4043,36.1592]}},{"type":"Feature","properties":{"station_id":"361603N1191706W001","well_use":"Unknown","slope_ft_per_yr":-1.596,"p_value":0.073,"trend":"no trend","n_measurements":27,"record_years":16.1},"geometry":{"type":"Point","coordinates":[-119.1706,36.1603]}},{"type":"Feature","properties":{"station_id":"361606N1190992W001","well_use":"Unknown","slope_ft_per_yr":-1.564,"p_value":0.0147,"trend":"decreasing","n_measurements":27,"record_years":16.1},"geometry":{"type":"Point","coordinates":[-119.0992,36.1606]}},{"type":"Feature","properties":{"station_id":"361619N1190812W001","well_use":"Unknown","slope_ft_per_yr":-1.766,"p_value":0.0063,"trend":"decreasing","n_measurements":27,"record_years":16.1},"geometry":{"type":"Point","coordinates":[-119.0812,36.1619]}},{"type":"Feature","properties":{"station_id":"361619N1191056W001","well_use":"Unknown","slope_ft_per_yr":-1.43,"p_value":0.0185,"trend":"decreasing","n_measurements":27,"record_years":16.1},"geometry":{"type":"Point","coordinates":[-119.1056,36.1619]}},{"type":"Feature","properties":{"station_id":"361622N1190767W001","well_use":"Unknown","slope_ft_per_yr":-1.245,"p_value":0.0076,"trend":"decreasing","n_measurements":27,"record_years":16.1},"geometry":{"type":"Point","coordinates":[-119.0767,36.1622]}},{"type":"Feature","properties":{"station_id":"361622N1191234W001","well_use":"Unknown","slope_ft_per_yr":-1.454,"p_value":0.0665,"trend":"no trend","n_measurements":27,"record_years":16.1},"geometry":{"type":"Point","coordinates":[-119.1234,36.1622]}},{"type":"Feature","properties":{"station_id":"361633N1194479W001","well_use":"Unknown","slope_ft_per_yr":-2.992,"p_value":0.0,"trend":"decreasing","n_measurements":34,"record_years":31.0},"geometry":{"type":"Point","coordinates":[-119.4479,36.1633]}},{"type":"Feature","properties":{"station_id":"361639N1191312W001","well_use":"Unknown","slope_ft_per_yr":-1.637,"p_value":0.0206,"trend":"decreasing","n_measurements":27,"record_years":16.1},"geometry":{"type":"Point","coordinates":[-119.1312,36.1639]}},{"type":"Feature","properties":{"station_id":"361661N1190965W001","well_use":"Unknown","slope_ft_per_yr":-1.849,"p_value":0.0009,"trend":"decreasing","n_measurements":23,"record_years":15.4},"geometry":{"type":"Point","coordinates":[-119.0965,36.1661]}},{"type":"Feature","properties":{"station_id":"361661N1194727W001","well_use":"Irrigation","slope_ft_per_yr":-2.76,"p_value":0.0171,"trend":"decreasing","n_measurements":25,"record_years":21.7},"geometry":{"type":"Point","coordinates":[-119.4727,36.1661]}},{"type":"Feature","properties":{"station_id":"361669N1191481W001","well_use":"Unknown","slope_ft_per_yr":-1.557,"p_value":0.0097,"trend":"decreasing","n_measurements":27,"record_years":16.1},"geometry":{"type":"Point","coordinates":[-119.1481,36.1669]}},{"type":"Feature","properties":{"station_id":"361672N1191145W001","well_use":"Unknown","slope_ft_per_yr":-2.007,"p_value":0.004,"trend":"decreasing","n_measurements":27,"record_years":16.1},"geometry":{"type":"Point","coordinates":[-119.1145,36.1672]}},{"type":"Feature","properties":{"station_id":"361672N1191351W001","well_use":"Unknown","slope_ft_per_yr":-1.584,"p_value":0.0196,"trend":"decreasing","n_measurements":27,"record_years":16.1},"geometry":{"type":"Point","coordinates":[-119.1351,36.1672]}},{"type":"Feature","properties":{"station_id":"361672N1193885W001","well_use":"Unknown","slope_ft_per_yr":0.763,"p_value":0.2423,"trend":"no trend","n_measurements":24,"record_years":18.1},"geometry":{"type":"Point","coordinates":[-119.3885,36.1672]}},{"type":"Feature","properties":{"station_id":"361672N1195299W001","well_use":"Irrigation","slope_ft_per_yr":-5.262,"p_value":0.0,"trend":"decreasing","n_measurements":37,"record_years":30.5},"geometry":{"type":"Point","coordinates":[-119.5299,36.1672]}},{"type":"Feature","properties":{"station_id":"361675N1191615W001","well_use":"Unknown","slope_ft_per_yr":-2.07,"p_value":0.0001,"trend":"decreasing","n_measurements":27,"record_years":16.1},"geometry":{"type":"Point","coordinates":[-119.1615,36.1675]}},{"type":"Feature","properties":{"station_id":"361675N1193581W001","well_use":"Unknown","slope_ft_per_yr":-0.081,"p_value":0.9101,"trend":"no trend","n_measurements":22,"record_years":16.0},"geometry":{"type":"Point","coordinates":[-119.3581,36.1675]}},{"type":"Feature","properties":{"station_id":"361681N1192067W001","well_use":"Residential","slope_ft_per_yr":-2.885,"p_value":0.0,"trend":"decreasing","n_measurements":46,"record_years":30.2},"geometry":{"type":"Point","coordinates":[-119.2067,36.1681]}},{"type":"Feature","properties":{"station_id":"361686N1190817W001","well_use":"Unknown","slope_ft_per_yr":-1.049,"p_value":0.0081,"trend":"decreasing","n_measurements":27,"record_years":16.1},"geometry":{"type":"Point","coordinates":[-119.0817,36.1686]}},{"type":"Feature","properties":{"station_id":"361703N1191173W001","well_use":"Unknown","slope_ft_per_yr":-0.616,"p_value":0.2186,"trend":"no trend","n_measurements":27,"record_years":16.1},"geometry":{"type":"Point","coordinates":[-119.1173,36.1703]}},{"type":"Feature","properties":{"station_id":"361708N1190995W001","well_use":"Unknown","slope_ft_per_yr":-1.375,"p_value":0.0185,"trend":"decreasing","n_measurements":27,"record_years":16.1},"geometry":{"type":"Point","coordinates":[-119.0995,36.1708]}},{"type":"Feature","properties":{"station_id":"361708N1191306W001","well_use":"Unknown","slope_ft_per_yr":-1.031,"p_value":0.3069,"trend":"no trend","n_measurements":27,"record_years":16.1},"geometry":{"type":"Point","coordinates":[-119.1306,36.1708]}},{"type":"Feature","properties":{"station_id":"361711N1191442W001","well_use":"Unknown","slope_ft_per_yr":-0.2,"p_value":0.8348,"trend":"no trend","n_measurements":27,"record_years":16.1},"geometry":{"type":"Point","coordinates":[-119.1442,36.1711]}},{"type":"Feature","properties":{"station_id":"361714N1191709W001","well_use":"Unknown","slope_ft_per_yr":-1.469,"p_value":0.0067,"trend":"decreasing","n_measurements":27,"record_years":16.1},"geometry":{"type":"Point","coordinates":[-119.1709,36.1714]}},{"type":"Feature","properties":{"station_id":"361719N1190053W001","well_use":"Unknown","slope_ft_per_yr":-0.742,"p_value":0.2167,"trend":"no trend","n_measurements":20,"record_years":15.7},"geometry":{"type":"Point","coordinates":[-119.0053,36.1719]}},{"type":"Feature","properties":{"station_id":"361739N1194016W002","well_use":"Unknown","slope_ft_per_yr":-0.991,"p_value":0.0625,"trend":"no trend","n_measurements":24,"record_years":17.4},"geometry":{"type":"Point","coordinates":[-119.4016,36.1739]}},{"type":"Feature","properties":{"station_id":"361739N1195127W001","well_use":"Unknown","slope_ft_per_yr":-2.25,"p_value":0.0239,"trend":"decreasing","n_measurements":24,"record_years":18.1},"geometry":{"type":"Point","coordinates":[-119.5127,36.1739]}},{"type":"Feature","properties":{"station_id":"361742N1194304W001","well_use":"Unknown","slope_ft_per_yr":-2.31,"p_value":0.0103,"trend":"decreasing","n_measurements":23,"record_years":18.1},"geometry":{"type":"Point","coordinates":[-119.4304,36.1742]}},{"type":"Feature","properties":{"station_id":"361744N1191084W001","well_use":"Irrigation","slope_ft_per_yr":-1.681,"p_value":0.0087,"trend":"decreasing","n_measurements":26,"record_years":16.1},"geometry":{"type":"Point","coordinates":[-119.1084,36.1744]}},{"type":"Feature","properties":{"station_id":"361744N1191084W002","well_use":"Unknown","slope_ft_per_yr":-1.643,"p_value":0.0046,"trend":"decreasing","n_measurements":27,"record_years":16.1},"geometry":{"type":"Point","coordinates":[-119.1084,36.1744]}},{"type":"Feature","properties":{"station_id":"361744N1191084W003","well_use":"Unknown","slope_ft_per_yr":0.906,"p_value":0.4914,"trend":"no trend","n_measurements":27,"record_years":16.1},"geometry":{"type":"Point","coordinates":[-119.1084,36.1744]}},{"type":"Feature","properties":{"station_id":"361747N1190898W001","well_use":"Unknown","slope_ft_per_yr":-1.348,"p_value":0.023,"trend":"decreasing","n_measurements":27,"record_years":16.1},"geometry":{"type":"Point","coordinates":[-119.0898,36.1747]}},{"type":"Feature","properties":{"station_id":"361753N1191173W001","well_use":"Unknown","slope_ft_per_yr":-1.129,"p_value":0.0411,"trend":"decreasing","n_measurements":27,"record_years":16.1},"geometry":{"type":"Point","coordinates":[-119.1173,36.1753]}},{"type":"Feature","properties":{"station_id":"361756N1193140W001","well_use":"Irrigation","slope_ft_per_yr":-4.906,"p_value":0.0,"trend":"decreasing","n_measurements":24,"record_years":21.0},"geometry":{"type":"Point","coordinates":[-119.314,36.1756]}},{"type":"Feature","properties":{"station_id":"361769N1190787W001","well_use":"Unknown","slope_ft_per_yr":-0.909,"p_value":0.0369,"trend":"decreasing","n_measurements":27,"record_years":16.1},"geometry":{"type":"Point","coordinates":[-119.0787,36.1769]}},{"type":"Feature","properties":{"station_id":"361778N1190995W001","well_use":"Unknown","slope_ft_per_yr":-1.15,"p_value":0.0352,"trend":"decreasing","n_measurements":27,"record_years":16.1},"geometry":{"type":"Point","coordinates":[-119.0995,36.1778]}},{"type":"Feature","properties":{"station_id":"361783N1191309W001","well_use":"Unknown","slope_ft_per_yr":-0.302,"p_value":0.7703,"trend":"no trend","n_measurements":27,"record_years":16.1},"geometry":{"type":"Point","coordinates":[-119.1309,36.1783]}},{"type":"Feature","properties":{"station_id":"361803N1194813W001","well_use":"Unknown","slope_ft_per_yr":-3.861,"p_value":0.0,"trend":"decreasing","n_measurements":31,"record_years":30.3},"geometry":{"type":"Point","coordinates":[-119.4813,36.1803]}},{"type":"Feature","properties":{"station_id":"361811N1191398W001","well_use":"Unknown","slope_ft_per_yr":-1.07,"p_value":0.0139,"trend":"decreasing","n_measurements":27,"record_years":16.1},"geometry":{"type":"Point","coordinates":[-119.1398,36.1811]}},{"type":"Feature","properties":{"station_id":"361814N1190909W001","well_use":"Unknown","slope_ft_per_yr":-1.347,"p_value":0.0059,"trend":"decreasing","n_measurements":27,"record_years":16.1},"geometry":{"type":"Point","coordinates":[-119.0909,36.1814]}},{"type":"Feature","properties":{"station_id":"361814N1191445W001","well_use":"Unknown","slope_ft_per_yr":-0.629,"p_value":0.243,"trend":"no trend","n_measurements":27,"record_years":16.1},"geometry":{"type":"Point","coordinates":[-119.1445,36.1814]}},{"type":"Feature","properties":{"station_id":"361817N1191128W001","well_use":"Unknown","slope_ft_per_yr":-1.201,"p_value":0.0799,"trend":"no trend","n_measurements":27,"record_years":16.1},"geometry":{"type":"Point","coordinates":[-119.1128,36.1817]}},{"type":"Feature","properties":{"station_id":"361819N1190973W001","well_use":"Unknown","slope_ft_per_yr":-1.459,"p_value":0.0076,"trend":"decreasing","n_measurements":27,"record_years":16.1},"geometry":{"type":"Point","coordinates":[-119.0973,36.1819]}},{"type":"Feature","properties":{"station_id":"361819N1193935W001","well_use":"Irrigation","slope_ft_per_yr":-2.27,"p_value":0.0,"trend":"decreasing","n_measurements":43,"record_years":27.7},"geometry":{"type":"Point","coordinates":[-119.3935,36.1819]}},{"type":"Feature","properties":{"station_id":"361822N1190831W001","well_use":"Irrigation","slope_ft_per_yr":-3.357,"p_value":0.0,"trend":"decreasing","n_measurements":53,"record_years":31.1},"geometry":{"type":"Point","coordinates":[-119.0831,36.1822]}},{"type":"Feature","properties":{"station_id":"361833N1190278W001","well_use":"Irrigation","slope_ft_per_yr":0.332,"p_value":0.008,"trend":"increasing","n_measurements":23,"record_years":14.1},"geometry":{"type":"Point","coordinates":[-119.0278,36.1833]}},{"type":"Feature","properties":{"station_id":"361836N1191356W001","well_use":"Unknown","slope_ft_per_yr":-0.956,"p_value":0.0525,"trend":"no trend","n_measurements":27,"record_years":16.1},"geometry":{"type":"Point","coordinates":[-119.1356,36.1836]}},{"type":"Feature","properties":{"station_id":"361836N1195116W001","well_use":"Irrigation","slope_ft_per_yr":-2.137,"p_value":0.0,"trend":"decreasing","n_measurements":36,"record_years":31.0},"geometry":{"type":"Point","coordinates":[-119.5116,36.1836]}},{"type":"Feature","properties":{"station_id":"361847N1191176W001","well_use":"Unknown","slope_ft_per_yr":-1.334,"p_value":0.023,"trend":"decreasing","n_measurements":27,"record_years":16.1},"geometry":{"type":"Point","coordinates":[-119.1176,36.1847]}},{"type":"Feature","properties":{"station_id":"361853N1191020W001","well_use":"Unknown","slope_ft_per_yr":-1.446,"p_value":0.0067,"trend":"decreasing","n_measurements":25,"record_years":15.4},"geometry":{"type":"Point","coordinates":[-119.102,36.1853]}},{"type":"Feature","properties":{"station_id":"361853N1191551W001","well_use":"Irrigation","slope_ft_per_yr":-4.317,"p_value":0.0,"trend":"decreasing","n_measurements":49,"record_years":31.1},"geometry":{"type":"Point","coordinates":[-119.1551,36.1853]}},{"type":"Feature","properties":{"station_id":"361853N1191715W001","well_use":"Unknown","slope_ft_per_yr":-0.903,"p_value":0.0452,"trend":"decreasing","n_measurements":27,"record_years":16.1},"geometry":{"type":"Point","coordinates":[-119.1715,36.1853]}},{"type":"Feature","properties":{"station_id":"361856N1191101W001","well_use":"Unknown","slope_ft_per_yr":-1.418,"p_value":0.0091,"trend":"decreasing","n_measurements":27,"record_years":16.1},"geometry":{"type":"Point","coordinates":[-119.1101,36.1856]}},{"type":"Feature","properties":{"station_id":"361856N1193315W001","well_use":"Irrigation","slope_ft_per_yr":-2.123,"p_value":0.0,"trend":"decreasing","n_measurements":31,"record_years":24.0},"geometry":{"type":"Point","coordinates":[-119.3315,36.1856]}},{"type":"Feature","properties":{"station_id":"361856N1193587W001","well_use":"Unknown","slope_ft_per_yr":-0.286,"p_value":0.6338,"trend":"no trend","n_measurements":23,"record_years":16.0},"geometry":{"type":"Point","coordinates":[-119.3587,36.1856]}},{"type":"Feature","properties":{"station_id":"361858N1193131W001","well_use":"Unknown","slope_ft_per_yr":-2.812,"p_value":0.0095,"trend":"decreasing","n_measurements":25,"record_years":18.1},"geometry":{"type":"Point","coordinates":[-119.3131,36.1858]}},{"type":"Feature","properties":{"station_id":"361881N1194757W001","well_use":"Irrigation","slope_ft_per_yr":-3.173,"p_value":0.0003,"trend":"decreasing","n_measurements":28,"record_years":24.0},"geometry":{"type":"Point","coordinates":[-119.4757,36.1881]}},{"type":"Feature","properties":{"station_id":"361886N1191065W001","well_use":"Irrigation","slope_ft_per_yr":-1.232,"p_value":0.0081,"trend":"decreasing","n_measurements":27,"record_years":16.1},"geometry":{"type":"Point","coordinates":[-119.1065,36.1886]}},{"type":"Feature","properties":{"station_id":"361886N1191270W001","well_use":"Unknown","slope_ft_per_yr":-1.053,"p_value":0.0316,"trend":"decreasing","n_measurements":27,"record_years":16.1},"geometry":{"type":"Point","coordinates":[-119.127,36.1886]}},{"type":"Feature","properties":{"station_id":"361889N1191448W001","well_use":"Unknown","slope_ft_per_yr":-1.07,"p_value":0.0912,"trend":"no trend","n_measurements":27,"record_years":16.1},"geometry":{"type":"Point","coordinates":[-119.1448,36.1889]}},{"type":"Feature","properties":{"station_id":"361889N1192620W001","well_use":"Unknown","slope_ft_per_yr":-2.155,"p_value":0.2989,"trend":"no trend","n_measurements":20,"record_years":15.7},"geometry":{"type":"Point","coordinates":[-119.262,36.1889]}},{"type":"Feature","properties":{"station_id":"361892N1193667W001","well_use":"Irrigation","slope_ft_per_yr":-1.433,"p_value":0.0,"trend":"decreasing","n_measurements":39,"record_years":29.1},"geometry":{"type":"Point","coordinates":[-119.3667,36.1892]}},{"type":"Feature","properties":{"station_id":"361897N1191051W001","well_use":"Unknown","slope_ft_per_yr":-1.351,"p_value":0.0043,"trend":"decreasing","n_measurements":27,"record_years":16.1},"geometry":{"type":"Point","coordinates":[-119.1051,36.1897]}},{"type":"Feature","properties":{"station_id":"361908N1190915W001","well_use":"Unknown","slope_ft_per_yr":-1.311,"p_value":0.0147,"trend":"decreasing","n_measurements":27,"record_years":16.1},"geometry":{"type":"Point","coordinates":[-119.0915,36.1908]}},{"type":"Feature","properties":{"station_id":"361917N1194374W001","well_use":"Irrigation","slope_ft_per_yr":-3.374,"p_value":0.0,"trend":"decreasing","n_measurements":35,"record_years":23.0},"geometry":{"type":"Point","coordinates":[-119.4374,36.1917]}},{"type":"Feature","properties":{"station_id":"361922N1192337W001","well_use":"Unknown","slope_ft_per_yr":-1.073,"p_value":0.4168,"trend":"no trend","n_measurements":20,"record_years":13.1},"geometry":{"type":"Point","coordinates":[-119.2337,36.1922]}},{"type":"Feature","properties":{"station_id":"361922N1192337W002","well_use":"Unknown","slope_ft_per_yr":-1.206,"p_value":0.3634,"trend":"no trend","n_measurements":20,"record_years":13.0},"geometry":{"type":"Point","coordinates":[-119.2337,36.1922]}},{"type":"Feature","properties":{"station_id":"361922N1192337W003","well_use":"Unknown","slope_ft_per_yr":-2.725,"p_value":0.0005,"trend":"decreasing","n_measurements":28,"record_years":29.7},"geometry":{"type":"Point","coordinates":[-119.2337,36.1922]}},{"type":"Feature","properties":{"station_id":"361925N1191356W001","well_use":"Unknown","slope_ft_per_yr":-1.301,"p_value":0.0578,"trend":"no trend","n_measurements":27,"record_years":16.1},"geometry":{"type":"Point","coordinates":[-119.1356,36.1925]}},{"type":"Feature","properties":{"station_id":"361925N1194141W001","well_use":"Unknown","slope_ft_per_yr":-1.917,"p_value":0.0171,"trend":"decreasing","n_measurements":24,"record_years":18.1},"geometry":{"type":"Point","coordinates":[-119.4141,36.1925]}},{"type":"Feature","properties":{"station_id":"361928N1191312W001","well_use":"Irrigation","slope_ft_per_yr":-1.193,"p_value":0.0256,"trend":"decreasing","n_measurements":27,"record_years":16.1},"geometry":{"type":"Point","coordinates":[-119.1312,36.1928]}},{"type":"Feature","properties":{"station_id":"361928N1191542W001","well_use":"Unknown","slope_ft_per_yr":-1.501,"p_value":0.0007,"trend":"decreasing","n_measurements":27,"record_years":16.1},"geometry":{"type":"Point","coordinates":[-119.1542,36.1928]}},{"type":"Feature","properties":{"station_id":"361928N1193888W001","well_use":"Unknown","slope_ft_per_yr":-0.635,"p_value":0.243,"trend":"no trend","n_measurements":24,"record_years":16.0},"geometry":{"type":"Point","coordinates":[-119.3888,36.1928]}},{"type":"Feature","properties":{"station_id":"361942N1190465W001","well_use":"Unknown","slope_ft_per_yr":-0.963,"p_value":0.0083,"trend":"decreasing","n_measurements":20,"record_years":15.7},"geometry":{"type":"Point","coordinates":[-119.0465,36.1942]}},{"type":"Feature","properties":{"station_id":"361956N1191023W001","well_use":"Unknown","slope_ft_per_yr":-1.569,"p_value":0.0056,"trend":"decreasing","n_measurements":27,"record_years":16.1},"geometry":{"type":"Point","coordinates":[-119.1023,36.1956]}},{"type":"Feature","properties":{"station_id":"361956N1194596W001","well_use":"Unknown","slope_ft_per_yr":-1.807,"p_value":0.0446,"trend":"decreasing","n_measurements":23,"record_years":18.1},"geometry":{"type":"Point","coordinates":[-119.4596,36.1956]}},{"type":"Feature","properties":{"station_id":"361958N1195027W001","well_use":"Unknown","slope_ft_per_yr":-0.728,"p_value":0.535,"trend":"no trend","n_measurements":22,"record_years":16.0},"geometry":{"type":"Point","coordinates":[-119.5027,36.1958]}},{"type":"Feature","properties":{"station_id":"361961N1191223W001","well_use":"Unknown","slope_ft_per_yr":-1.365,"p_value":0.0317,"trend":"decreasing","n_measurements":27,"record_years":16.1},"geometry":{"type":"Point","coordinates":[-119.1223,36.1961]}},{"type":"Feature","properties":{"station_id":"361964N1191090W001","well_use":"Unknown","slope_ft_per_yr":-0.935,"p_value":0.1038,"trend":"no trend","n_measurements":27,"record_years":16.1},"geometry":{"type":"Point","coordinates":[-119.109,36.1964]}},{"type":"Feature","properties":{"station_id":"361969N1191315W001","well_use":"Irrigation","slope_ft_per_yr":-1.165,"p_value":0.0244,"trend":"decreasing","n_measurements":27,"record_years":16.1},"geometry":{"type":"Point","coordinates":[-119.1315,36.1969]}},{"type":"Feature","properties":{"station_id":"361969N1191412W001","well_use":"Unknown","slope_ft_per_yr":-1.469,"p_value":0.0067,"trend":"decreasing","n_measurements":27,"record_years":16.1},"geometry":{"type":"Point","coordinates":[-119.1412,36.1969]}},{"type":"Feature","properties":{"station_id":"361981N1191581W001","well_use":"Unknown","slope_ft_per_yr":-1.12,"p_value":0.0871,"trend":"no trend","n_measurements":27,"record_years":16.1},"geometry":{"type":"Point","coordinates":[-119.1581,36.1981]}},{"type":"Feature","properties":{"station_id":"361992N1191665W001","well_use":"Unknown","slope_ft_per_yr":-2.14,"p_value":0.0031,"trend":"decreasing","n_measurements":27,"record_years":16.1},"geometry":{"type":"Point","coordinates":[-119.1665,36.1992]}},{"type":"Feature","properties":{"station_id":"362000N1191492W001","well_use":"Unknown","slope_ft_per_yr":-1.099,"p_value":0.0196,"trend":"decreasing","n_measurements":27,"record_years":16.1},"geometry":{"type":"Point","coordinates":[-119.1492,36.2]}},{"type":"Feature","properties":{"station_id":"362003N1191109W001","well_use":"Unknown","slope_ft_per_yr":-1.589,"p_value":0.0116,"trend":"decreasing","n_measurements":27,"record_years":16.1},"geometry":{"type":"Point","coordinates":[-119.1109,36.2003]}},{"type":"Feature","properties":{"station_id":"362025N1194774W002","well_use":"Unknown","slope_ft_per_yr":-2.234,"p_value":0.0036,"trend":"decreasing","n_measurements":26,"record_years":18.1},"geometry":{"type":"Point","coordinates":[-119.4774,36.2025]}},{"type":"Feature","properties":{"station_id":"362025N1196013W001","well_use":"Unknown","slope_ft_per_yr":-1.776,"p_value":0.0688,"trend":"no trend","n_measurements":29,"record_years":21.0},"geometry":{"type":"Point","coordinates":[-119.6013,36.2025]}},{"type":"Feature","properties":{"station_id":"362028N1194493W001","well_use":"Unknown","slope_ft_per_yr":-2.751,"p_value":0.0089,"trend":"decreasing","n_measurements":23,"record_years":18.1},"geometry":{"type":"Point","coordinates":[-119.4493,36.2028]}},{"type":"Feature","properties":{"station_id":"362031N1193838W001","well_use":"Unknown","slope_ft_per_yr":-0.886,"p_value":0.1179,"trend":"no trend","n_measurements":24,"record_years":16.0},"geometry":{"type":"Point","coordinates":[-119.3838,36.2031]}},{"type":"Feature","properties":{"station_id":"362031N1194949W001","well_use":"Unknown","slope_ft_per_yr":-1.596,"p_value":0.0274,"trend":"decreasing","n_measurements":26,"record_years":18.1},"geometry":{"type":"Point","coordinates":[-119.4949,36.2031]}},{"type":"Feature","properties":{"station_id":"362036N1193316W001","well_use":"Unknown","slope_ft_per_yr":-2.844,"p_value":0.0,"trend":"decreasing","n_measurements":103,"record_years":31.1},"geometry":{"type":"Point","coordinates":[-119.33155,36.20363]}},{"type":"Feature","properties":{"station_id":"362042N1191312W001","well_use":"Unknown","slope_ft_per_yr":-1.053,"p_value":0.0185,"trend":"decreasing","n_measurements":27,"record_years":16.1},"geometry":{"type":"Point","coordinates":[-119.1312,36.2042]}},{"type":"Feature","properties":{"station_id":"362042N1194082W001","well_use":"Irrigation","slope_ft_per_yr":-1.99,"p_value":0.0151,"trend":"decreasing","n_measurements":25,"record_years":20.1},"geometry":{"type":"Point","coordinates":[-119.4082,36.2042]}},{"type":"Feature","properties":{"station_id":"362044N1191101W001","well_use":"Unknown","slope_ft_per_yr":-0.952,"p_value":0.0156,"trend":"decreasing","n_measurements":27,"record_years":16.1},"geometry":{"type":"Point","coordinates":[-119.1101,36.2044]}},{"type":"Feature","properties":{"station_id":"362050N1195132W001","well_use":"Irrigation","slope_ft_per_yr":-1.323,"p_value":0.1018,"trend":"no trend","n_measurements":25,"record_years":24.0},"geometry":{"type":"Point","coordinates":[-119.5132,36.205]}},{"type":"Feature","properties":{"station_id":"362053N1191217W001","well_use":"Irrigation","slope_ft_per_yr":-1.016,"p_value":0.0688,"trend":"no trend","n_measurements":29,"record_years":18.1},"geometry":{"type":"Point","coordinates":[-119.1217,36.2053]}},{"type":"Feature","properties":{"station_id":"362064N1195874W001","well_use":"Unknown","slope_ft_per_yr":-5.652,"p_value":0.0001,"trend":"decreasing","n_measurements":33,"record_years":21.0},"geometry":{"type":"Point","coordinates":[-119.5874,36.2064]}},{"type":"Feature","properties":{"station_id":"362069N1191092W001","well_use":"Irrigation","slope_ft_per_yr":-1.261,"p_value":0.0049,"trend":"decreasing","n_measurements":27,"record_years":16.1},"geometry":{"type":"Point","coordinates":[-119.1092,36.2069]}},{"type":"Feature","properties":{"station_id":"362069N1191584W001","well_use":"Unknown","slope_ft_per_yr":-0.81,"p_value":0.0911,"trend":"no trend","n_measurements":27,"record_years":16.1},"geometry":{"type":"Point","coordinates":[-119.1584,36.2069]}},{"type":"Feature","properties":{"station_id":"362069N1191723W001","well_use":"Irrigation","slope_ft_per_yr":-4.775,"p_value":0.0,"trend":"decreasing","n_measurements":52,"record_years":31.1},"geometry":{"type":"Point","coordinates":[-119.1723,36.2069]}},{"type":"Feature","properties":{"station_id":"362072N1191495W001","well_use":"Unknown","slope_ft_per_yr":-0.652,"p_value":0.5734,"trend":"no trend","n_measurements":27,"record_years":16.1},"geometry":{"type":"Point","coordinates":[-119.1495,36.2072]}},{"type":"Feature","properties":{"station_id":"362072N1195021W001","well_use":"Unknown","slope_ft_per_yr":-0.521,"p_value":0.3853,"trend":"no trend","n_measurements":24,"record_years":21.0},"geometry":{"type":"Point","coordinates":[-119.5021,36.2072]}},{"type":"Feature","properties":{"station_id":"362092N1196213W001","well_use":"Unknown","slope_ft_per_yr":-6.456,"p_value":0.0001,"trend":"decreasing","n_measurements":29,"record_years":21.0},"geometry":{"type":"Point","coordinates":[-119.6213,36.2092]}},{"type":"Feature","properties":{"station_id":"362094N1190645W001","well_use":"Irrigation","slope_ft_per_yr":-1.78,"p_value":0.0,"trend":"decreasing","n_measurements":42,"record_years":31.1},"geometry":{"type":"Point","coordinates":[-119.0645,36.2094]}},{"type":"Feature","properties":{"station_id":"362094N1194218W001","well_use":"Irrigation","slope_ft_per_yr":-3.16,"p_value":0.0,"trend":"decreasing","n_measurements":36,"record_years":24.0},"geometry":{"type":"Point","coordinates":[-119.4218,36.2094]}},{"type":"Feature","properties":{"station_id":"362103N1196018W001","well_use":"Irrigation","slope_ft_per_yr":-5.946,"p_value":0.0001,"trend":"decreasing","n_measurements":21,"record_years":21.0},"geometry":{"type":"Point","coordinates":[-119.6018,36.2103]}},{"type":"Feature","properties":{"station_id":"362106N1196216W001","well_use":"Unknown","slope_ft_per_yr":-5.368,"p_value":0.0,"trend":"decreasing","n_measurements":28,"record_years":24.0},"geometry":{"type":"Point","coordinates":[-119.6216,36.2106]}},{"type":"Feature","properties":{"station_id":"362108N1192092W001","well_use":"Unknown","slope_ft_per_yr":-2.571,"p_value":0.0002,"trend":"decreasing","n_measurements":29,"record_years":30.7},"geometry":{"type":"Point","coordinates":[-119.2092,36.2108]}},{"type":"Feature","properties":{"station_id":"362111N1191276W001","well_use":"Unknown","slope_ft_per_yr":-0.398,"p_value":0.4783,"trend":"no trend","n_measurements":27,"record_years":16.1},"geometry":{"type":"Point","coordinates":[-119.1276,36.2111]}},{"type":"Feature","properties":{"station_id":"362122N1195379W001","well_use":"Unknown","slope_ft_per_yr":-1.327,"p_value":0.0123,"trend":"decreasing","n_measurements":38,"record_years":20.9},"geometry":{"type":"Point","coordinates":[-119.5379,36.2122]}},{"type":"Feature","properties":{"station_id":"362125N1191106W001","well_use":"Unknown","slope_ft_per_yr":-1.499,"p_value":0.0063,"trend":"decreasing","n_measurements":27,"record_years":16.1},"geometry":{"type":"Point","coordinates":[-119.1106,36.2125]}},{"type":"Feature","properties":{"station_id":"362131N1195779W001","well_use":"Unknown","slope_ft_per_yr":-3.564,"p_value":0.0,"trend":"decreasing","n_measurements":29,"record_years":20.0},"geometry":{"type":"Point","coordinates":[-119.5779,36.2131]}},{"type":"Feature","properties":{"station_id":"362144N1192426W001","well_use":"Unknown","slope_ft_per_yr":-3.555,"p_value":0.0,"trend":"decreasing","n_measurements":30,"record_years":29.0},"geometry":{"type":"Point","coordinates":[-119.2426,36.2144]}},{"type":"Feature","properties":{"station_id":"362150N1194952W001","well_use":"Unknown","slope_ft_per_yr":-0.723,"p_value":0.4756,"trend":"no trend","n_measurements":23,"record_years":21.0},"geometry":{"type":"Point","coordinates":[-119.4952,36.215]}},{"type":"Feature","properties":{"station_id":"362153N1191062W001","well_use":"Unknown","slope_ft_per_yr":-1.204,"p_value":0.0076,"trend":"decreasing","n_measurements":27,"record_years":16.1},"geometry":{"type":"Point","coordinates":[-119.1062,36.2153]}},{"type":"Feature","properties":{"station_id":"362156N1191106W001","well_use":"Unknown","slope_ft_per_yr":-1.278,"p_value":0.0124,"trend":"decreasing","n_measurements":27,"record_years":16.1},"geometry":{"type":"Point","coordinates":[-119.1106,36.2156]}},{"type":"Feature","properties":{"station_id":"362161N1190940W001","well_use":"Unknown","slope_ft_per_yr":-1.443,"p_value":0.0035,"trend":"decreasing","n_measurements":27,"record_years":16.1},"geometry":{"type":"Point","coordinates":[-119.094,36.2161]}},{"type":"Feature","properties":{"station_id":"362167N1191184W001","well_use":"Irrigation","slope_ft_per_yr":-0.758,"p_value":0.0911,"trend":"no trend","n_measurements":27,"record_years":16.1},"geometry":{"type":"Point","coordinates":[-119.1184,36.2167]}},{"type":"Feature","properties":{"station_id":"362167N1194663W001","well_use":"Irrigation","slope_ft_per_yr":-2.991,"p_value":0.0,"trend":"decreasing","n_measurements":38,"record_years":26.0},"geometry":{"type":"Point","coordinates":[-119.4663,36.2167]}},{"type":"Feature","properties":{"station_id":"362167N1196104W001","well_use":"Unknown","slope_ft_per_yr":-5.692,"p_value":0.0135,"trend":"decreasing","n_measurements":28,"record_years":21.0},"geometry":{"type":"Point","coordinates":[-119.6104,36.2167]}},{"type":"Feature","properties":{"station_id":"362180N1193716W001","well_use":"Unknown","slope_ft_per_yr":-2.667,"p_value":0.0,"trend":"decreasing","n_measurements":98,"record_years":31.1},"geometry":{"type":"Point","coordinates":[-119.37162,36.21799]}},{"type":"Feature","properties":{"station_id":"362181N1191406W001","well_use":"Unknown","slope_ft_per_yr":-1.41,"p_value":0.0097,"trend":"decreasing","n_measurements":27,"record_years":16.1},"geometry":{"type":"Point","coordinates":[-119.1406,36.2181]}},{"type":"Feature","properties":{"station_id":"362186N1193835W001","well_use":"Irrigation","slope_ft_per_yr":-3.093,"p_value":0.0,"trend":"decreasing","n_measurements":29,"record_years":23.3},"geometry":{"type":"Point","coordinates":[-119.3835,36.2186]}},{"type":"Feature","properties":{"station_id":"362186N1194871W001","well_use":"Unknown","slope_ft_per_yr":-1.233,"p_value":0.0775,"trend":"no trend","n_measurements":26,"record_years":18.1},"geometry":{"type":"Point","coordinates":[-119.4871,36.2186]}},{"type":"Feature","properties":{"station_id":"362186N1195307W001","well_use":"Unknown","slope_ft_per_yr":-0.6,"p_value":0.3811,"trend":"no trend","n_measurements":22,"record_years":15.0},"geometry":{"type":"Point","coordinates":[-119.5307,36.2186]}},{"type":"Feature","properties":{"station_id":"362186N1195699W001","well_use":"Unknown","slope_ft_per_yr":-4.793,"p_value":0.0,"trend":"decreasing","n_measurements":27,"record_years":17.9},"geometry":{"type":"Point","coordinates":[-119.5699,36.2186]}},{"type":"Feature","properties":{"station_id":"362189N1191359W001","well_use":"Unknown","slope_ft_per_yr":-0.993,"p_value":0.1227,"trend":"no trend","n_measurements":27,"record_years":16.1},"geometry":{"type":"Point","coordinates":[-119.1359,36.2189]}},{"type":"Feature","properties":{"station_id":"362189N1194399W001","well_use":"Unknown","slope_ft_per_yr":-1.548,"p_value":0.0683,"trend":"no trend","n_measurements":25,"record_years":18.1},"geometry":{"type":"Point","coordinates":[-119.4399,36.2189]}},{"type":"Feature","properties":{"station_id":"362192N1196202W001","well_use":"Unknown","slope_ft_per_yr":-5.67,"p_value":0.0004,"trend":"decreasing","n_measurements":32,"record_years":21.0},"geometry":{"type":"Point","coordinates":[-119.6202,36.2192]}},{"type":"Feature","properties":{"station_id":"362200N1191137W001","well_use":"Unknown","slope_ft_per_yr":-1.304,"p_value":0.0035,"trend":"decreasing","n_measurements":27,"record_years":16.1},"geometry":{"type":"Point","coordinates":[-119.1137,36.22]}},{"type":"Feature","properties":{"station_id":"362208N1191053W001","well_use":"Irrigation","slope_ft_per_yr":-0.836,"p_value":0.0271,"trend":"decreasing","n_measurements":27,"record_years":16.1},"geometry":{"type":"Point","coordinates":[-119.1053,36.2208]}},{"type":"Feature","properties":{"station_id":"362219N1193155W001","well_use":"Unknown","slope_ft_per_yr":-2.874,"p_value":0.0,"trend":"decreasing","n_measurements":95,"record_years":31.1},"geometry":{"type":"Point","coordinates":[-119.31546,36.22191]}},{"type":"Feature","properties":{"station_id":"362250N1192248W001","well_use":"Irrigation","slope_ft_per_yr":-4.156,"p_value":0.0,"trend":"decreasing","n_measurements":23,"record_years":22.4},"geometry":{"type":"Point","coordinates":[-119.2248,36.225]}},{"type":"Feature","properties":{"station_id":"362250N1194038W001","well_use":"Unknown","slope_ft_per_yr":-2.174,"p_value":0.0022,"trend":"decreasing","n_measurements":26,"record_years":18.1},"geometry":{"type":"Point","coordinates":[-119.4038,36.225]}},{"type":"Feature","properties":{"station_id":"362250N1196279W001","well_use":"Unknown","slope_ft_per_yr":-2.982,"p_value":0.0778,"trend":"no trend","n_measurements":29,"record_years":21.0},"geometry":{"type":"Point","coordinates":[-119.6279,36.225]}},{"type":"Feature","properties":{"station_id":"362256N1195702W001","well_use":"Unknown","slope_ft_per_yr":-2.738,"p_value":0.0001,"trend":"decreasing","n_measurements":29,"record_years":21.0},"geometry":{"type":"Point","coordinates":[-119.5702,36.2256]}},{"type":"Feature","properties":{"station_id":"362256N1195971W001","well_use":"Unknown","slope_ft_per_yr":-1.464,"p_value":0.0037,"trend":"decreasing","n_measurements":32,"record_years":21.0},"geometry":{"type":"Point","coordinates":[-119.5971,36.2256]}},{"type":"Feature","properties":{"station_id":"362258N1191231W001","well_use":"Unknown","slope_ft_per_yr":-1.055,"p_value":0.0269,"trend":"decreasing","n_measurements":27,"record_years":16.1},"geometry":{"type":"Point","coordinates":[-119.1231,36.2258]}},{"type":"Feature","properties":{"station_id":"362258N1193037W001","well_use":"Unknown","slope_ft_per_yr":-1.807,"p_value":0.0133,"trend":"decreasing","n_measurements":25,"record_years":18.1},"geometry":{"type":"Point","coordinates":[-119.3037,36.2258]}},{"type":"Feature","properties":{"station_id":"362258N1195566W001","well_use":"Unknown","slope_ft_per_yr":-1.738,"p_value":0.0022,"trend":"decreasing","n_measurements":37,"record_years":20.9},"geometry":{"type":"Point","coordinates":[-119.5566,36.2258]}},{"type":"Feature","properties":{"station_id":"362294N1193134W001","well_use":"Unknown","slope_ft_per_yr":-2.134,"p_value":0.0898,"trend":"no trend","n_measurements":22,"record_years":16.1},"geometry":{"type":"Point","coordinates":[-119.3134,36.2294]}},{"type":"Feature","properties":{"station_id":"362297N1195121W001","well_use":"Unknown","slope_ft_per_yr":-1.883,"p_value":0.0004,"trend":"decreasing","n_measurements":26,"record_years":27.7},"geometry":{"type":"Point","coordinates":[-119.5121,36.2297]}},{"type":"Feature","properties":{"station_id":"362311N1191320W001","well_use":"Irrigation","slope_ft_per_yr":-2.173,"p_value":0.0001,"trend":"decreasing","n_measurements":30,"record_years":18.1},"geometry":{"type":"Point","coordinates":[-119.132,36.2311]}},{"type":"Feature","properties":{"station_id":"362314N1194663W001","well_use":"Unknown","slope_ft_per_yr":-1.644,"p_value":0.078,"trend":"no trend","n_measurements":24,"record_years":16.0},"geometry":{"type":"Point","coordinates":[-119.4663,36.2314]}},{"type":"Feature","properties":{"station_id":"362314N1196527W001","well_use":"Unknown","slope_ft_per_yr":-0.475,"p_value":0.013,"trend":"decreasing","n_measurements":31,"record_years":21.0},"geometry":{"type":"Point","coordinates":[-119.6527,36.2314]}},{"type":"Feature","properties":{"station_id":"362317N1191270W001","well_use":"Irrigation","slope_ft_per_yr":-1.017,"p_value":0.0423,"trend":"decreasing","n_measurements":22,"record_years":15.7},"geometry":{"type":"Point","coordinates":[-119.127,36.2317]}},{"type":"Feature","properties":{"station_id":"362319N1191098W001","well_use":"Irrigation","slope_ft_per_yr":-1.507,"p_value":0.0001,"trend":"decreasing","n_measurements":28,"record_years":17.0},"geometry":{"type":"Point","coordinates":[-119.1098,36.2319]}},{"type":"Feature","properties":{"station_id":"362322N1191234W001","well_use":"Unknown","slope_ft_per_yr":-1.669,"p_value":0.0016,"trend":"decreasing","n_measurements":27,"record_years":16.1},"geometry":{"type":"Point","coordinates":[-119.1234,36.2322]}},{"type":"Feature","properties":{"station_id":"362325N1195749W001","well_use":"Unknown","slope_ft_per_yr":0.301,"p_value":0.7698,"trend":"no trend","n_measurements":20,"record_years":13.0},"geometry":{"type":"Point","coordinates":[-119.5749,36.2325]}},{"type":"Feature","properties":{"station_id":"362336N1191095W001","well_use":"Unknown","slope_ft_per_yr":-1.128,"p_value":0.0273,"trend":"decreasing","n_measurements":20,"record_years":15.7},"geometry":{"type":"Point","coordinates":[-119.1095,36.2336]}},{"type":"Feature","properties":{"station_id":"362336N1194207W001","well_use":"Unknown","slope_ft_per_yr":-2.626,"p_value":0.0016,"trend":"decreasing","n_measurements":25,"record_years":16.0},"geometry":{"type":"Point","coordinates":[-119.4207,36.2336]}},{"type":"Feature","properties":{"station_id":"362344N1194396W001","well_use":"Irrigation","slope_ft_per_yr":-3.419,"p_value":0.0,"trend":"decreasing","n_measurements":50,"record_years":31.0},"geometry":{"type":"Point","coordinates":[-119.4396,36.2344]}},{"type":"Feature","properties":{"station_id":"362356N1193677W001","well_use":"Irrigation","slope_ft_per_yr":-1.659,"p_value":0.0354,"trend":"decreasing","n_measurements":25,"record_years":16.1},"geometry":{"type":"Point","coordinates":[-119.3677,36.2356]}},{"type":"Feature","properties":{"station_id":"362356N1195454W001","well_use":"Unknown","slope_ft_per_yr":-4.681,"p_value":0.0038,"trend":"decreasing","n_measurements":20,"record_years":17.3},"geometry":{"type":"Point","coordinates":[-119.5454,36.2356]}},{"type":"Feature","properties":{"station_id":"362364N1194929W001","well_use":"Unknown","slope_ft_per_yr":-5.03,"p_value":0.0,"trend":"decreasing","n_measurements":20,"record_years":16.1},"geometry":{"type":"Point","coordinates":[-119.4929,36.2364]}},{"type":"Feature","properties":{"station_id":"362365N1193451W001","well_use":"Unknown","slope_ft_per_yr":-2.887,"p_value":0.0,"trend":"decreasing","n_measurements":117,"record_years":31.1},"geometry":{"type":"Point","coordinates":[-119.34513,36.23654]}},{"type":"Feature","properties":{"station_id":"362372N1190967W001","well_use":"Unknown","slope_ft_per_yr":-1.542,"p_value":0.0515,"trend":"no trend","n_measurements":20,"record_years":15.7},"geometry":{"type":"Point","coordinates":[-119.0967,36.2372]}},{"type":"Feature","properties":{"station_id":"362383N1196704W001","well_use":"Unknown","slope_ft_per_yr":0.251,"p_value":0.1227,"trend":"no trend","n_measurements":27,"record_years":21.0},"geometry":{"type":"Point","coordinates":[-119.6704,36.2383]}},{"type":"Feature","properties":{"station_id":"362386N1191359W001","well_use":"Unknown","slope_ft_per_yr":-1.322,"p_value":0.0389,"trend":"decreasing","n_measurements":27,"record_years":16.1},"geometry":{"type":"Point","coordinates":[-119.1359,36.2386]}},{"type":"Feature","properties":{"station_id":"362386N1195913W001","well_use":"Unknown","slope_ft_per_yr":-1.982,"p_value":0.0336,"trend":"decreasing","n_measurements":25,"record_years":17.0},"geometry":{"type":"Point","coordinates":[-119.5913,36.2386]}},{"type":"Feature","properties":{"station_id":"362389N1191009W001","well_use":"Irrigation","slope_ft_per_yr":-2.567,"p_value":0.0,"trend":"decreasing","n_measurements":28,"record_years":21.1},"geometry":{"type":"Point","coordinates":[-119.1009,36.2389]}},{"type":"Feature","properties":{"station_id":"362389N1196146W001","well_use":"Unknown","slope_ft_per_yr":-6.044,"p_value":0.0002,"trend":"decreasing","n_measurements":30,"record_years":21.0},"geometry":{"type":"Point","coordinates":[-119.6146,36.2389]}},{"type":"Feature","properties":{"station_id":"362394N1191276W001","well_use":"Unknown","slope_ft_per_yr":-1.527,"p_value":0.0141,"trend":"decreasing","n_measurements":22,"record_years":15.6},"geometry":{"type":"Point","coordinates":[-119.1276,36.2394]}},{"type":"Feature","properties":{"station_id":"362394N1192309W001","well_use":"Unknown","slope_ft_per_yr":-2.181,"p_value":0.0691,"trend":"no trend","n_measurements":20,"record_years":15.7},"geometry":{"type":"Point","coordinates":[-119.2309,36.2394]}},{"type":"Feature","properties":{"station_id":"362397N1192437W001","well_use":"Unknown","slope_ft_per_yr":-1.722,"p_value":0.1549,"trend":"no trend","n_measurements":21,"record_years":15.7},"geometry":{"type":"Point","coordinates":[-119.2437,36.2397]}},{"type":"Feature","properties":{"station_id":"362397N1193685W001","well_use":"Unknown","slope_ft_per_yr":-1.548,"p_value":0.015,"trend":"decreasing","n_measurements":25,"record_years":18.1},"geometry":{"type":"Point","coordinates":[-119.3685,36.2397]}},{"type":"Feature","properties":{"station_id":"362400N1196274W001","well_use":"Residential","slope_ft_per_yr":-1.689,"p_value":0.0131,"trend":"decreasing","n_measurements":24,"record_years":18.6},"geometry":{"type":"Point","coordinates":[-119.6274,36.24]}},{"type":"Feature","properties":{"station_id":"362401N1192882W001","well_use":"Unknown","slope_ft_per_yr":-4.149,"p_value":0.0001,"trend":"decreasing","n_measurements":27,"record_years":13.3},"geometry":{"type":"Point","coordinates":[-119.2882,36.24008]}},{"type":"Feature","properties":{"station_id":"362411N1193570W001","well_use":"Unknown","slope_ft_per_yr":-1.867,"p_value":0.0029,"trend":"decreasing","n_measurements":26,"record_years":18.1},"geometry":{"type":"Point","coordinates":[-119.357,36.2411]}},{"type":"Feature","properties":{"station_id":"362414N1193866W001","well_use":"Unknown","slope_ft_per_yr":-2.007,"p_value":0.0043,"trend":"decreasing","n_measurements":24,"record_years":18.1},"geometry":{"type":"Point","coordinates":[-119.3866,36.2414]}},{"type":"Feature","properties":{"station_id":"362425N1190917W001","well_use":"Irrigation","slope_ft_per_yr":-1.454,"p_value":0.0231,"trend":"decreasing","n_measurements":23,"record_years":14.6},"geometry":{"type":"Point","coordinates":[-119.0917,36.2425]}},{"type":"Feature","properties":{"station_id":"362436N1191165W001","well_use":"Unknown","slope_ft_per_yr":-1.509,"p_value":0.0047,"trend":"decreasing","n_measurements":23,"record_years":15.7},"geometry":{"type":"Point","coordinates":[-119.1165,36.2436]}},{"type":"Feature","properties":{"station_id":"362436N1194663W001","well_use":"Irrigation","slope_ft_per_yr":-2.706,"p_value":0.0068,"trend":"decreasing","n_measurements":28,"record_years":21.7},"geometry":{"type":"Point","coordinates":[-119.4663,36.2436]}},{"type":"Feature","properties":{"station_id":"362439N1194032W001","well_use":"Irrigation","slope_ft_per_yr":-2.687,"p_value":0.0,"trend":"decreasing","n_measurements":31,"record_years":24.0},"geometry":{"type":"Point","coordinates":[-119.4032,36.2439]}},{"type":"Feature","properties":{"station_id":"362461N1191362W001","well_use":"Unknown","slope_ft_per_yr":-1.143,"p_value":0.0532,"trend":"no trend","n_measurements":21,"record_years":15.7},"geometry":{"type":"Point","coordinates":[-119.1362,36.2461]}},{"type":"Feature","properties":{"station_id":"362469N1194304W001","well_use":"Unknown","slope_ft_per_yr":-1.76,"p_value":0.0852,"trend":"no trend","n_measurements":20,"record_years":18.1},"geometry":{"type":"Point","coordinates":[-119.4304,36.2469]}},{"type":"Feature","properties":{"station_id":"362475N1196374W001","well_use":"Unknown","slope_ft_per_yr":-0.383,"p_value":0.4295,"trend":"no trend","n_measurements":36,"record_years":21.0},"geometry":{"type":"Point","coordinates":[-119.6374,36.2475]}},{"type":"Feature","properties":{"station_id":"362478N1195132W001","well_use":"Irrigation","slope_ft_per_yr":-1.71,"p_value":0.0003,"trend":"decreasing","n_measurements":35,"record_years":24.0},"geometry":{"type":"Point","coordinates":[-119.5132,36.2478]}},{"type":"Feature","properties":{"station_id":"362481N1192609W001","well_use":"Irrigation","slope_ft_per_yr":-3.111,"p_value":0.0,"trend":"decreasing","n_measurements":42,"record_years":30.2},"geometry":{"type":"Point","coordinates":[-119.2609,36.2481]}},{"type":"Feature","properties":{"station_id":"362503N1193677W001","well_use":"Unknown","slope_ft_per_yr":-2.322,"p_value":0.0021,"trend":"decreasing","n_measurements":24,"record_years":18.1},"geometry":{"type":"Point","coordinates":[-119.3677,36.2503]}},{"type":"Feature","properties":{"station_id":"362506N1190795W001","well_use":"Irrigation","slope_ft_per_yr":-3.081,"p_value":0.0,"trend":"decreasing","n_measurements":35,"record_years":30.4},"geometry":{"type":"Point","coordinates":[-119.0795,36.2506]}},{"type":"Feature","properties":{"station_id":"362506N1193495W001","well_use":"Unknown","slope_ft_per_yr":-1.621,"p_value":0.0297,"trend":"decreasing","n_measurements":22,"record_years":16.0},"geometry":{"type":"Point","coordinates":[-119.3495,36.2506]}},{"type":"Feature","properties":{"station_id":"362514N1194013W001","well_use":"Unknown","slope_ft_per_yr":-1.557,"p_value":0.0503,"trend":"no trend","n_measurements":23,"record_years":18.1},"geometry":{"type":"Point","coordinates":[-119.4013,36.2514]}},{"type":"Feature","properties":{"station_id":"362519N1195918W001","well_use":"Unknown","slope_ft_per_yr":-4.116,"p_value":0.0,"trend":"decreasing","n_measurements":29,"record_years":20.0},"geometry":{"type":"Point","coordinates":[-119.5918,36.2519]}},{"type":"Feature","properties":{"station_id":"362531N1195679W001","well_use":"Unknown","slope_ft_per_yr":-5.74,"p_value":0.0055,"trend":"decreasing","n_measurements":23,"record_years":17.9},"geometry":{"type":"Point","coordinates":[-119.5679,36.2531]}},{"type":"Feature","properties":{"station_id":"362533N1191298W001","well_use":"Unknown","slope_ft_per_yr":-0.566,"p_value":0.31,"trend":"no trend","n_measurements":22,"record_years":15.7},"geometry":{"type":"Point","coordinates":[-119.1298,36.2533]}},{"type":"Feature","properties":{"station_id":"362533N1193306W001","well_use":"Irrigation","slope_ft_per_yr":-2.101,"p_value":0.0028,"trend":"decreasing","n_measurements":23,"record_years":19.4},"geometry":{"type":"Point","coordinates":[-119.3306,36.2533]}},{"type":"Feature","properties":{"station_id":"362539N1190909W001","well_use":"Unknown","slope_ft_per_yr":-1.492,"p_value":0.0025,"trend":"decreasing","n_measurements":24,"record_years":15.6},"geometry":{"type":"Point","coordinates":[-119.0909,36.2539]}},{"type":"Feature","properties":{"station_id":"362539N1192028W001","well_use":"Irrigation","slope_ft_per_yr":-3.263,"p_value":0.0,"trend":"decreasing","n_measurements":28,"record_years":21.1},"geometry":{"type":"Point","coordinates":[-119.2028,36.2539]}},{"type":"Feature","properties":{"station_id":"362539N1193051W001","well_use":"Unknown","slope_ft_per_yr":-3.339,"p_value":0.0001,"trend":"decreasing","n_measurements":29,"record_years":22.7},"geometry":{"type":"Point","coordinates":[-119.3051,36.2539]}},{"type":"Feature","properties":{"station_id":"362539N1194571W001","well_use":"Unknown","slope_ft_per_yr":-2.139,"p_value":0.0298,"trend":"decreasing","n_measurements":22,"record_years":18.1},"geometry":{"type":"Point","coordinates":[-119.4571,36.2539]}},{"type":"Feature","properties":{"station_id":"362539N1196004W001","well_use":"Stockwatering","slope_ft_per_yr":-1.005,"p_value":0.0055,"trend":"decreasing","n_measurements":43,"record_years":31.1},"geometry":{"type":"Point","coordinates":[-119.6004,36.2539]}},{"type":"Feature","properties":{"station_id":"362539N1196599W001","well_use":"Unknown","slope_ft_per_yr":-5.746,"p_value":0.0,"trend":"decreasing","n_measurements":32,"record_years":21.0},"geometry":{"type":"Point","coordinates":[-119.6599,36.2539]}},{"type":"Feature","properties":{"station_id":"362542N1194302W001","well_use":"Unknown","slope_ft_per_yr":-1.044,"p_value":0.1007,"trend":"no trend","n_measurements":23,"record_years":18.1},"geometry":{"type":"Point","coordinates":[-119.4302,36.2542]}},{"type":"Feature","properties":{"station_id":"362544N1192431W001","well_use":"Unknown","slope_ft_per_yr":-3.091,"p_value":0.0,"trend":"decreasing","n_measurements":31,"record_years":29.7},"geometry":{"type":"Point","coordinates":[-119.2431,36.2544]}},{"type":"Feature","properties":{"station_id":"362544N1194477W001","well_use":"Unknown","slope_ft_per_yr":-2.171,"p_value":0.0258,"trend":"decreasing","n_measurements":26,"record_years":16.0},"geometry":{"type":"Point","coordinates":[-119.4477,36.2544]}},{"type":"Feature","properties":{"station_id":"362547N1194835W001","well_use":"Irrigation","slope_ft_per_yr":-2.69,"p_value":0.0,"trend":"decreasing","n_measurements":34,"record_years":24.0},"geometry":{"type":"Point","coordinates":[-119.4835,36.2547]}},{"type":"Feature","properties":{"station_id":"362547N1196154W001","well_use":"Unknown","slope_ft_per_yr":-4.75,"p_value":0.0002,"trend":"decreasing","n_measurements":30,"record_years":20.0},"geometry":{"type":"Point","coordinates":[-119.6154,36.2547]}},{"type":"Feature","properties":{"station_id":"362550N1191073W001","well_use":"Unknown","slope_ft_per_yr":-1.13,"p_value":0.0725,"trend":"no trend","n_measurements":23,"record_years":15.7},"geometry":{"type":"Point","coordinates":[-119.1073,36.255]}},{"type":"Feature","properties":{"station_id":"362556N1191270W001","well_use":"Unknown","slope_ft_per_yr":-1.05,"p_value":0.0625,"trend":"no trend","n_measurements":22,"record_years":15.7},"geometry":{"type":"Point","coordinates":[-119.127,36.2556]}},{"type":"Feature","properties":{"station_id":"362556N1193592W001","well_use":"Unknown","slope_ft_per_yr":-2.1,"p_value":0.0135,"trend":"decreasing","n_measurements":26,"record_years":18.1},"geometry":{"type":"Point","coordinates":[-119.3592,36.2556]}},{"type":"Feature","properties":{"station_id":"362564N1192828W001","well_use":"Unknown","slope_ft_per_yr":-2.267,"p_value":0.0215,"trend":"decreasing","n_measurements":23,"record_years":15.0},"geometry":{"type":"Point","coordinates":[-119.2828,36.2564]}},{"type":"Feature","properties":{"station_id":"362564N1192878W001","well_use":"Unknown","slope_ft_per_yr":-2.231,"p_value":0.0001,"trend":"decreasing","n_measurements":27,"record_years":26.0},"geometry":{"type":"Point","coordinates":[-119.2878,36.2564]}},{"type":"Feature","properties":{"station_id":"362608N1196424W001","well_use":"Unknown","slope_ft_per_yr":-0.678,"p_value":0.0116,"trend":"decreasing","n_measurements":27,"record_years":17.0},"geometry":{"type":"Point","coordinates":[-119.6424,36.2608]}},{"type":"Feature","properties":{"station_id":"362614N1191723W001","well_use":"Unknown","slope_ft_per_yr":-1.07,"p_value":0.0725,"trend":"no trend","n_measurements":23,"record_years":15.7},"geometry":{"type":"Point","coordinates":[-119.1723,36.2614]}},{"type":"Feature","properties":{"station_id":"362614N1193857W001","well_use":"Unknown","slope_ft_per_yr":-2.205,"p_value":0.0047,"trend":"decreasing","n_measurements":24,"record_years":18.1},"geometry":{"type":"Point","coordinates":[-119.3857,36.2614]}},{"type":"Feature","properties":{"station_id":"362614N1194160W001","well_use":"Unknown","slope_ft_per_yr":-1.771,"p_value":0.0258,"trend":"decreasing","n_measurements":26,"record_years":18.1},"geometry":{"type":"Point","coordinates":[-119.416,36.2614]}},{"type":"Feature","properties":{"station_id":"362614N1196354W001","well_use":"Unknown","slope_ft_per_yr":-3.114,"p_value":0.0,"trend":"decreasing","n_measurements":26,"record_years":20.0},"geometry":{"type":"Point","coordinates":[-119.6354,36.2614]}},{"type":"Feature","properties":{"station_id":"362617N1194335W001","well_use":"Irrigation","slope_ft_per_yr":-2.091,"p_value":0.0025,"trend":"decreasing","n_measurements":29,"record_years":24.0},"geometry":{"type":"Point","coordinates":[-119.4335,36.2617]}},{"type":"Feature","properties":{"station_id":"362622N1195835W001","well_use":"Unknown","slope_ft_per_yr":-6.28,"p_value":0.0003,"trend":"decreasing","n_measurements":26,"record_years":17.0},"geometry":{"type":"Point","coordinates":[-119.5835,36.2622]}},{"type":"Feature","properties":{"station_id":"362622N1196413W001","well_use":"Unknown","slope_ft_per_yr":-2.987,"p_value":0.0001,"trend":"decreasing","n_measurements":32,"record_years":21.0},"geometry":{"type":"Point","coordinates":[-119.6413,36.2622]}},{"type":"Feature","properties":{"station_id":"362625N1191356W001","well_use":"Unknown","slope_ft_per_yr":-0.662,"p_value":0.3669,"trend":"no trend","n_measurements":22,"record_years":15.7},"geometry":{"type":"Point","coordinates":[-119.1356,36.2625]}},{"type":"Feature","properties":{"station_id":"362625N1195116W001","well_use":"Unknown","slope_ft_per_yr":-0.485,"p_value":0.6195,"trend":"no trend","n_measurements":24,"record_years":18.1},"geometry":{"type":"Point","coordinates":[-119.5116,36.2625]}},{"type":"Feature","properties":{"station_id":"362644N1191045W001","well_use":"Unknown","slope_ft_per_yr":-1.295,"p_value":0.0767,"trend":"no trend","n_measurements":23,"record_years":15.7},"geometry":{"type":"Point","coordinates":[-119.1045,36.2644]}},{"type":"Feature","properties":{"station_id":"362658N1193137W001","well_use":"Unknown","slope_ft_per_yr":-2.84,"p_value":0.0,"trend":"decreasing","n_measurements":34,"record_years":29.6},"geometry":{"type":"Point","coordinates":[-119.3137,36.2658]}},{"type":"Feature","properties":{"station_id":"362667N1191523W001","well_use":"Unknown","slope_ft_per_yr":-0.971,"p_value":0.1256,"trend":"no trend","n_measurements":23,"record_years":15.7},"geometry":{"type":"Point","coordinates":[-119.1523,36.2667]}},{"type":"Feature","properties":{"station_id":"362667N1194546W001","well_use":"Unknown","slope_ft_per_yr":-1.68,"p_value":0.0498,"trend":"decreasing","n_measurements":24,"record_years":16.1},"geometry":{"type":"Point","coordinates":[-119.4546,36.2667]}},{"type":"Feature","properties":{"station_id":"362678N1196032W001","well_use":"Unknown","slope_ft_per_yr":-2.979,"p_value":0.0005,"trend":"decreasing","n_measurements":38,"record_years":21.0},"geometry":{"type":"Point","coordinates":[-119.6032,36.2678]}},{"type":"Feature","properties":{"station_id":"362681N1191009W001","well_use":"Irrigation","slope_ft_per_yr":-3.965,"p_value":0.0,"trend":"decreasing","n_measurements":44,"record_years":31.1},"geometry":{"type":"Point","coordinates":[-119.1009,36.2681]}},{"type":"Feature","properties":{"station_id":"362683N1191728W001","well_use":"Unknown","slope_ft_per_yr":-3.278,"p_value":0.0009,"trend":"decreasing","n_measurements":23,"record_years":21.2},"geometry":{"type":"Point","coordinates":[-119.1728,36.2683]}},{"type":"Feature","properties":{"station_id":"362683N1193584W001","well_use":"Irrigation","slope_ft_per_yr":-1.958,"p_value":0.007,"trend":"decreasing","n_measurements":23,"record_years":18.1},"geometry":{"type":"Point","coordinates":[-119.3584,36.2683]}},{"type":"Feature","properties":{"station_id":"362686N1194846W001","well_use":"Irrigation","slope_ft_per_yr":-2.495,"p_value":0.0009,"trend":"decreasing","n_measurements":21,"record_years":24.1},"geometry":{"type":"Point","coordinates":[-119.4846,36.2686]}},{"type":"Feature","properties":{"station_id":"362689N1193445W001","well_use":"Irrigation","slope_ft_per_yr":-3.064,"p_value":0.0,"trend":"decreasing","n_measurements":28,"record_years":24.0},"geometry":{"type":"Point","coordinates":[-119.3445,36.2689]}},{"type":"Feature","properties":{"station_id":"362689N1195018W001","well_use":"Irrigation","slope_ft_per_yr":-1.013,"p_value":0.0058,"trend":"decreasing","n_measurements":39,"record_years":27.0},"geometry":{"type":"Point","coordinates":[-119.5018,36.2689]}},{"type":"Feature","properties":{"station_id":"362694N1193031W001","well_use":"Irrigation","slope_ft_per_yr":-3.015,"p_value":0.0,"trend":"decreasing","n_measurements":31,"record_years":23.3},"geometry":{"type":"Point","coordinates":[-119.3031,36.2694]}},{"type":"Feature","properties":{"station_id":"362694N1195393W001","well_use":"Stockwatering","slope_ft_per_yr":-0.013,"p_value":0.924,"trend":"no trend","n_measurements":36,"record_years":30.5},"geometry":{"type":"Point","coordinates":[-119.5393,36.2694]}},{"type":"Feature","properties":{"station_id":"362700N1194077W001","well_use":"Irrigation","slope_ft_per_yr":-2.676,"p_value":0.0,"trend":"decreasing","n_measurements":37,"record_years":24.0},"geometry":{"type":"Point","coordinates":[-119.4077,36.27]}},{"type":"Feature","properties":{"station_id":"362714N1191365W001","well_use":"Unknown","slope_ft_per_yr":-0.811,"p_value":0.1391,"trend":"no trend","n_measurements":23,"record_years":15.7},"geometry":{"type":"Point","coordinates":[-119.1365,36.2714]}},{"type":"Feature","properties":{"station_id":"362717N1194027W001","well_use":"Unknown","slope_ft_per_yr":-0.895,"p_value":0.4125,"trend":"no trend","n_measurements":22,"record_years":15.0},"geometry":{"type":"Point","coordinates":[-119.4027,36.2717]}},{"type":"Feature","properties":{"station_id":"362733N1195827W001","well_use":"Unknown","slope_ft_per_yr":-2.105,"p_value":0.0039,"trend":"decreasing","n_measurements":31,"record_years":21.0},"geometry":{"type":"Point","coordinates":[-119.5827,36.2733]}},{"type":"Feature","properties":{"station_id":"362747N1191178W001","well_use":"Unknown","slope_ft_per_yr":-1.09,"p_value":0.1253,"trend":"no trend","n_measurements":23,"record_years":15.7},"geometry":{"type":"Point","coordinates":[-119.1178,36.2747]}},{"type":"Feature","properties":{"station_id":"362750N1191234W001","well_use":"Unknown","slope_ft_per_yr":-1.129,"p_value":0.124,"trend":"no trend","n_measurements":24,"record_years":15.7},"geometry":{"type":"Point","coordinates":[-119.1234,36.275]}},{"type":"Feature","properties":{"station_id":"362750N1191309W001","well_use":"Unknown","slope_ft_per_yr":-0.764,"p_value":0.2559,"trend":"no trend","n_measurements":23,"record_years":15.7},"geometry":{"type":"Point","coordinates":[-119.1309,36.275]}},{"type":"Feature","properties":{"station_id":"362753N1191365W001","well_use":"Unknown","slope_ft_per_yr":-1.121,"p_value":0.0663,"trend":"no trend","n_measurements":24,"record_years":15.7},"geometry":{"type":"Point","coordinates":[-119.1365,36.2753]}},{"type":"Feature","properties":{"station_id":"362753N1191456W001","well_use":"Unknown","slope_ft_per_yr":-1.54,"p_value":0.0258,"trend":"decreasing","n_measurements":22,"record_years":15.7},"geometry":{"type":"Point","coordinates":[-119.1456,36.2753]}},{"type":"Feature","properties":{"station_id":"362756N1191545W001","well_use":"Residential","slope_ft_per_yr":-3.831,"p_value":0.0,"trend":"decreasing","n_measurements":40,"record_years":22.5},"geometry":{"type":"Point","coordinates":[-119.1545,36.2756]}},{"type":"Feature","properties":{"station_id":"362761N1194035W001","well_use":"Unknown","slope_ft_per_yr":-2.705,"p_value":0.0442,"trend":"decreasing","n_measurements":20,"record_years":15.7},"geometry":{"type":"Point","coordinates":[-119.4035,36.2761]}},{"type":"Feature","properties":{"station_id":"362761N1195632W001","well_use":"Unknown","slope_ft_per_yr":-2.233,"p_value":0.0061,"trend":"decreasing","n_measurements":33,"record_years":21.0},"geometry":{"type":"Point","coordinates":[-119.5632,36.2761]}},{"type":"Feature","properties":{"station_id":"362811N1192076W001","well_use":"Irrigation","slope_ft_per_yr":-2.93,"p_value":0.0,"trend":"decreasing","n_measurements":48,"record_years":31.2},"geometry":{"type":"Point","coordinates":[-119.2076,36.2811]}},{"type":"Feature","properties":{"station_id":"362814N1193852W001","well_use":"Unknown","slope_ft_per_yr":-2.191,"p_value":0.0099,"trend":"decreasing","n_measurements":24,"record_years":18.1},"geometry":{"type":"Point","coordinates":[-119.3852,36.2814]}},{"type":"Feature","properties":{"station_id":"362825N1196046W001","well_use":"Unknown","slope_ft_per_yr":-3.922,"p_value":0.0001,"trend":"decreasing","n_measurements":32,"record_years":21.0},"geometry":{"type":"Point","coordinates":[-119.6046,36.2825]}},{"type":"Feature","properties":{"station_id":"362828N1191723W001","well_use":"Unknown","slope_ft_per_yr":-0.944,"p_value":0.0853,"trend":"no trend","n_measurements":22,"record_years":15.7},"geometry":{"type":"Point","coordinates":[-119.1723,36.2828]}},{"type":"Feature","properties":{"station_id":"362828N1194216W003","well_use":"Unknown","slope_ft_per_yr":-1.402,"p_value":0.0139,"trend":"decreasing","n_measurements":24,"record_years":16.0},"geometry":{"type":"Point","coordinates":[-119.4216,36.2828]}},{"type":"Feature","properties":{"station_id":"362833N1193265W001","well_use":"Unknown","slope_ft_per_yr":-2.319,"p_value":0.0009,"trend":"decreasing","n_measurements":26,"record_years":18.1},"geometry":{"type":"Point","coordinates":[-119.3265,36.2833]}},{"type":"Feature","properties":{"station_id":"362833N1196377W001","well_use":"Unknown","slope_ft_per_yr":-0.872,"p_value":0.026,"trend":"decreasing","n_measurements":31,"record_years":21.0},"geometry":{"type":"Point","coordinates":[-119.6377,36.2833]}},{"type":"Feature","properties":{"station_id":"362837N1196499W001","well_use":"Irrigation","slope_ft_per_yr":-2.328,"p_value":0.0438,"trend":"decreasing","n_measurements":30,"record_years":17.0},"geometry":{"type":"Point","coordinates":[-119.6499,36.2837]}},{"type":"Feature","properties":{"station_id":"362839N1192634W001","well_use":"Residential","slope_ft_per_yr":-2.767,"p_value":0.0,"trend":"decreasing","n_measurements":49,"record_years":31.2},"geometry":{"type":"Point","coordinates":[-119.2634,36.2839]}},{"type":"Feature","properties":{"station_id":"362842N1191390W001","well_use":"Unknown","slope_ft_per_yr":-0.988,"p_value":0.1079,"trend":"no trend","n_measurements":22,"record_years":15.7},"geometry":{"type":"Point","coordinates":[-119.139,36.2842]}},{"type":"Feature","properties":{"station_id":"362853N1191209W001","well_use":"Irrigation","slope_ft_per_yr":-3.538,"p_value":0.0,"trend":"decreasing","n_measurements":37,"record_years":29.2},"geometry":{"type":"Point","coordinates":[-119.1209,36.2853]}},{"type":"Feature","properties":{"station_id":"362856N1192442W001","well_use":"Unknown","slope_ft_per_yr":-1.026,"p_value":0.3463,"trend":"no trend","n_measurements":20,"record_years":15.7},"geometry":{"type":"Point","coordinates":[-119.2442,36.2856]}},{"type":"Feature","properties":{"station_id":"362864N1191345W001","well_use":"Unknown","slope_ft_per_yr":-0.835,"p_value":0.0907,"trend":"no trend","n_measurements":22,"record_years":15.7},"geometry":{"type":"Point","coordinates":[-119.1345,36.2864]}},{"type":"Feature","properties":{"station_id":"362903N1194927W001","well_use":"Unknown","slope_ft_per_yr":-3.735,"p_value":0.0003,"trend":"decreasing","n_measurements":29,"record_years":22.0},"geometry":{"type":"Point","coordinates":[-119.4927,36.2903]}},{"type":"Feature","properties":{"station_id":"362906N1194304W001","well_use":"Residential","slope_ft_per_yr":-0.768,"p_value":0.0345,"trend":"decreasing","n_measurements":20,"record_years":18.7},"geometry":{"type":"Point","coordinates":[-119.4304,36.2906]}},{"type":"Feature","properties":{"station_id":"362911N1193579W001","well_use":"Unknown","slope_ft_per_yr":-2.512,"p_value":0.0032,"trend":"decreasing","n_measurements":25,"record_years":18.1},"geometry":{"type":"Point","coordinates":[-119.3579,36.2911]}},{"type":"Feature","properties":{"station_id":"362936N1191315W001","well_use":"Unknown","slope_ft_per_yr":-0.805,"p_value":0.2449,"trend":"no trend","n_measurements":23,"record_years":15.7},"geometry":{"type":"Point","coordinates":[-119.1315,36.2936]}},{"type":"Feature","properties":{"station_id":"362947N1192617W001","well_use":"Unknown","slope_ft_per_yr":-2.705,"p_value":0.0,"trend":"decreasing","n_measurements":32,"record_years":29.5},"geometry":{"type":"Point","coordinates":[-119.2617,36.2947]}},{"type":"Feature","properties":{"station_id":"362967N1191273W001","well_use":"Unknown","slope_ft_per_yr":-0.872,"p_value":0.1759,"trend":"no trend","n_measurements":22,"record_years":15.7},"geometry":{"type":"Point","coordinates":[-119.1273,36.2967]}},{"type":"Feature","properties":{"station_id":"362975N1194663W001","well_use":"Unknown","slope_ft_per_yr":-1.725,"p_value":0.008,"trend":"decreasing","n_measurements":22,"record_years":21.0},"geometry":{"type":"Point","coordinates":[-119.4663,36.2975]}},{"type":"Feature","properties":{"station_id":"362975N1194696W001","well_use":"Unknown","slope_ft_per_yr":-2.091,"p_value":0.0008,"trend":"decreasing","n_measurements":20,"record_years":21.0},"geometry":{"type":"Point","coordinates":[-119.4696,36.2975]}},{"type":"Feature","properties":{"station_id":"362983N1192201W001","well_use":"Residential","slope_ft_per_yr":-1.699,"p_value":0.0004,"trend":"decreasing","n_measurements":27,"record_years":20.1},"geometry":{"type":"Point","coordinates":[-119.2201,36.2983]}},{"type":"Feature","properties":{"station_id":"362986N1191865W001","well_use":"Irrigation","slope_ft_per_yr":-1.823,"p_value":0.0003,"trend":"decreasing","n_measurements":25,"record_years":19.1},"geometry":{"type":"Point","coordinates":[-119.1865,36.2986]}},{"type":"Feature","properties":{"station_id":"362992N1195452W002","well_use":"Stockwatering","slope_ft_per_yr":-1.106,"p_value":0.1123,"trend":"no trend","n_measurements":24,"record_years":18.1},"geometry":{"type":"Point","coordinates":[-119.5452,36.2992]}},{"type":"Feature","properties":{"station_id":"363006N1191728W001","well_use":"Unknown","slope_ft_per_yr":-1.104,"p_value":0.0153,"trend":"decreasing","n_measurements":22,"record_years":15.7},"geometry":{"type":"Point","coordinates":[-119.1728,36.3006]}},{"type":"Feature","properties":{"station_id":"363034N1193312W001","well_use":"Unknown","slope_ft_per_yr":-1.543,"p_value":0.0,"trend":"decreasing","n_measurements":187,"record_years":31.1},"geometry":{"type":"Point","coordinates":[-119.33124,36.30344]}},{"type":"Feature","properties":{"station_id":"363075N1194485W001","well_use":"Irrigation","slope_ft_per_yr":-2.071,"p_value":0.0,"trend":"decreasing","n_measurements":21,"record_years":19.1},"geometry":{"type":"Point","coordinates":[-119.4485,36.3075]}},{"type":"Feature","properties":{"station_id":"363106N1191267W001","well_use":"Unknown","slope_ft_per_yr":-1.073,"p_value":0.0224,"trend":"decreasing","n_measurements":24,"record_years":15.7},"geometry":{"type":"Point","coordinates":[-119.1267,36.3106]}},{"type":"Feature","properties":{"station_id":"363117N1191842W001","well_use":"Unknown","slope_ft_per_yr":-1.091,"p_value":0.0,"trend":"decreasing","n_measurements":35,"record_years":31.2},"geometry":{"type":"Point","coordinates":[-119.1842,36.3117]}},{"type":"Feature","properties":{"station_id":"363128N1191715W001","well_use":"Unknown","slope_ft_per_yr":-1.0,"p_value":0.0172,"trend":"decreasing","n_measurements":24,"record_years":15.7},"geometry":{"type":"Point","coordinates":[-119.1715,36.3128]}},{"type":"Feature","properties":{"station_id":"363136N1191445W001","well_use":"Unknown","slope_ft_per_yr":-0.964,"p_value":0.0162,"trend":"decreasing","n_measurements":23,"record_years":15.7},"geometry":{"type":"Point","coordinates":[-119.1445,36.3136]}},{"type":"Feature","properties":{"station_id":"363136N1195424W001","well_use":"Unknown","slope_ft_per_yr":-2.715,"p_value":0.0007,"trend":"decreasing","n_measurements":30,"record_years":20.0},"geometry":{"type":"Point","coordinates":[-119.5424,36.3136]}},{"type":"Feature","properties":{"station_id":"363150N1191306W001","well_use":"Unknown","slope_ft_per_yr":-0.644,"p_value":0.2248,"trend":"no trend","n_measurements":22,"record_years":15.7},"geometry":{"type":"Point","coordinates":[-119.1306,36.315]}},{"type":"Feature","properties":{"station_id":"363203N1191637W001","well_use":"Unknown","slope_ft_per_yr":-0.892,"p_value":0.0027,"trend":"decreasing","n_measurements":24,"record_years":15.7},"geometry":{"type":"Point","coordinates":[-119.1637,36.3203]}},{"type":"Feature","properties":{"station_id":"363206N1194757W001","well_use":"Unknown","slope_ft_per_yr":-1.536,"p_value":0.074,"trend":"no trend","n_measurements":20,"record_years":15.6},"geometry":{"type":"Point","coordinates":[-119.4757,36.3206]}},{"type":"Feature","properties":{"station_id":"363226N1193315W001","well_use":"Unknown","slope_ft_per_yr":-2.489,"p_value":0.0,"trend":"decreasing","n_measurements":181,"record_years":31.1},"geometry":{"type":"Point","coordinates":[-119.33147,36.32263]}},{"type":"Feature","properties":{"station_id":"363250N1193935W001","well_use":"Unknown","slope_ft_per_yr":-2.267,"p_value":0.0,"trend":"decreasing","n_measurements":156,"record_years":31.1},"geometry":{"type":"Point","coordinates":[-119.39351,36.32501]}},{"type":"Feature","properties":{"station_id":"363261N1191717W001","well_use":"Residential","slope_ft_per_yr":-0.892,"p_value":0.0,"trend":"decreasing","n_measurements":30,"record_years":20.7},"geometry":{"type":"Point","coordinates":[-119.1717,36.3261]}},{"type":"Feature","properties":{"station_id":"363272N1194579W001","well_use":"Unknown","slope_ft_per_yr":-1.235,"p_value":0.0064,"trend":"decreasing","n_measurements":20,"record_years":16.9},"geometry":{"type":"Point","coordinates":[-119.4579,36.3272]}},{"type":"Feature","properties":{"station_id":"363272N1194579W002","well_use":"Irrigation","slope_ft_per_yr":-1.08,"p_value":0.125,"trend":"no trend","n_measurements":23,"record_years":17.7},"geometry":{"type":"Point","coordinates":[-119.4579,36.3272]}},{"type":"Feature","properties":{"station_id":"363275N1191256W001","well_use":"Unknown","slope_ft_per_yr":-1.341,"p_value":0.0034,"trend":"decreasing","n_measurements":24,"record_years":15.7},"geometry":{"type":"Point","coordinates":[-119.1256,36.3275]}},{"type":"Feature","properties":{"station_id":"363275N1194846W001","well_use":"Unknown","slope_ft_per_yr":-0.545,"p_value":0.0442,"trend":"decreasing","n_measurements":20,"record_years":20.9},"geometry":{"type":"Point","coordinates":[-119.4846,36.3275]}},{"type":"Feature","properties":{"station_id":"363278N1194977W001","well_use":"Unknown","slope_ft_per_yr":-3.492,"p_value":0.0008,"trend":"decreasing","n_measurements":20,"record_years":20.9},"geometry":{"type":"Point","coordinates":[-119.4977,36.3278]}},{"type":"Feature","properties":{"station_id":"363281N1194777W001","well_use":"Unknown","slope_ft_per_yr":-1.104,"p_value":0.0322,"trend":"decreasing","n_measurements":20,"record_years":21.0},"geometry":{"type":"Point","coordinates":[-119.4777,36.3281]}},{"type":"Feature","properties":{"station_id":"363289N1192034W001","well_use":"Observation","slope_ft_per_yr":-0.673,"p_value":0.0521,"trend":"no trend","n_measurements":25,"record_years":18.1},"geometry":{"type":"Point","coordinates":[-119.2034,36.3289]}},{"type":"Feature","properties":{"station_id":"363311N1194668W001","well_use":"Unknown","slope_ft_per_yr":-1.105,"p_value":0.0013,"trend":"decreasing","n_measurements":21,"record_years":20.9},"geometry":{"type":"Point","coordinates":[-119.4668,36.3311]}},{"type":"Feature","properties":{"station_id":"363324N1191115W001","well_use":"Unknown","slope_ft_per_yr":-1.551,"p_value":0.0083,"trend":"decreasing","n_measurements":23,"record_years":15.7},"geometry":{"type":"Point","coordinates":[-119.1115,36.3324]}},{"type":"Feature","properties":{"station_id":"363327N1191056W001","well_use":"Unknown","slope_ft_per_yr":-1.737,"p_value":0.004,"trend":"decreasing","n_measurements":24,"record_years":15.7},"geometry":{"type":"Point","coordinates":[-119.1056,36.3327]}},{"type":"Feature","properties":{"station_id":"363328N1194493W001","well_use":"Unknown","slope_ft_per_yr":-1.285,"p_value":0.0103,"trend":"decreasing","n_measurements":22,"record_years":20.9},"geometry":{"type":"Point","coordinates":[-119.4493,36.3328]}},{"type":"Feature","properties":{"station_id":"363330N1190784W001","well_use":"Irrigation","slope_ft_per_yr":-1.286,"p_value":0.0,"trend":"decreasing","n_measurements":46,"record_years":31.1},"geometry":{"type":"Point","coordinates":[-119.0784,36.333]}},{"type":"Feature","properties":{"station_id":"363335N1190945W001","well_use":"Unknown","slope_ft_per_yr":-1.332,"p_value":0.0175,"trend":"decreasing","n_measurements":23,"record_years":15.7},"geometry":{"type":"Point","coordinates":[-119.0945,36.3335]}},{"type":"Feature","properties":{"station_id":"363338N1190817W001","well_use":"Irrigation","slope_ft_per_yr":-1.509,"p_value":0.0,"trend":"decreasing","n_measurements":40,"record_years":31.1},"geometry":{"type":"Point","coordinates":[-119.0817,36.3338]}},{"type":"Feature","properties":{"station_id":"363339N1191351W001","well_use":"Unknown","slope_ft_per_yr":-0.956,"p_value":0.0071,"trend":"decreasing","n_measurements":23,"record_years":15.7},"geometry":{"type":"Point","coordinates":[-119.1351,36.3339]}},{"type":"Feature","properties":{"station_id":"363346N1191148W001","well_use":"Unknown","slope_ft_per_yr":-1.407,"p_value":0.0037,"trend":"decreasing","n_measurements":24,"record_years":15.7},"geometry":{"type":"Point","coordinates":[-119.1148,36.3346]}},{"type":"Feature","properties":{"station_id":"363363N1190901W001","well_use":"Unknown","slope_ft_per_yr":-1.826,"p_value":0.0047,"trend":"decreasing","n_measurements":24,"record_years":15.7},"geometry":{"type":"Point","coordinates":[-119.0901,36.3363]}},{"type":"Feature","properties":{"station_id":"363399N1191123W001","well_use":"Unknown","slope_ft_per_yr":-1.632,"p_value":0.0008,"trend":"decreasing","n_measurements":23,"record_years":15.7},"geometry":{"type":"Point","coordinates":[-119.1123,36.3399]}},{"type":"Feature","properties":{"station_id":"363403N1191434W001","well_use":"Observation","slope_ft_per_yr":0.048,"p_value":0.0,"trend":"increasing","n_measurements":1053,"record_years":14.5},"geometry":{"type":"Point","coordinates":[-119.14342,36.34028]}},{"type":"Feature","properties":{"station_id":"363406N1191342W001","well_use":"Unknown","slope_ft_per_yr":-1.317,"p_value":0.0059,"trend":"decreasing","n_measurements":24,"record_years":15.7},"geometry":{"type":"Point","coordinates":[-119.1342,36.3406]}},{"type":"Feature","properties":{"station_id":"363407N1190942W001","well_use":"Unknown","slope_ft_per_yr":-1.477,"p_value":0.0059,"trend":"decreasing","n_measurements":24,"record_years":15.7},"geometry":{"type":"Point","coordinates":[-119.0942,36.3407]}},{"type":"Feature","properties":{"station_id":"363408N1195266W001","well_use":"Unknown","slope_ft_per_yr":-0.793,"p_value":0.0233,"trend":"decreasing","n_measurements":30,"record_years":16.7},"geometry":{"type":"Point","coordinates":[-119.52664,36.34082]}},{"type":"Feature","properties":{"station_id":"363416N1190801W001","well_use":"Unknown","slope_ft_per_yr":-2.022,"p_value":0.0027,"trend":"decreasing","n_measurements":24,"record_years":15.7},"geometry":{"type":"Point","coordinates":[-119.0801,36.3416]}},{"type":"Feature","properties":{"station_id":"363417N1194818W001","well_use":"Unknown","slope_ft_per_yr":-0.753,"p_value":0.0,"trend":"decreasing","n_measurements":38,"record_years":26.6},"geometry":{"type":"Point","coordinates":[-119.4818,36.3417]}},{"type":"Feature","properties":{"station_id":"363425N1193854W001","well_use":"Unknown","slope_ft_per_yr":-1.418,"p_value":0.0,"trend":"decreasing","n_measurements":105,"record_years":15.9},"geometry":{"type":"Point","coordinates":[-119.38535,36.34245]}},{"type":"Feature","properties":{"station_id":"363426N1195264W001","well_use":"Observation","slope_ft_per_yr":-5.689,"p_value":0.0278,"trend":"decreasing","n_measurements":22,"record_years":11.0},"geometry":{"type":"Point","coordinates":[-119.52639,36.34256]}},{"type":"Feature","properties":{"station_id":"363438N1191012W001","well_use":"Irrigation","slope_ft_per_yr":-0.799,"p_value":0.0004,"trend":"decreasing","n_measurements":45,"record_years":31.2},"geometry":{"type":"Point","coordinates":[-119.1012,36.3438]}},{"type":"Feature","properties":{"station_id":"363446N1191023W001","well_use":"Unknown","slope_ft_per_yr":-1.121,"p_value":0.1155,"trend":"no trend","n_measurements":21,"record_years":15.8},"geometry":{"type":"Point","coordinates":[-119.1023,36.3446]}},{"type":"Feature","properties":{"station_id":"363471N1192720W001","well_use":"Unknown","slope_ft_per_yr":-2.803,"p_value":0.0,"trend":"decreasing","n_measurements":182,"record_years":31.1},"geometry":{"type":"Point","coordinates":[-119.27199,36.34706]}},{"type":"Feature","properties":{"station_id":"363474N1190809W001","well_use":"Unknown","slope_ft_per_yr":-1.72,"p_value":0.0096,"trend":"decreasing","n_measurements":23,"record_years":15.7},"geometry":{"type":"Point","coordinates":[-119.0809,36.3474]}},{"type":"Feature","properties":{"station_id":"363474N1190865W001","well_use":"Unknown","slope_ft_per_yr":-1.424,"p_value":0.0074,"trend":"decreasing","n_measurements":24,"record_years":15.7},"geometry":{"type":"Point","coordinates":[-119.0865,36.3474]}},{"type":"Feature","properties":{"station_id":"363478N1192267W001","well_use":"Unknown","slope_ft_per_yr":-0.866,"p_value":0.025,"trend":"decreasing","n_measurements":20,"record_years":15.7},"geometry":{"type":"Point","coordinates":[-119.2267,36.3478]}},{"type":"Feature","properties":{"station_id":"363493N1193672W001","well_use":"Unknown","slope_ft_per_yr":-2.576,"p_value":0.0001,"trend":"decreasing","n_measurements":21,"record_years":14.0},"geometry":{"type":"Point","coordinates":[-119.3672,36.34931]}},{"type":"Feature","properties":{"station_id":"363503N1192954W001","well_use":"Unknown","slope_ft_per_yr":-1.976,"p_value":0.0,"trend":"decreasing","n_measurements":183,"record_years":31.1},"geometry":{"type":"Point","coordinates":[-119.29544,36.35028]}},{"type":"Feature","properties":{"station_id":"363505N1190626W001","well_use":"Unknown","slope_ft_per_yr":-1.244,"p_value":0.0208,"trend":"decreasing","n_measurements":22,"record_years":13.1},"geometry":{"type":"Point","coordinates":[-119.0626,36.3505]}},{"type":"Feature","properties":{"station_id":"363524N1191259W001","well_use":"Unknown","slope_ft_per_yr":-0.344,"p_value":0.032,"trend":"decreasing","n_measurements":22,"record_years":15.7},"geometry":{"type":"Point","coordinates":[-119.1259,36.3524]}},{"type":"Feature","properties":{"station_id":"363527N1191067W001","well_use":"Unknown","slope_ft_per_yr":-0.555,"p_value":0.3152,"trend":"no trend","n_measurements":23,"record_years":15.7},"geometry":{"type":"Point","coordinates":[-119.1067,36.3527]}},{"type":"Feature","properties":{"station_id":"363528N1191967W001","well_use":"Residential","slope_ft_per_yr":-1.014,"p_value":0.0001,"trend":"decreasing","n_measurements":24,"record_years":18.1},"geometry":{"type":"Point","coordinates":[-119.1967,36.3528]}},{"type":"Feature","properties":{"station_id":"363543N1190809W001","well_use":"Unknown","slope_ft_per_yr":-1.38,"p_value":0.0023,"trend":"decreasing","n_measurements":24,"record_years":15.7},"geometry":{"type":"Point","coordinates":[-119.0809,36.3543]}},{"type":"Feature","properties":{"station_id":"363546N1190959W001","well_use":"Unknown","slope_ft_per_yr":-0.698,"p_value":0.0394,"trend":"decreasing","n_measurements":24,"record_years":15.7},"geometry":{"type":"Point","coordinates":[-119.0959,36.3546]}},{"type":"Feature","properties":{"station_id":"363597N1191623W001","well_use":"Unknown","slope_ft_per_yr":-0.148,"p_value":0.295,"trend":"no trend","n_measurements":20,"record_years":15.8},"geometry":{"type":"Point","coordinates":[-119.1623,36.3597]}},{"type":"Feature","properties":{"station_id":"363606N1191837W001","well_use":"Irrigation","slope_ft_per_yr":-0.053,"p_value":0.439,"trend":"no trend","n_measurements":45,"record_years":30.7},"geometry":{"type":"Point","coordinates":[-119.1837,36.3606]}},{"type":"Feature","properties":{"station_id":"363649N1190628W001","well_use":"Residential","slope_ft_per_yr":-0.232,"p_value":0.1556,"trend":"no trend","n_measurements":42,"record_years":31.1},"geometry":{"type":"Point","coordinates":[-119.0628,36.3649]}},{"type":"Feature","properties":{"station_id":"363649N1191318W001","well_use":"Observation","slope_ft_per_yr":1.486,"p_value":0.0,"trend":"increasing","n_measurements":1723,"record_years":10.0},"geometry":{"type":"Point","coordinates":[-119.13182,36.36494]}},{"type":"Feature","properties":{"station_id":"363667N1193148W001","well_use":"Irrigation","slope_ft_per_yr":-1.885,"p_value":0.0234,"trend":"decreasing","n_measurements":25,"record_years":19.7},"geometry":{"type":"Point","coordinates":[-119.3148,36.3667]}},{"type":"Feature","properties":{"station_id":"363683N1194399W001","well_use":"Irrigation","slope_ft_per_yr":-2.067,"p_value":0.001,"trend":"decreasing","n_measurements":26,"record_years":19.7},"geometry":{"type":"Point","coordinates":[-119.4399,36.3683]}},{"type":"Feature","properties":{"station_id":"363692N1192520W001","well_use":"Residential","slope_ft_per_yr":-0.873,"p_value":0.0,"trend":"decreasing","n_measurements":37,"record_years":30.7},"geometry":{"type":"Point","coordinates":[-119.252,36.3692]}},{"type":"Feature","properties":{"station_id":"363703N1194577W001","well_use":"Unknown","slope_ft_per_yr":-1.077,"p_value":0.0552,"trend":"no trend","n_measurements":22,"record_years":21.0},"geometry":{"type":"Point","coordinates":[-119.4577,36.3703]}},{"type":"Feature","properties":{"station_id":"363706N1192665W001","well_use":"Irrigation","slope_ft_per_yr":-2.436,"p_value":0.0,"trend":"decreasing","n_measurements":24,"record_years":21.7},"geometry":{"type":"Point","coordinates":[-119.2665,36.3706]}},{"type":"Feature","properties":{"station_id":"363750N1193502W001","well_use":"Irrigation","slope_ft_per_yr":-1.783,"p_value":0.0082,"trend":"decreasing","n_measurements":25,"record_years":19.0},"geometry":{"type":"Point","coordinates":[-119.3502,36.375]}},{"type":"Feature","properties":{"station_id":"363755N1191353W001","well_use":"Irrigation","slope_ft_per_yr":-0.1,"p_value":0.5161,"trend":"no trend","n_measurements":24,"record_years":18.1},"geometry":{"type":"Point","coordinates":[-119.1353,36.3755]}},{"type":"Feature","properties":{"station_id":"363781N1191934W001","well_use":"Unknown","slope_ft_per_yr":-0.73,"p_value":0.0114,"trend":"decreasing","n_measurements":24,"record_years":16.0},"geometry":{"type":"Point","coordinates":[-119.1934,36.3781]}},{"type":"Feature","properties":{"station_id":"363789N1194041W001","well_use":"Irrigation","slope_ft_per_yr":-2.685,"p_value":0.0003,"trend":"decreasing","n_measurements":24,"record_years":18.7},"geometry":{"type":"Point","coordinates":[-119.4041,36.3789]}},{"type":"Feature","properties":{"station_id":"363822N1192045W001","well_use":"Unknown","slope_ft_per_yr":-0.275,"p_value":0.5852,"trend":"no trend","n_measurements":24,"record_years":16.0},"geometry":{"type":"Point","coordinates":[-119.2045,36.3822]}},{"type":"Feature","properties":{"station_id":"363828N1191981W001","well_use":"Unknown","slope_ft_per_yr":-0.754,"p_value":0.13,"trend":"no trend","n_measurements":24,"record_years":16.0},"geometry":{"type":"Point","coordinates":[-119.1981,36.3828]}},{"type":"Feature","properties":{"station_id":"363856N1194443W001","well_use":"Irrigation","slope_ft_per_yr":-0.888,"p_value":0.0,"trend":"decreasing","n_measurements":49,"record_years":30.5},"geometry":{"type":"Point","coordinates":[-119.4443,36.3856]}},{"type":"Feature","properties":{"station_id":"363856N1194824W001","well_use":"Unknown","slope_ft_per_yr":-1.681,"p_value":0.1309,"trend":"no trend","n_measurements":21,"record_years":21.0},"geometry":{"type":"Point","coordinates":[-119.4824,36.3856]}},{"type":"Feature","properties":{"station_id":"363857N1191031W001","well_use":"Residential","slope_ft_per_yr":-0.859,"p_value":0.0018,"trend":"decreasing","n_measurements":24,"record_years":21.1},"geometry":{"type":"Point","coordinates":[-119.1031,36.3857]}},{"type":"Feature","properties":{"station_id":"363864N1192834W001","well_use":"Irrigation","slope_ft_per_yr":-2.889,"p_value":0.0,"trend":"decreasing","n_measurements":37,"record_years":26.5},"geometry":{"type":"Point","coordinates":[-119.2834,36.3864]}},{"type":"Feature","properties":{"station_id":"363880N1190651W001","well_use":"Irrigation","slope_ft_per_yr":-0.307,"p_value":0.0,"trend":"decreasing","n_measurements":49,"record_years":30.5},"geometry":{"type":"Point","coordinates":[-119.0651,36.388]}},{"type":"Feature","properties":{"station_id":"363889N1192017W001","well_use":"Unknown","slope_ft_per_yr":-0.646,"p_value":0.1433,"trend":"no trend","n_measurements":24,"record_years":16.0},"geometry":{"type":"Point","coordinates":[-119.2017,36.3889]}},{"type":"Feature","properties":{"station_id":"363894N1191890W001","well_use":"Unknown","slope_ft_per_yr":-0.613,"p_value":0.2242,"trend":"no trend","n_measurements":24,"record_years":16.0},"geometry":{"type":"Point","coordinates":[-119.189,36.3894]}},{"type":"Feature","properties":{"station_id":"363922N1191837W001","well_use":"Unknown","slope_ft_per_yr":0.171,"p_value":0.8427,"trend":"no trend","n_measurements":24,"record_years":16.0},"geometry":{"type":"Point","coordinates":[-119.1837,36.3922]}},{"type":"Feature","properties":{"station_id":"363922N1192106W001","well_use":"Unknown","slope_ft_per_yr":-0.783,"p_value":0.078,"trend":"no trend","n_measurements":24,"record_years":16.0},"geometry":{"type":"Point","coordinates":[-119.2106,36.3922]}},{"type":"Feature","properties":{"station_id":"363924N1191370W001","well_use":"Unknown","slope_ft_per_yr":-0.451,"p_value":0.197,"trend":"no trend","n_measurements":24,"record_years":16.0},"geometry":{"type":"Point","coordinates":[-119.137,36.3924]}},{"type":"Feature","properties":{"station_id":"363928N1192295W001","well_use":"Unknown","slope_ft_per_yr":-0.727,"p_value":0.0238,"trend":"decreasing","n_measurements":24,"record_years":16.0},"geometry":{"type":"Point","coordinates":[-119.2295,36.3928]}},{"type":"Feature","properties":{"station_id":"363971N1191370W001","well_use":"Unknown","slope_ft_per_yr":-0.437,"p_value":0.275,"trend":"no trend","n_measurements":24,"record_years":16.0},"geometry":{"type":"Point","coordinates":[-119.137,36.3971]}},{"type":"Feature","properties":{"station_id":"363978N1192156W001","well_use":"Unknown","slope_ft_per_yr":-0.819,"p_value":0.0824,"trend":"no trend","n_measurements":24,"record_years":16.0},"geometry":{"type":"Point","coordinates":[-119.2156,36.3978]}},{"type":"Feature","properties":{"station_id":"363981N1191956W001","well_use":"Unknown","slope_ft_per_yr":-0.898,"p_value":0.1015,"trend":"no trend","n_measurements":24,"record_years":16.0},"geometry":{"type":"Point","coordinates":[-119.1956,36.3981]}},{"type":"Feature","properties":{"station_id":"363988N1191531W001","well_use":"Unknown","slope_ft_per_yr":-0.517,"p_value":0.3458,"trend":"no trend","n_measurements":24,"record_years":16.0},"geometry":{"type":"Point","coordinates":[-119.1531,36.3988]}},{"type":"Feature","properties":{"station_id":"363989N1192381W001","well_use":"Unknown","slope_ft_per_yr":-0.806,"p_value":0.0593,"trend":"no trend","n_measurements":24,"record_years":16.0},"geometry":{"type":"Point","coordinates":[-119.2381,36.3989]}},{"type":"Feature","properties":{"station_id":"363990N1191352W001","well_use":"Observation","slope_ft_per_yr":0.0,"p_value":0.9577,"trend":"no trend","n_measurements":23,"record_years":14.5},"geometry":{"type":"Point","coordinates":[-119.13519,36.39903]}},{"type":"Feature","properties":{"station_id":"363991N1191440W001","well_use":"Unknown","slope_ft_per_yr":-0.438,"p_value":0.2434,"trend":"no trend","n_measurements":24,"record_years":16.0},"geometry":{"type":"Point","coordinates":[-119.144,36.3991]}},{"type":"Feature","properties":{"station_id":"363992N1192051W001","well_use":"Unknown","slope_ft_per_yr":-0.74,"p_value":0.1722,"trend":"no trend","n_measurements":24,"record_years":16.0},"geometry":{"type":"Point","coordinates":[-119.2051,36.3992]}},{"type":"Feature","properties":{"station_id":"363993N1191028W001","well_use":"Industrial","slope_ft_per_yr":-0.2,"p_value":0.3628,"trend":"no trend","n_measurements":30,"record_years":31.2},"geometry":{"type":"Point","coordinates":[-119.1028,36.3993]}},{"type":"Feature","properties":{"station_id":"364000N1191848W001","well_use":"Unknown","slope_ft_per_yr":-0.793,"p_value":0.1867,"trend":"no trend","n_measurements":23,"record_years":16.0},"geometry":{"type":"Point","coordinates":[-119.1848,36.4]}},{"type":"Feature","properties":{"station_id":"364000N1191973W001","well_use":"Unknown","slope_ft_per_yr":-1.027,"p_value":0.0607,"trend":"no trend","n_measurements":23,"record_years":16.0},"geometry":{"type":"Point","coordinates":[-119.1973,36.4]}},{"type":"Feature","properties":{"station_id":"364039N1191987W001","well_use":"Unknown","slope_ft_per_yr":-1.126,"p_value":0.0197,"trend":"decreasing","n_measurements":24,"record_years":16.0},"geometry":{"type":"Point","coordinates":[-119.1987,36.4039]}},{"type":"Feature","properties":{"station_id":"364047N1192237W001","well_use":"Unknown","slope_ft_per_yr":-0.976,"p_value":0.0172,"trend":"decreasing","n_measurements":24,"record_years":16.0},"geometry":{"type":"Point","coordinates":[-119.2237,36.4047]}},{"type":"Feature","properties":{"station_id":"364049N1194573W001","well_use":"Observation","slope_ft_per_yr":-0.029,"p_value":0.9289,"trend":"no trend","n_measurements":30,"record_years":14.4},"geometry":{"type":"Point","coordinates":[-119.45731,36.40486]}},{"type":"Feature","properties":{"station_id":"364050N1192401W001","well_use":"Unknown","slope_ft_per_yr":-1.152,"p_value":0.0224,"trend":"decreasing","n_measurements":24,"record_years":16.0},"geometry":{"type":"Point","coordinates":[-119.2401,36.405]}},{"type":"Feature","properties":{"station_id":"364068N1191709W001","well_use":"Unknown","slope_ft_per_yr":-0.66,"p_value":0.1955,"trend":"no trend","n_measurements":23,"record_years":16.0},"geometry":{"type":"Point","coordinates":[-119.1709,36.4068]}},{"type":"Feature","properties":{"station_id":"364069N1192151W001","well_use":"Unknown","slope_ft_per_yr":-1.166,"p_value":0.0051,"trend":"decreasing","n_measurements":24,"record_years":16.0},"geometry":{"type":"Point","coordinates":[-119.2151,36.4069]}},{"type":"Feature","properties":{"station_id":"364086N1192381W001","well_use":"Irrigation","slope_ft_per_yr":-3.099,"p_value":0.0,"trend":"decreasing","n_measurements":44,"record_years":31.1},"geometry":{"type":"Point","coordinates":[-119.2381,36.4086]}},{"type":"Feature","properties":{"station_id":"364106N1193145W001","well_use":"Irrigation","slope_ft_per_yr":-1.949,"p_value":0.0001,"trend":"decreasing","n_measurements":30,"record_years":30.5},"geometry":{"type":"Point","coordinates":[-119.3145,36.4106]}},{"type":"Feature","properties":{"station_id":"364118N1191520W001","well_use":"Unknown","slope_ft_per_yr":-0.984,"p_value":0.0475,"trend":"decreasing","n_measurements":23,"record_years":16.0},"geometry":{"type":"Point","coordinates":[-119.152,36.4118]}},{"type":"Feature","properties":{"station_id":"364125N1193588W001","well_use":"Residential","slope_ft_per_yr":-2.236,"p_value":0.0026,"trend":"decreasing","n_measurements":23,"record_years":18.4},"geometry":{"type":"Point","coordinates":[-119.3588,36.4125]}},{"type":"Feature","properties":{"station_id":"364136N1192076W001","well_use":"Unknown","slope_ft_per_yr":-1.309,"p_value":0.0085,"trend":"decreasing","n_measurements":24,"record_years":16.0},"geometry":{"type":"Point","coordinates":[-119.2076,36.4136]}},{"type":"Feature","properties":{"station_id":"364139N1192376W001","well_use":"Unknown","slope_ft_per_yr":-1.006,"p_value":0.0092,"trend":"decreasing","n_measurements":24,"record_years":16.0},"geometry":{"type":"Point","coordinates":[-119.2376,36.4139]}},{"type":"Feature","properties":{"station_id":"364141N1191831W001","well_use":"Unknown","slope_ft_per_yr":-1.226,"p_value":0.0371,"trend":"decreasing","n_measurements":24,"record_years":16.0},"geometry":{"type":"Point","coordinates":[-119.1831,36.4141]}},{"type":"Feature","properties":{"station_id":"364144N1192276W001","well_use":"Unknown","slope_ft_per_yr":-1.104,"p_value":0.0085,"trend":"decreasing","n_measurements":24,"record_years":16.0},"geometry":{"type":"Point","coordinates":[-119.2276,36.4144]}},{"type":"Feature","properties":{"station_id":"364146N1191728W001","well_use":"Irrigation","slope_ft_per_yr":-1.034,"p_value":0.0,"trend":"decreasing","n_measurements":43,"record_years":31.1},"geometry":{"type":"Point","coordinates":[-119.1728,36.4146]}},{"type":"Feature","properties":{"station_id":"364153N1192420W001","well_use":"Unknown","slope_ft_per_yr":-1.094,"p_value":0.0172,"trend":"decreasing","n_measurements":24,"record_years":16.0},"geometry":{"type":"Point","coordinates":[-119.242,36.4153]}},{"type":"Feature","properties":{"station_id":"364174N1191703W001","well_use":"Unknown","slope_ft_per_yr":-1.187,"p_value":0.0309,"trend":"decreasing","n_measurements":24,"record_years":16.0},"geometry":{"type":"Point","coordinates":[-119.1703,36.4174]}},{"type":"Feature","properties":{"station_id":"364193N1191595W001","well_use":"Unknown","slope_ft_per_yr":-1.123,"p_value":0.0141,"trend":"decreasing","n_measurements":24,"record_years":16.0},"geometry":{"type":"Point","coordinates":[-119.1595,36.4193]}},{"type":"Feature","properties":{"station_id":"364227N1191706W001","well_use":"Unknown","slope_ft_per_yr":-1.032,"p_value":0.024,"trend":"decreasing","n_measurements":24,"record_years":16.0},"geometry":{"type":"Point","coordinates":[-119.1706,36.4227]}},{"type":"Feature","properties":{"station_id":"364246N1191887W001","well_use":"Unknown","slope_ft_per_yr":-1.585,"p_value":0.0047,"trend":"decreasing","n_measurements":24,"record_years":16.0},"geometry":{"type":"Point","coordinates":[-119.1887,36.4246]}},{"type":"Feature","properties":{"station_id":"364250N1193629W001","well_use":"Irrigation","slope_ft_per_yr":-1.531,"p_value":0.0142,"trend":"decreasing","n_measurements":21,"record_years":18.1},"geometry":{"type":"Point","coordinates":[-119.3629,36.425]}},{"type":"Feature","properties":{"station_id":"364281N1192092W001","well_use":"Irrigation","slope_ft_per_yr":-2.139,"p_value":0.0,"trend":"decreasing","n_measurements":34,"record_years":26.1},"geometry":{"type":"Point","coordinates":[-119.2092,36.4281]}},{"type":"Feature","properties":{"station_id":"364283N1192334W001","well_use":"Unknown","slope_ft_per_yr":-1.11,"p_value":0.0185,"trend":"decreasing","n_measurements":24,"record_years":16.0},"geometry":{"type":"Point","coordinates":[-119.2334,36.4283]}},{"type":"Feature","properties":{"station_id":"364288N1191842W001","well_use":"Unknown","slope_ft_per_yr":-1.422,"p_value":0.0069,"trend":"decreasing","n_measurements":24,"record_years":16.0},"geometry":{"type":"Point","coordinates":[-119.1842,36.4288]}},{"type":"Feature","properties":{"station_id":"364296N1191709W001","well_use":"Unknown","slope_ft_per_yr":-0.981,"p_value":0.0114,"trend":"decreasing","n_measurements":24,"record_years":16.0},"geometry":{"type":"Point","coordinates":[-119.1709,36.4296]}},{"type":"Feature","properties":{"station_id":"364318N1191776W001","well_use":"Unknown","slope_ft_per_yr":-1.075,"p_value":0.0273,"trend":"decreasing","n_measurements":24,"record_years":16.0},"geometry":{"type":"Point","coordinates":[-119.1776,36.4318]}},{"type":"Feature","properties":{"station_id":"364388N1191703W001","well_use":"Irrigation","slope_ft_per_yr":-0.654,"p_value":0.0002,"trend":"decreasing","n_measurements":40,"record_years":31.1},"geometry":{"type":"Point","coordinates":[-119.1703,36.4388]}},{"type":"Feature","properties":{"station_id":"364682N1192001W001","well_use":"Irrigation","slope_ft_per_yr":-2.021,"p_value":0.0001,"trend":"decreasing","n_measurements":27,"record_years":30.4},"geometry":{"type":"Point","coordinates":[-119.2001,36.4682]}},{"type":"Feature","properties":{"station_id":"364718N1192151W001","well_use":"Unknown","slope_ft_per_yr":-1.787,"p_value":0.0065,"trend":"decreasing","n_measurements":21,"record_years":15.6},"geometry":{"type":"Point","coordinates":[-119.2151,36.4718]}},{"type":"Feature","properties":{"station_id":"364788N1191653W001","well_use":"Irrigation","slope_ft_per_yr":0.041,"p_value":0.547,"trend":"no trend","n_measurements":32,"record_years":31.1},"geometry":{"type":"Point","coordinates":[-119.1653,36.4788]}},{"type":"Feature","properties":{"station_id":"364930N1192142W001","well_use":"Irrigation","slope_ft_per_yr":-1.946,"p_value":0.0,"trend":"decreasing","n_measurements":24,"record_years":29.1},"geometry":{"type":"Point","coordinates":[-119.2142,36.493]}},{"type":"Feature","properties":{"station_id":"365005N1191870W001","well_use":"Irrigation","slope_ft_per_yr":-0.476,"p_value":0.0005,"trend":"decreasing","n_measurements":37,"record_years":31.1},"geometry":{"type":"Point","coordinates":[-119.187,36.50049]}}]}