{"type":"FeatureCollection","features":[{"type":"Feature","properties":{"station_id":"363208N1198691W002","well_use":"Irrigation","slope_ft_per_yr":-5.36,"p_value":0.0001,"trend":"decreasing","n_measurements":23,"record_years":21.1},"geometry":{"type":"Point","coordinates":[-119.8691,36.3208]}},{"type":"Feature","properties":{"station_id":"363400N1198800W001","well_use":"Irrigation","slope_ft_per_yr":1.657,"p_value":0.3006,"trend":"no trend","n_measurements":30,"record_years":14.3},"geometry":{"type":"Point","coordinates":[-119.88,36.34]}},{"type":"Feature","properties":{"station_id":"363461N1198468W001","well_use":"Irrigation","slope_ft_per_yr":-1.199,"p_value":0.0,"trend":"decreasing","n_measurements":48,"record_years":31.0},"geometry":{"type":"Point","coordinates":[-119.8468,36.3461]}},{"type":"Feature","properties":{"station_id":"363667N1198832W001","well_use":"Unknown","slope_ft_per_yr":-0.119,"p_value":0.0025,"trend":"decreasing","n_measurements":31,"record_years":19.0},"geometry":{"type":"Point","coordinates":[-119.8832,36.3667]}},{"type":"Feature","properties":{"station_id":"363719N1199579W001","well_use":"Irrigation","slope_ft_per_yr":-3.956,"p_value":0.0001,"trend":"decreasing","n_measurements":29,"record_years":19.0},"geometry":{"type":"Point","coordinates":[-119.9579,36.3719]}},{"type":"Feature","properties":{"station_id":"363722N1199421W001","well_use":"Irrigation","slope_ft_per_yr":-4.24,"p_value":0.0,"trend":"decreasing","n_measurements":28,"record_years":19.0},"geometry":{"type":"Point","coordinates":[-119.9421,36.3722]}},{"type":"Feature","properties":{"station_id":"363722N1199504W001","well_use":"Irrigation","slope_ft_per_yr":-2.846,"p_value":0.0003,"trend":"decreasing","n_measurements":33,"record_years":26.4},"geometry":{"type":"Point","coordinates":[-119.9504,36.3722]}},{"type":"Feature","properties":{"station_id":"363800N1199000W001","well_use":"Irrigation","slope_ft_per_yr":0.815,"p_value":0.4975,"trend":"no trend","n_measurements":30,"record_years":14.3},"geometry":{"type":"Point","coordinates":[-119.9,36.38]}},{"type":"Feature","properties":{"station_id":"363800N1199010W001","well_use":"Unknown","slope_ft_per_yr":-0.045,"p_value":0.2126,"trend":"no trend","n_measurements":64,"record_years":16.5},"geometry":{"type":"Point","coordinates":[-119.901,36.38]}},{"type":"Feature","properties":{"station_id":"363883N1199318W001","well_use":"Unknown","slope_ft_per_yr":-4.165,"p_value":0.0014,"trend":"decreasing","n_measurements":20,"record_years":14.6},"geometry":{"type":"Point","coordinates":[-119.9318,36.3883]}},{"type":"Feature","properties":{"station_id":"363981N1198804W001","well_use":"Irrigation","slope_ft_per_yr":0.298,"p_value":0.4986,"trend":"no trend","n_measurements":22,"record_years":14.1},"geometry":{"type":"Point","coordinates":[-119.8804,36.3981]}},{"type":"Feature","properties":{"station_id":"364000N1198100W001","well_use":"Unknown","slope_ft_per_yr":-2.104,"p_value":0.0038,"trend":"decreasing","n_measurements":30,"record_years":14.3},"geometry":{"type":"Point","coordinates":[-119.81,36.4]}},{"type":"Feature","properties":{"station_id":"364002N1197624W001","well_use":"Irrigation","slope_ft_per_yr":-3.296,"p_value":0.0,"trend":"decreasing","n_measurements":45,"record_years":27.9},"geometry":{"type":"Point","coordinates":[-119.76257,36.40007]}},{"type":"Feature","properties":{"station_id":"364008N1196907W001","well_use":"Irrigation","slope_ft_per_yr":-2.562,"p_value":0.0,"trend":"decreasing","n_measurements":41,"record_years":26.7},"geometry":{"type":"Point","coordinates":[-119.81,36.4]}},{"type":"Feature","properties":{"station_id":"364033N1199049W001","well_use":"Irrigation","slope_ft_per_yr":-2.379,"p_value":0.0002,"trend":"decreasing","n_measurements":37,"record_years":27.9},"geometry":{"type":"Point","coordinates":[-119.90496,36.40367]}},{"type":"Feature","properties":{"station_id":"364185N1198163W001","well_use":"Irrigation","slope_ft_per_yr":-2.906,"p_value":0.0,"trend":"decreasing","n_measurements":30,"record_years":19.0},"geometry":{"type":"Point","coordinates":[-119.8163,36.4185]}},{"type":"Feature","properties":{"station_id":"364199N1199496W001","well_use":"Irrigation","slope_ft_per_yr":-2.408,"p_value":0.0076,"trend":"decreasing","n_measurements":26,"record_years":15.9},"geometry":{"type":"Point","coordinates":[-119.9496,36.4199]}},{"type":"Feature","properties":{"station_id":"364224N1199949W001","well_use":"Irrigation","slope_ft_per_yr":-2.082,"p_value":0.0,"trend":"decreasing","n_measurements":42,"record_years":31.0},"geometry":{"type":"Point","coordinates":[-119.9949,36.4224]}},{"type":"Feature","properties":{"station_id":"364255N1197804W001","well_use":"Irrigation","slope_ft_per_yr":-4.011,"p_value":0.0,"trend":"decreasing","n_measurements":29,"record_years":30.4},"geometry":{"type":"Point","coordinates":[-119.78031,36.42483]}},{"type":"Feature","properties":{"station_id":"364303N1195146W001","well_use":"Unknown","slope_ft_per_yr":-1.242,"p_value":0.0017,"trend":"decreasing","n_measurements":22,"record_years":21.0},"geometry":{"type":"Point","coordinates":[-119.5146,36.4303]}},{"type":"Feature","properties":{"station_id":"364306N1197260W001","well_use":"Irrigation","slope_ft_per_yr":-3.708,"p_value":0.0,"trend":"decreasing","n_measurements":26,"record_years":15.9},"geometry":{"type":"Point","coordinates":[-119.726,36.4306]}},{"type":"Feature","properties":{"station_id":"364313N1197916W001","well_use":"Irrigation","slope_ft_per_yr":-1.646,"p_value":0.0,"trend":"decreasing","n_measurements":44,"record_years":30.0},"geometry":{"type":"Point","coordinates":[-119.79176,36.4312]}},{"type":"Feature","properties":{"station_id":"364313N1200263W001","well_use":"Unknown","slope_ft_per_yr":-3.066,"p_value":0.0004,"trend":"decreasing","n_measurements":29,"record_years":19.0},"geometry":{"type":"Point","coordinates":[-120.0263,36.4313]}},{"type":"Feature","properties":{"station_id":"364343N1197624W001","well_use":"Irrigation","slope_ft_per_yr":-2.246,"p_value":0.0036,"trend":"decreasing","n_measurements":23,"record_years":23.0},"geometry":{"type":"Point","coordinates":[-119.7624,36.4343]}},{"type":"Feature","properties":{"station_id":"364389N1197196W001","well_use":"Irrigation","slope_ft_per_yr":-3.909,"p_value":0.0001,"trend":"decreasing","n_measurements":22,"record_years":17.0},"geometry":{"type":"Point","coordinates":[-119.7196,36.4389]}},{"type":"Feature","properties":{"station_id":"364394N1197271W001","well_use":"Irrigation","slope_ft_per_yr":-3.683,"p_value":0.0,"trend":"decreasing","n_measurements":26,"record_years":15.9},"geometry":{"type":"Point","coordinates":[-119.7271,36.4394]}},{"type":"Feature","properties":{"station_id":"364417N1196804W001","well_use":"Irrigation","slope_ft_per_yr":-2.907,"p_value":0.0,"trend":"decreasing","n_measurements":24,"record_years":15.1},"geometry":{"type":"Point","coordinates":[-119.6804,36.4417]}},{"type":"Feature","properties":{"station_id":"364424N1198510W001","well_use":"Unknown","slope_ft_per_yr":-3.72,"p_value":0.0,"trend":"decreasing","n_measurements":26,"record_years":19.9},"geometry":{"type":"Point","coordinates":[-119.851,36.4424]}},{"type":"Feature","properties":{"station_id":"364425N1193860W001","well_use":"Irrigation","slope_ft_per_yr":-1.292,"p_value":0.0,"trend":"decreasing","n_measurements":33,"record_years":31.0},"geometry":{"type":"Point","coordinates":[-119.386,36.4436]}},{"type":"Feature","properties":{"station_id":"364436N1197271W002","well_use":"Unknown","slope_ft_per_yr":-2.748,"p_value":0.0001,"trend":"decreasing","n_measurements":20,"record_years":12.5},"geometry":{"type":"Point","coordinates":[-119.7271,36.4436]}},{"type":"Feature","properties":{"station_id":"364441N1199752W001","well_use":"Unknown","slope_ft_per_yr":0.41,"p_value":0.102,"trend":"no trend","n_measurements":25,"record_years":15.9},"geometry":{"type":"Point","coordinates":[-119.9752,36.4441]}},{"type":"Feature","properties":{"station_id":"364449N1198313W001","well_use":"Residential","slope_ft_per_yr":-4.007,"p_value":0.0,"trend":"decreasing","n_measurements":49,"record_years":30.6},"geometry":{"type":"Point","coordinates":[-119.8313,36.4449]}},{"type":"Feature","properties":{"station_id":"364449N1200488W001","well_use":"Unknown","slope_ft_per_yr":2.036,"p_value":0.13,"trend":"no trend","n_measurements":24,"record_years":19.0},"geometry":{"type":"Point","coordinates":[-120.0488,36.4449]}},{"type":"Feature","properties":{"station_id":"364452N1200485W001","well_use":"Irrigation","slope_ft_per_yr":-2.004,"p_value":0.0001,"trend":"decreasing","n_measurements":41,"record_years":26.4},"geometry":{"type":"Point","coordinates":[-120.0485,36.4452]}},{"type":"Feature","properties":{"station_id":"364481N1197074W001","well_use":"Unknown","slope_ft_per_yr":-3.519,"p_value":0.0,"trend":"decreasing","n_measurements":25,"record_years":15.9},"geometry":{"type":"Point","coordinates":[-119.7074,36.4481]}},{"type":"Feature","properties":{"station_id":"364492N1197088W001","well_use":"Irrigation","slope_ft_per_yr":-2.695,"p_value":0.0,"trend":"decreasing","n_measurements":29,"record_years":18.7},"geometry":{"type":"Point","coordinates":[-119.7088,36.4492]}},{"type":"Feature","properties":{"station_id":"364500N1196535W001","well_use":"Irrigation","slope_ft_per_yr":-2.071,"p_value":0.0,"trend":"decreasing","n_measurements":34,"record_years":23.0},"geometry":{"type":"Point","coordinates":[-119.6535,36.45]}},{"type":"Feature","properties":{"station_id":"364517N1195829W001","well_use":"Unknown","slope_ft_per_yr":-1.833,"p_value":0.0065,"trend":"decreasing","n_measurements":21,"record_years":21.0},"geometry":{"type":"Point","coordinates":[-119.5829,36.4517]}},{"type":"Feature","properties":{"station_id":"364518N1199454W001","well_use":"Unknown","slope_ft_per_yr":-3.47,"p_value":0.0,"trend":"decreasing","n_measurements":27,"record_years":17.0},"geometry":{"type":"Point","coordinates":[-119.9454,36.4518]}},{"type":"Feature","properties":{"station_id":"364553N1195829W001","well_use":"Unknown","slope_ft_per_yr":-1.24,"p_value":0.0104,"trend":"decreasing","n_measurements":23,"record_years":21.0},"geometry":{"type":"Point","coordinates":[-119.5829,36.4553]}},{"type":"Feature","properties":{"station_id":"364578N1193502W001","well_use":"Unknown","slope_ft_per_yr":-2.117,"p_value":0.0136,"trend":"decreasing","n_measurements":20,"record_years":15.9},"geometry":{"type":"Point","coordinates":[-119.3502,36.4578]}},{"type":"Feature","properties":{"station_id":"364581N1193496W001","well_use":"Irrigation","slope_ft_per_yr":-0.912,"p_value":0.0854,"trend":"no trend","n_measurements":23,"record_years":22.1},"geometry":{"type":"Point","coordinates":[-119.35,36.46]}},{"type":"Feature","properties":{"station_id":"364591N1200135W001","well_use":"Irrigation","slope_ft_per_yr":-2.762,"p_value":0.0,"trend":"decreasing","n_measurements":48,"record_years":31.0},"geometry":{"type":"Point","coordinates":[-120.0135,36.4591]}},{"type":"Feature","properties":{"station_id":"364593N1200299W001","well_use":"Irrigation","slope_ft_per_yr":-2.92,"p_value":0.0,"trend":"decreasing","n_measurements":43,"record_years":31.0},"geometry":{"type":"Point","coordinates":[-120.0299,36.4593]}},{"type":"Feature","properties":{"station_id":"364600N1195568W001","well_use":"Unknown","slope_ft_per_yr":-1.635,"p_value":0.0016,"trend":"decreasing","n_measurements":22,"record_years":21.0},"geometry":{"type":"Point","coordinates":[-119.5568,36.46]}},{"type":"Feature","properties":{"station_id":"364603N1197510W001","well_use":"Unknown","slope_ft_per_yr":-3.447,"p_value":0.0,"trend":"decreasing","n_measurements":39,"record_years":27.0},"geometry":{"type":"Point","coordinates":[-119.74926,36.46012]}},{"type":"Feature","properties":{"station_id":"364605N1197654W001","well_use":"Unknown","slope_ft_per_yr":-4.927,"p_value":0.0,"trend":"decreasing","n_measurements":23,"record_years":16.9},"geometry":{"type":"Point","coordinates":[-119.7654,36.4605]}},{"type":"Feature","properties":{"station_id":"364638N1197638W001","well_use":"Irrigation","slope_ft_per_yr":-2.728,"p_value":0.0,"trend":"decreasing","n_measurements":30,"record_years":19.0},"geometry":{"type":"Point","coordinates":[-119.7638,36.4638]}},{"type":"Feature","properties":{"station_id":"364664N1194954W001","well_use":"Unknown","slope_ft_per_yr":-1.085,"p_value":0.0017,"trend":"decreasing","n_measurements":22,"record_years":21.0},"geometry":{"type":"Point","coordinates":[-119.4954,36.4664]}},{"type":"Feature","properties":{"station_id":"364667N1196641W001","well_use":"Irrigation","slope_ft_per_yr":-1.992,"p_value":0.0,"trend":"decreasing","n_measurements":28,"record_years":19.0},"geometry":{"type":"Point","coordinates":[-119.6641,36.4667]}},{"type":"Feature","properties":{"station_id":"364667N1197041W001","well_use":"Unknown","slope_ft_per_yr":-2.82,"p_value":0.0,"trend":"decreasing","n_measurements":48,"record_years":30.0},"geometry":{"type":"Point","coordinates":[-119.7041,36.4667]}},{"type":"Feature","properties":{"station_id":"364668N1198257W001","well_use":"Unknown","slope_ft_per_yr":-3.462,"p_value":0.0,"trend":"decreasing","n_measurements":41,"record_years":30.0},"geometry":{"type":"Point","coordinates":[-119.8257,36.4668]}},{"type":"Feature","properties":{"station_id":"364677N1198396W001","well_use":"Unknown","slope_ft_per_yr":-4.207,"p_value":0.0,"trend":"decreasing","n_measurements":24,"record_years":13.9},"geometry":{"type":"Point","coordinates":[-119.8396,36.4677]}},{"type":"Feature","properties":{"station_id":"364682N1198732W001","well_use":"Unknown","slope_ft_per_yr":-3.123,"p_value":0.0,"trend":"decreasing","n_measurements":33,"record_years":27.0},"geometry":{"type":"Point","coordinates":[-119.8732,36.4682]}},{"type":"Feature","properties":{"station_id":"364688N1197988W001","well_use":"Irrigation","slope_ft_per_yr":-3.215,"p_value":0.0,"trend":"decreasing","n_measurements":44,"record_years":17.0},"geometry":{"type":"Point","coordinates":[-119.7988,36.4688]}},{"type":"Feature","properties":{"station_id":"364691N1197874W001","well_use":"Unknown","slope_ft_per_yr":-4.253,"p_value":0.0,"trend":"decreasing","n_measurements":25,"record_years":16.9},"geometry":{"type":"Point","coordinates":[-119.7874,36.4691]}},{"type":"Feature","properties":{"station_id":"364700N1198400W002","well_use":"Irrigation","slope_ft_per_yr":-1.812,"p_value":0.0003,"trend":"decreasing","n_measurements":26,"record_years":13.9},"geometry":{"type":"Point","coordinates":[-119.90005,36.46591]}},{"type":"Feature","properties":{"station_id":"364727N1200229W001","well_use":"Irrigation","slope_ft_per_yr":-2.887,"p_value":0.0,"trend":"decreasing","n_measurements":40,"record_years":31.0},"geometry":{"type":"Point","coordinates":[-120.0229,36.4727]}},{"type":"Feature","properties":{"station_id":"364728N1194293W001","well_use":"Unknown","slope_ft_per_yr":-1.605,"p_value":0.0699,"trend":"no trend","n_measurements":21,"record_years":15.9},"geometry":{"type":"Point","coordinates":[-119.4293,36.4728]}},{"type":"Feature","properties":{"station_id":"364731N1195149W001","well_use":"Unknown","slope_ft_per_yr":-0.756,"p_value":0.0366,"trend":"decreasing","n_measurements":22,"record_years":21.0},"geometry":{"type":"Point","coordinates":[-119.5149,36.4731]}},{"type":"Feature","properties":{"station_id":"364733N1194816W001","well_use":"Irrigation","slope_ft_per_yr":-0.895,"p_value":0.0037,"trend":"decreasing","n_measurements":24,"record_years":26.0},"geometry":{"type":"Point","coordinates":[-119.4816,36.4733]}},{"type":"Feature","properties":{"station_id":"364735N1199579W001","well_use":"Unknown","slope_ft_per_yr":-3.468,"p_value":0.0,"trend":"decreasing","n_measurements":29,"record_years":19.0},"geometry":{"type":"Point","coordinates":[-119.9579,36.4735]}},{"type":"Feature","properties":{"station_id":"364738N1198874W001","well_use":"Unknown","slope_ft_per_yr":-2.777,"p_value":0.0033,"trend":"decreasing","n_measurements":21,"record_years":19.0},"geometry":{"type":"Point","coordinates":[-119.8874,36.4738]}},{"type":"Feature","properties":{"station_id":"364738N1199416W001","well_use":"Irrigation","slope_ft_per_yr":-4.314,"p_value":0.0,"trend":"decreasing","n_measurements":49,"record_years":31.0},"geometry":{"type":"Point","coordinates":[-119.9416,36.4738]}},{"type":"Feature","properties":{"station_id":"364739N1196227W001","well_use":"Irrigation","slope_ft_per_yr":-1.99,"p_value":0.0,"trend":"decreasing","n_measurements":45,"record_years":31.0},"geometry":{"type":"Point","coordinates":[-119.6227,36.4739]}},{"type":"Feature","properties":{"station_id":"364743N1198877W001","well_use":"Unknown","slope_ft_per_yr":-3.022,"p_value":0.0,"trend":"decreasing","n_measurements":29,"record_years":18.7},"geometry":{"type":"Point","coordinates":[-119.8877,36.4743]}},{"type":"Feature","properties":{"station_id":"364743N1199863W001","well_use":"Irrigation","slope_ft_per_yr":-3.401,"p_value":0.0,"trend":"decreasing","n_measurements":52,"record_years":31.0},"geometry":{"type":"Point","coordinates":[-119.98652,36.47476]}},{"type":"Feature","properties":{"station_id":"364750N1197488W001","well_use":"Unknown","slope_ft_per_yr":-2.998,"p_value":0.0001,"trend":"decreasing","n_measurements":32,"record_years":20.1},"geometry":{"type":"Point","coordinates":[-119.7488,36.475]}},{"type":"Feature","properties":{"station_id":"364757N1198646W001","well_use":"Unknown","slope_ft_per_yr":-4.37,"p_value":0.0,"trend":"decreasing","n_measurements":29,"record_years":19.3},"geometry":{"type":"Point","coordinates":[-119.8646,36.4757]}},{"type":"Feature","properties":{"station_id":"364782N1198210W001","well_use":"Unknown","slope_ft_per_yr":-3.014,"p_value":0.0,"trend":"decreasing","n_measurements":26,"record_years":16.1},"geometry":{"type":"Point","coordinates":[-119.821,36.4782]}},{"type":"Feature","properties":{"station_id":"364782N1198471W001","well_use":"Irrigation","slope_ft_per_yr":-3.452,"p_value":0.0,"trend":"decreasing","n_measurements":57,"record_years":27.1},"geometry":{"type":"Point","coordinates":[-119.8471,36.4782]}},{"type":"Feature","properties":{"station_id":"364797N1193577W001","well_use":"Unknown","slope_ft_per_yr":-1.303,"p_value":0.0907,"trend":"no trend","n_measurements":21,"record_years":15.9},"geometry":{"type":"Point","coordinates":[-119.3577,36.4797]}},{"type":"Feature","properties":{"station_id":"364813N1198968W001","well_use":"Unknown","slope_ft_per_yr":-2.168,"p_value":0.0,"trend":"decreasing","n_measurements":45,"record_years":30.0},"geometry":{"type":"Point","coordinates":[-119.8968,36.4813]}},{"type":"Feature","properties":{"station_id":"364816N1197785W001","well_use":"Irrigation","slope_ft_per_yr":-2.778,"p_value":0.0,"trend":"decreasing","n_measurements":37,"record_years":27.9},"geometry":{"type":"Point","coordinates":[-119.7799,36.48154]}},{"type":"Feature","properties":{"station_id":"364816N1197888W001","well_use":"Unknown","slope_ft_per_yr":-3.16,"p_value":0.0,"trend":"decreasing","n_measurements":33,"record_years":20.2},"geometry":{"type":"Point","coordinates":[-119.7888,36.4816]}},{"type":"Feature","properties":{"station_id":"364817N1197357W001","well_use":"Unknown","slope_ft_per_yr":-2.724,"p_value":0.0,"trend":"decreasing","n_measurements":34,"record_years":21.0},"geometry":{"type":"Point","coordinates":[-119.7357,36.4817]}},{"type":"Feature","properties":{"station_id":"364821N1197710W001","well_use":"Unknown","slope_ft_per_yr":-3.985,"p_value":0.0,"trend":"decreasing","n_measurements":26,"record_years":16.9},"geometry":{"type":"Point","coordinates":[-119.771,36.4821]}},{"type":"Feature","properties":{"station_id":"364852N1192192W001","well_use":"Unknown","slope_ft_per_yr":-1.749,"p_value":0.0031,"trend":"decreasing","n_measurements":20,"record_years":16.0},"geometry":{"type":"Point","coordinates":[-119.2192,36.4852]}},{"type":"Feature","properties":{"station_id":"364857N1198038W001","well_use":"Irrigation","slope_ft_per_yr":-3.655,"p_value":0.0,"trend":"decreasing","n_measurements":61,"record_years":27.1},"geometry":{"type":"Point","coordinates":[-119.8038,36.4857]}},{"type":"Feature","properties":{"station_id":"364864N1192981W001","well_use":"Unknown","slope_ft_per_yr":-0.879,"p_value":0.1017,"trend":"no trend","n_measurements":22,"record_years":16.0},"geometry":{"type":"Point","coordinates":[-119.2981,36.4864]}},{"type":"Feature","properties":{"station_id":"364868N1198788W001","well_use":"Unknown","slope_ft_per_yr":-3.265,"p_value":0.0,"trend":"decreasing","n_measurements":34,"record_years":21.0},"geometry":{"type":"Point","coordinates":[-119.8788,36.4868]}},{"type":"Feature","properties":{"station_id":"364875N1192870W001","well_use":"Unknown","slope_ft_per_yr":0.675,"p_value":0.3301,"trend":"no trend","n_measurements":20,"record_years":13.1},"geometry":{"type":"Point","coordinates":[-119.287,36.4875]}},{"type":"Feature","properties":{"station_id":"364878N1194210W001","well_use":"Unknown","slope_ft_per_yr":-2.181,"p_value":0.0112,"trend":"decreasing","n_measurements":21,"record_years":15.9},"geometry":{"type":"Point","coordinates":[-119.421,36.4878]}},{"type":"Feature","properties":{"station_id":"364881N1192390W001","well_use":"Unknown","slope_ft_per_yr":-1.51,"p_value":0.0177,"trend":"decreasing","n_measurements":20,"record_years":15.6},"geometry":{"type":"Point","coordinates":[-119.239,36.4881]}},{"type":"Feature","properties":{"station_id":"364886N1195393W001","well_use":"Observation","slope_ft_per_yr":-0.231,"p_value":0.0022,"trend":"decreasing","n_measurements":29,"record_years":31.1},"geometry":{"type":"Point","coordinates":[-119.53873,36.48906]}},{"type":"Feature","properties":{"station_id":"364891N1197549W001","well_use":"Unknown","slope_ft_per_yr":-3.741,"p_value":0.0,"trend":"decreasing","n_measurements":31,"record_years":19.3},"geometry":{"type":"Point","coordinates":[-119.7549,36.4891]}},{"type":"Feature","properties":{"station_id":"364892N1194941W001","well_use":"Unknown","slope_ft_per_yr":-1.175,"p_value":0.0277,"trend":"decreasing","n_measurements":22,"record_years":15.9},"geometry":{"type":"Point","coordinates":[-119.4941,36.4892]}},{"type":"Feature","properties":{"station_id":"364893N1200127W001","well_use":"Irrigation","slope_ft_per_yr":-3.632,"p_value":0.0,"trend":"decreasing","n_measurements":46,"record_years":31.0},"geometry":{"type":"Point","coordinates":[-120.0127,36.4893]}},{"type":"Feature","properties":{"station_id":"364916N1198366W001","well_use":"Unknown","slope_ft_per_yr":-2.937,"p_value":0.0,"trend":"decreasing","n_measurements":50,"record_years":31.1},"geometry":{"type":"Point","coordinates":[-119.8366,36.4916]}},{"type":"Feature","properties":{"station_id":"364916N1199307W001","well_use":"Irrigation","slope_ft_per_yr":-3.047,"p_value":0.0001,"trend":"decreasing","n_measurements":28,"record_years":19.0},"geometry":{"type":"Point","coordinates":[-119.9307,36.4916]}},{"type":"Feature","properties":{"station_id":"364921N1198721W001","well_use":"Unknown","slope_ft_per_yr":-3.594,"p_value":0.0,"trend":"decreasing","n_measurements":25,"record_years":16.9},"geometry":{"type":"Point","coordinates":[-119.8721,36.4921]}},{"type":"Feature","properties":{"station_id":"364924N1198991W001","well_use":"Unknown","slope_ft_per_yr":-3.424,"p_value":0.0,"trend":"decreasing","n_measurements":31,"record_years":19.9},"geometry":{"type":"Point","coordinates":[-119.8991,36.4924]}},{"type":"Feature","properties":{"station_id":"364928N1193724W001","well_use":"Unknown","slope_ft_per_yr":-1.461,"p_value":0.0429,"trend":"decreasing","n_measurements":21,"record_years":15.6},"geometry":{"type":"Point","coordinates":[-119.3724,36.4928]}},{"type":"Feature","properties":{"station_id":"364932N1198216W001","well_use":"Unknown","slope_ft_per_yr":-4.368,"p_value":0.0,"trend":"decreasing","n_measurements":27,"record_years":16.9},"geometry":{"type":"Point","coordinates":[-119.8216,36.4932]}},{"type":"Feature","properties":{"station_id":"364944N1193566W001","well_use":"Unknown","slope_ft_per_yr":-1.081,"p_value":0.1363,"trend":"no trend","n_measurements":24,"record_years":16.0},"geometry":{"type":"Point","coordinates":[-119.3566,36.4944]}},{"type":"Feature","properties":{"station_id":"364958N1195121W001","well_use":"Unknown","slope_ft_per_yr":-1.374,"p_value":0.0121,"trend":"decreasing","n_measurements":22,"record_years":15.9},"geometry":{"type":"Point","coordinates":[-119.5121,36.4958]}},{"type":"Feature","properties":{"station_id":"364960N1197554W001","well_use":"Unknown","slope_ft_per_yr":-2.999,"p_value":0.0,"trend":"decreasing","n_measurements":41,"record_years":31.1},"geometry":{"type":"Point","coordinates":[-119.7554,36.496]}},{"type":"Feature","properties":{"station_id":"364961N1193182W001","well_use":"Unknown","slope_ft_per_yr":-1.108,"p_value":0.1275,"trend":"no trend","n_measurements":22,"record_years":16.0},"geometry":{"type":"Point","coordinates":[-119.3182,36.4961]}},{"type":"Feature","properties":{"station_id":"364966N1198038W001","well_use":"Unknown","slope_ft_per_yr":-3.375,"p_value":0.0,"trend":"decreasing","n_measurements":31,"record_years":20.2},"geometry":{"type":"Point","coordinates":[-119.8038,36.4966]}},{"type":"Feature","properties":{"station_id":"364967N1197193W001","well_use":"Unknown","slope_ft_per_yr":-2.689,"p_value":0.0,"trend":"decreasing","n_measurements":50,"record_years":31.1},"geometry":{"type":"Point","coordinates":[-119.7193,36.4967]}},{"type":"Feature","properties":{"station_id":"364974N1198899W001","well_use":"Unknown","slope_ft_per_yr":-2.89,"p_value":0.0,"trend":"decreasing","n_measurements":32,"record_years":20.6},"geometry":{"type":"Point","coordinates":[-119.8899,36.4974]}},{"type":"Feature","properties":{"station_id":"364975N1192501W001","well_use":"Unknown","slope_ft_per_yr":1.18,"p_value":0.0595,"trend":"no trend","n_measurements":20,"record_years":13.1},"geometry":{"type":"Point","coordinates":[-119.2501,36.4975]}},{"type":"Feature","properties":{"station_id":"364977N1197735W001","well_use":"Unknown","slope_ft_per_yr":-2.893,"p_value":0.0,"trend":"decreasing","n_measurements":30,"record_years":21.0},"geometry":{"type":"Point","coordinates":[-119.7735,36.4977]}},{"type":"Feature","properties":{"station_id":"364997N1194682W001","well_use":"Unknown","slope_ft_per_yr":-0.557,"p_value":0.0802,"trend":"no trend","n_measurements":22,"record_years":15.6},"geometry":{"type":"Point","coordinates":[-119.4682,36.4997]}},{"type":"Feature","properties":{"station_id":"365007N1198102W001","well_use":"Unknown","slope_ft_per_yr":-3.407,"p_value":0.0,"trend":"decreasing","n_measurements":32,"record_years":19.9},"geometry":{"type":"Point","coordinates":[-119.8102,36.50069]}},{"type":"Feature","properties":{"station_id":"365011N1192976W001","well_use":"Unknown","slope_ft_per_yr":-0.698,"p_value":0.1191,"trend":"no trend","n_measurements":23,"record_years":16.0},"geometry":{"type":"Point","coordinates":[-119.2976,36.50109]}},{"type":"Feature","properties":{"station_id":"365014N1192553W001","well_use":"Unknown","slope_ft_per_yr":-0.264,"p_value":0.7511,"trend":"no trend","n_measurements":23,"record_years":16.0},"geometry":{"type":"Point","coordinates":[-119.2553,36.50139]}},{"type":"Feature","properties":{"station_id":"365032N1198549W001","well_use":"Unknown","slope_ft_per_yr":-3.004,"p_value":0.0,"trend":"decreasing","n_measurements":26,"record_years":21.0},"geometry":{"type":"Point","coordinates":[-119.8549,36.50319]}},{"type":"Feature","properties":{"station_id":"365032N1198704W001","well_use":"Unknown","slope_ft_per_yr":-2.875,"p_value":0.0,"trend":"decreasing","n_measurements":34,"record_years":21.0},"geometry":{"type":"Point","coordinates":[-119.8704,36.50319]}},{"type":"Feature","properties":{"station_id":"365035N1198363W001","well_use":"Unknown","slope_ft_per_yr":-1.868,"p_value":0.0001,"trend":"decreasing","n_measurements":26,"record_years":15.0},"geometry":{"type":"Point","coordinates":[-119.8363,36.50349]}},{"type":"Feature","properties":{"station_id":"365036N1197449W001","well_use":"Unknown","slope_ft_per_yr":-2.763,"p_value":0.0,"trend":"decreasing","n_measurements":31,"record_years":19.9},"geometry":{"type":"Point","coordinates":[-119.7449,36.50359]}},{"type":"Feature","properties":{"station_id":"365058N1193952W001","well_use":"Irrigation","slope_ft_per_yr":-2.224,"p_value":0.0,"trend":"decreasing","n_measurements":33,"record_years":31.0},"geometry":{"type":"Point","coordinates":[-119.39511,36.50598]}},{"type":"Feature","properties":{"station_id":"365071N1199693W001","well_use":"Irrigation","slope_ft_per_yr":-3.422,"p_value":0.0,"trend":"decreasing","n_measurements":44,"record_years":29.6},"geometry":{"type":"Point","coordinates":[-119.96957,36.50673]}},{"type":"Feature","properties":{"station_id":"365088N1198635W001","well_use":"Unknown","slope_ft_per_yr":-3.432,"p_value":0.0,"trend":"decreasing","n_measurements":27,"record_years":16.9},"geometry":{"type":"Point","coordinates":[-119.8635,36.50879]}},{"type":"Feature","properties":{"station_id":"365089N1193588W001","well_use":"Irrigation","slope_ft_per_yr":-0.995,"p_value":0.0155,"trend":"decreasing","n_measurements":29,"record_years":19.6},"geometry":{"type":"Point","coordinates":[-119.36,36.50999]}},{"type":"Feature","properties":{"station_id":"365105N1198066W001","well_use":"Unknown","slope_ft_per_yr":-3.245,"p_value":0.0,"trend":"decreasing","n_measurements":31,"record_years":21.0},"geometry":{"type":"Point","coordinates":[-119.8066,36.51049]}},{"type":"Feature","properties":{"station_id":"365132N1197554W001","well_use":"Unknown","slope_ft_per_yr":-2.779,"p_value":0.0,"trend":"decreasing","n_measurements":32,"record_years":20.2},"geometry":{"type":"Point","coordinates":[-119.7554,36.51319]}},{"type":"Feature","properties":{"station_id":"365136N1194491W001","well_use":"Unknown","slope_ft_per_yr":-2.022,"p_value":0.0174,"trend":"decreasing","n_measurements":23,"record_years":15.9},"geometry":{"type":"Point","coordinates":[-119.4491,36.51359]}},{"type":"Feature","properties":{"station_id":"365142N1192690W001","well_use":"Unknown","slope_ft_per_yr":0.623,"p_value":0.4355,"trend":"no trend","n_measurements":20,"record_years":13.1},"geometry":{"type":"Point","coordinates":[-119.269,36.51419]}},{"type":"Feature","properties":{"station_id":"365142N1194085W001","well_use":"Unknown","slope_ft_per_yr":-1.918,"p_value":0.0031,"trend":"decreasing","n_measurements":21,"record_years":15.6},"geometry":{"type":"Point","coordinates":[-119.4085,36.51419]}},{"type":"Feature","properties":{"station_id":"365143N1198529W001","well_use":"Unknown","slope_ft_per_yr":-3.41,"p_value":0.0,"trend":"decreasing","n_measurements":28,"record_years":22.9},"geometry":{"type":"Point","coordinates":[-119.8529,36.51429]}},{"type":"Feature","properties":{"station_id":"365143N1198874W001","well_use":"Unknown","slope_ft_per_yr":-3.796,"p_value":0.0,"trend":"decreasing","n_measurements":20,"record_years":13.9},"geometry":{"type":"Point","coordinates":[-119.8874,36.51429]}},{"type":"Feature","properties":{"station_id":"365144N1193777W001","well_use":"Unknown","slope_ft_per_yr":-1.003,"p_value":0.2143,"trend":"no trend","n_measurements":22,"record_years":15.9},"geometry":{"type":"Point","coordinates":[-119.3777,36.51439]}},{"type":"Feature","properties":{"station_id":"365150N1197327W001","well_use":"Unknown","slope_ft_per_yr":-2.932,"p_value":0.0,"trend":"decreasing","n_measurements":48,"record_years":30.2},"geometry":{"type":"Point","coordinates":[-119.7327,36.51499]}},{"type":"Feature","properties":{"station_id":"365153N1192731W001","well_use":"Irrigation","slope_ft_per_yr":-1.729,"p_value":0.0045,"trend":"decreasing","n_measurements":26,"record_years":23.0},"geometry":{"type":"Point","coordinates":[-119.27,36.51999]}},{"type":"Feature","properties":{"station_id":"365160N1192601W001","well_use":"Unknown","slope_ft_per_yr":-1.058,"p_value":0.2697,"trend":"no trend","n_measurements":20,"record_years":15.6},"geometry":{"type":"Point","coordinates":[-119.2601,36.51599]}},{"type":"Feature","properties":{"station_id":"365180N1198363W001","well_use":"Unknown","slope_ft_per_yr":-4.014,"p_value":0.0,"trend":"decreasing","n_measurements":24,"record_years":13.9},"geometry":{"type":"Point","coordinates":[-119.8363,36.51799]}},{"type":"Feature","properties":{"station_id":"365180N1199129W001","well_use":"Unknown","slope_ft_per_yr":-1.531,"p_value":0.0132,"trend":"decreasing","n_measurements":29,"record_years":16.9},"geometry":{"type":"Point","coordinates":[-119.9129,36.51799]}},{"type":"Feature","properties":{"station_id":"365183N1195396W001","well_use":"Observation","slope_ft_per_yr":-1.164,"p_value":0.0,"trend":"decreasing","n_measurements":36,"record_years":31.1},"geometry":{"type":"Point","coordinates":[-119.53897,36.51828]}},{"type":"Feature","properties":{"station_id":"365183N1195754W001","well_use":"Observation","slope_ft_per_yr":-1.747,"p_value":0.0,"trend":"decreasing","n_measurements":37,"record_years":24.6},"geometry":{"type":"Point","coordinates":[-119.57,36.51999]}},{"type":"Feature","properties":{"station_id":"365183N1196471W001","well_use":"Observation","slope_ft_per_yr":-1.946,"p_value":0.0002,"trend":"decreasing","n_measurements":26,"record_years":31.1},"geometry":{"type":"Point","coordinates":[-119.6471,36.51824]}},{"type":"Feature","properties":{"station_id":"365183N1196827W001","well_use":"Observation","slope_ft_per_yr":-0.528,"p_value":0.4359,"trend":"no trend","n_measurements":20,"record_years":16.1},"geometry":{"type":"Point","coordinates":[-119.6827,36.51829]}},{"type":"Feature","properties":{"station_id":"365183N1197185W001","well_use":"Observation","slope_ft_per_yr":-1.35,"p_value":0.0067,"trend":"decreasing","n_measurements":25,"record_years":18.6},"geometry":{"type":"Point","coordinates":[-119.72,36.51999]}},{"type":"Feature","properties":{"station_id":"365185N1197904W001","well_use":"Observation","slope_ft_per_yr":-1.83,"p_value":0.0086,"trend":"decreasing","n_measurements":20,"record_years":16.1},"geometry":{"type":"Point","coordinates":[-119.7904,36.51849]}},{"type":"Feature","properties":{"station_id":"365185N1198263W001","well_use":"Observation","slope_ft_per_yr":-0.398,"p_value":0.5813,"trend":"no trend","n_measurements":20,"record_years":16.1},"geometry":{"type":"Point","coordinates":[-119.8263,36.51849]}},{"type":"Feature","properties":{"station_id":"365213N1199060W001","well_use":"Unknown","slope_ft_per_yr":-0.174,"p_value":0.6966,"trend":"no trend","n_measurements":20,"record_years":14.9},"geometry":{"type":"Point","coordinates":[-119.906,36.52129]}},{"type":"Feature","properties":{"station_id":"365231N1192959W001","well_use":"Unknown","slope_ft_per_yr":-0.665,"p_value":0.2634,"trend":"no trend","n_measurements":21,"record_years":16.0},"geometry":{"type":"Point","coordinates":[-119.2959,36.52309]}},{"type":"Feature","properties":{"station_id":"365235N1199902W001","well_use":"Irrigation","slope_ft_per_yr":-2.587,"p_value":0.0,"trend":"decreasing","n_measurements":40,"record_years":27.9},"geometry":{"type":"Point","coordinates":[-119.98993,36.52403]}},{"type":"Feature","properties":{"station_id":"365263N1198885W001","well_use":"Unknown","slope_ft_per_yr":-1.857,"p_value":0.0,"trend":"decreasing","n_measurements":31,"record_years":20.6},"geometry":{"type":"Point","coordinates":[-119.8885,36.52629]}},{"type":"Feature","properties":{"station_id":"365275N1193788W001","well_use":"Unknown","slope_ft_per_yr":-0.374,"p_value":0.3643,"trend":"no trend","n_measurements":21,"record_years":15.9},"geometry":{"type":"Point","coordinates":[-119.3788,36.52749]}},{"type":"Feature","properties":{"station_id":"365283N1194482W001","well_use":"Irrigation","slope_ft_per_yr":-1.945,"p_value":0.0,"trend":"decreasing","n_measurements":34,"record_years":31.0},"geometry":{"type":"Point","coordinates":[-119.44889,36.52819]}},{"type":"Feature","properties":{"station_id":"365285N1199318W001","well_use":"Unknown","slope_ft_per_yr":-3.247,"p_value":0.0,"trend":"decreasing","n_measurements":27,"record_years":19.0},"geometry":{"type":"Point","coordinates":[-119.9318,36.52849]}},{"type":"Feature","properties":{"station_id":"365293N1192645W001","well_use":"Unknown","slope_ft_per_yr":-0.609,"p_value":0.2713,"trend":"no trend","n_measurements":22,"record_years":15.9},"geometry":{"type":"Point","coordinates":[-119.2645,36.52929]}},{"type":"Feature","properties":{"station_id":"365296N1192415W001","well_use":"Unknown","slope_ft_per_yr":-0.584,"p_value":0.2422,"trend":"no trend","n_measurements":25,"record_years":16.0},"geometry":{"type":"Point","coordinates":[-119.2415,36.52959]}},{"type":"Feature","properties":{"station_id":"365297N1194079W001","well_use":"Unknown","slope_ft_per_yr":-1.307,"p_value":0.0419,"trend":"decreasing","n_measurements":23,"record_years":15.9},"geometry":{"type":"Point","coordinates":[-119.4079,36.52969]}},{"type":"Feature","properties":{"station_id":"365314N1193385W001","well_use":"Unknown","slope_ft_per_yr":-0.301,"p_value":0.6516,"trend":"no trend","n_measurements":22,"record_years":16.0},"geometry":{"type":"Point","coordinates":[-119.3385,36.53139]}},{"type":"Feature","properties":{"station_id":"365319N1194641W002","well_use":"Unknown","slope_ft_per_yr":-1.829,"p_value":0.0298,"trend":"decreasing","n_measurements":22,"record_years":15.9},"geometry":{"type":"Point","coordinates":[-119.4641,36.53189]}},{"type":"Feature","properties":{"station_id":"365325N1194846W001","well_use":"Unknown","slope_ft_per_yr":-1.24,"p_value":0.0516,"trend":"no trend","n_measurements":22,"record_years":15.9},"geometry":{"type":"Point","coordinates":[-119.4846,36.53249]}},{"type":"Feature","properties":{"station_id":"365386N1193593W001","well_use":"Unknown","slope_ft_per_yr":-0.739,"p_value":0.2143,"trend":"no trend","n_measurements":23,"record_years":16.0},"geometry":{"type":"Point","coordinates":[-119.3593,36.53859]}},{"type":"Feature","properties":{"station_id":"365388N1192506W001","well_use":"Unknown","slope_ft_per_yr":-0.951,"p_value":0.1426,"trend":"no trend","n_measurements":22,"record_years":16.0},"geometry":{"type":"Point","coordinates":[-119.2506,36.53879]}},{"type":"Feature","properties":{"station_id":"365388N1192692W001","well_use":"Unknown","slope_ft_per_yr":-0.687,"p_value":0.2241,"trend":"no trend","n_measurements":23,"record_years":16.0},"geometry":{"type":"Point","coordinates":[-119.2692,36.53879]}},{"type":"Feature","properties":{"station_id":"365392N1194171W001","well_use":"Unknown","slope_ft_per_yr":-1.115,"p_value":0.0607,"trend":"no trend","n_measurements":21,"record_years":15.9},"geometry":{"type":"Point","coordinates":[-119.4171,36.53919]}},{"type":"Feature","properties":{"station_id":"365396N1200077W001","well_use":"Unknown","slope_ft_per_yr":-2.999,"p_value":0.0209,"trend":"decreasing","n_measurements":24,"record_years":18.0},"geometry":{"type":"Point","coordinates":[-120.0077,36.5396]}},{"type":"Feature","properties":{"station_id":"365400N1200000W001","well_use":"Irrigation","slope_ft_per_yr":-1.795,"p_value":0.0001,"trend":"decreasing","n_measurements":25,"record_years":14.4},"geometry":{"type":"Point","coordinates":[-119.99901,36.53581]}},{"type":"Feature","properties":{"station_id":"365411N1193232W001","well_use":"Unknown","slope_ft_per_yr":-0.011,"p_value":1.0,"trend":"no trend","n_measurements":20,"record_years":16.0},"geometry":{"type":"Point","coordinates":[-119.3232,36.54109]}},{"type":"Feature","properties":{"station_id":"365421N1198996W001","well_use":"Unknown","slope_ft_per_yr":-1.815,"p_value":0.0003,"trend":"decreasing","n_measurements":29,"record_years":19.0},"geometry":{"type":"Point","coordinates":[-119.8996,36.54209]}},{"type":"Feature","properties":{"station_id":"365447N1193041W001","well_use":"Irrigation","slope_ft_per_yr":-2.265,"p_value":0.0,"trend":"decreasing","n_measurements":35,"record_years":24.6},"geometry":{"type":"Point","coordinates":[-119.3,36.54999]}},{"type":"Feature","properties":{"station_id":"365450N1194504W001","well_use":"Unknown","slope_ft_per_yr":-1.232,"p_value":0.0164,"trend":"decreasing","n_measurements":22,"record_years":15.9},"geometry":{"type":"Point","coordinates":[-119.4504,36.54499]}},{"type":"Feature","properties":{"station_id":"365463N1199268W001","well_use":"Unknown","slope_ft_per_yr":-2.554,"p_value":0.0,"trend":"decreasing","n_measurements":43,"record_years":31.0},"geometry":{"type":"Point","coordinates":[-119.9268,36.54629]}},{"type":"Feature","properties":{"station_id":"365464N1195041W001","well_use":"Observation","slope_ft_per_yr":-0.888,"p_value":0.0,"trend":"decreasing","n_measurements":36,"record_years":31.1},"geometry":{"type":"Point","coordinates":[-119.50357,36.54664]}},{"type":"Feature","properties":{"station_id":"365466N1198274W001","well_use":"Observation","slope_ft_per_yr":-3.066,"p_value":0.0,"trend":"decreasing","n_measurements":27,"record_years":27.1},"geometry":{"type":"Point","coordinates":[-119.82461,36.54738]}},{"type":"Feature","properties":{"station_id":"365469N1196471W001","well_use":"Observation","slope_ft_per_yr":-2.116,"p_value":0.0,"trend":"decreasing","n_measurements":37,"record_years":24.6},"geometry":{"type":"Point","coordinates":[-119.65,36.54999]}},{"type":"Feature","properties":{"station_id":"365469N1197191W001","well_use":"Observation","slope_ft_per_yr":-0.374,"p_value":0.4173,"trend":"no trend","n_measurements":20,"record_years":16.1},"geometry":{"type":"Point","coordinates":[-119.7191,36.54689]}},{"type":"Feature","properties":{"station_id":"365471N1198554W001","well_use":"Irrigation","slope_ft_per_yr":-2.003,"p_value":0.0,"trend":"decreasing","n_measurements":31,"record_years":19.0},"geometry":{"type":"Point","coordinates":[-119.8554,36.54709]}},{"type":"Feature","properties":{"station_id":"365505N1199899W001","well_use":"Unknown","slope_ft_per_yr":-2.018,"p_value":0.0008,"trend":"decreasing","n_measurements":25,"record_years":19.0},"geometry":{"type":"Point","coordinates":[-119.9899,36.55049]}},{"type":"Feature","properties":{"station_id":"365513N1192370W001","well_use":"Irrigation","slope_ft_per_yr":-0.914,"p_value":0.0,"trend":"decreasing","n_measurements":38,"record_years":31.1},"geometry":{"type":"Point","coordinates":[-119.237,36.55129]}},{"type":"Feature","properties":{"station_id":"365525N1193410W001","well_use":"Unknown","slope_ft_per_yr":-0.487,"p_value":0.6315,"trend":"no trend","n_measurements":22,"record_years":16.0},"geometry":{"type":"Point","coordinates":[-119.341,36.55249]}},{"type":"Feature","properties":{"station_id":"365527N1200624W001","well_use":"Unknown","slope_ft_per_yr":-1.229,"p_value":0.0058,"trend":"decreasing","n_measurements":25,"record_years":23.5},"geometry":{"type":"Point","coordinates":[-120.0624,36.5527]}},{"type":"Feature","properties":{"station_id":"365542N1194807W001","well_use":"Unknown","slope_ft_per_yr":-1.623,"p_value":0.0102,"trend":"decreasing","n_measurements":22,"record_years":15.9},"geometry":{"type":"Point","coordinates":[-119.4807,36.55419]}},{"type":"Feature","properties":{"station_id":"365543N1199535W001","well_use":"Unknown","slope_ft_per_yr":-2.42,"p_value":0.0,"trend":"decreasing","n_measurements":23,"record_years":13.8},"geometry":{"type":"Point","coordinates":[-119.9535,36.55429]}},{"type":"Feature","properties":{"station_id":"365549N1192326W001","well_use":"Unknown","slope_ft_per_yr":-0.421,"p_value":0.2843,"trend":"no trend","n_measurements":20,"record_years":14.1},"geometry":{"type":"Point","coordinates":[-119.2326,36.55489]}},{"type":"Feature","properties":{"station_id":"365557N1192867W001","well_use":"Unknown","slope_ft_per_yr":-0.995,"p_value":0.0418,"trend":"decreasing","n_measurements":23,"record_years":16.0},"geometry":{"type":"Point","coordinates":[-119.2867,36.55569]}},{"type":"Feature","properties":{"station_id":"365571N1200163W001","well_use":"Unknown","slope_ft_per_yr":-1.547,"p_value":0.0003,"trend":"decreasing","n_measurements":27,"record_years":25.6},"geometry":{"type":"Point","coordinates":[-120.0163,36.5571]}},{"type":"Feature","properties":{"station_id":"365577N1199099W001","well_use":"Irrigation","slope_ft_per_yr":-2.271,"p_value":0.0,"trend":"decreasing","n_measurements":36,"record_years":31.0},"geometry":{"type":"Point","coordinates":[-119.9124,36.55717]}},{"type":"Feature","properties":{"station_id":"365591N1193007W001","well_use":"Irrigation","slope_ft_per_yr":-1.552,"p_value":0.0,"trend":"decreasing","n_measurements":38,"record_years":31.0},"geometry":{"type":"Point","coordinates":[-119.29836,36.55826]}},{"type":"Feature","properties":{"station_id":"365610N1200391W001","well_use":"Unknown","slope_ft_per_yr":-2.109,"p_value":0.0001,"trend":"decreasing","n_measurements":28,"record_years":18.3},"geometry":{"type":"Point","coordinates":[-120.0391,36.561]}},{"type":"Feature","properties":{"station_id":"365613N1201263W001","well_use":"Unknown","slope_ft_per_yr":-1.399,"p_value":0.0,"trend":"decreasing","n_measurements":39,"record_years":31.2},"geometry":{"type":"Point","coordinates":[-120.12551,36.5606]}},{"type":"Feature","properties":{"station_id":"365616N1198824W001","well_use":"Irrigation","slope_ft_per_yr":-1.964,"p_value":0.0,"trend":"decreasing","n_measurements":30,"record_years":19.0},"geometry":{"type":"Point","coordinates":[-119.8824,36.56159]}},{"type":"Feature","properties":{"station_id":"365632N1192417W001","well_use":"Unknown","slope_ft_per_yr":-0.252,"p_value":0.4129,"trend":"no trend","n_measurements":22,"record_years":16.0},"geometry":{"type":"Point","coordinates":[-119.2417,36.56319]}},{"type":"Feature","properties":{"station_id":"365642N1193949W001","well_use":"Irrigation","slope_ft_per_yr":-1.548,"p_value":0.0071,"trend":"decreasing","n_measurements":21,"record_years":15.3},"geometry":{"type":"Point","coordinates":[-119.3949,36.56419]}},{"type":"Feature","properties":{"station_id":"365642N1202068W001","well_use":"Unknown","slope_ft_per_yr":-1.281,"p_value":0.0431,"trend":"decreasing","n_measurements":21,"record_years":15.0},"geometry":{"type":"Point","coordinates":[-120.2068,36.5642]}},{"type":"Feature","properties":{"station_id":"365655N1200977W001","well_use":"Unknown","slope_ft_per_yr":-1.382,"p_value":0.098,"trend":"no trend","n_measurements":20,"record_years":15.7},"geometry":{"type":"Point","coordinates":[-120.0977,36.5655]}},{"type":"Feature","properties":{"station_id":"365671N1200818W001","well_use":"Unknown","slope_ft_per_yr":-3.324,"p_value":0.0002,"trend":"decreasing","n_measurements":24,"record_years":24.1},"geometry":{"type":"Point","coordinates":[-120.0818,36.5671]}},{"type":"Feature","properties":{"station_id":"365677N1200210W001","well_use":"Unknown","slope_ft_per_yr":-1.325,"p_value":0.0021,"trend":"decreasing","n_measurements":30,"record_years":17.8},"geometry":{"type":"Point","coordinates":[-120.021,36.5677]}},{"type":"Feature","properties":{"station_id":"365680N1199902W001","well_use":"Unknown","slope_ft_per_yr":-1.905,"p_value":0.0001,"trend":"decreasing","n_measurements":28,"record_years":19.0},"geometry":{"type":"Point","coordinates":[-119.9902,36.56799]}},{"type":"Feature","properties":{"station_id":"365682N1199538W001","well_use":"Unknown","slope_ft_per_yr":-2.181,"p_value":0.0,"trend":"decreasing","n_measurements":31,"record_years":19.0},"geometry":{"type":"Point","coordinates":[-119.9538,36.56819]}},{"type":"Feature","properties":{"station_id":"365700N1199500W001","well_use":"Irrigation","slope_ft_per_yr":-1.421,"p_value":0.034,"trend":"decreasing","n_measurements":22,"record_years":13.0},"geometry":{"type":"Point","coordinates":[-119.95,36.56999]}},{"type":"Feature","properties":{"station_id":"365721N1192620W001","well_use":"Irrigation","slope_ft_per_yr":-1.6,"p_value":0.0,"trend":"decreasing","n_measurements":46,"record_years":26.7},"geometry":{"type":"Point","coordinates":[-119.26,36.56999]}},{"type":"Feature","properties":{"station_id":"365721N1198766W001","well_use":"Irrigation","slope_ft_per_yr":-2.496,"p_value":0.0,"trend":"decreasing","n_measurements":23,"record_years":15.9},"geometry":{"type":"Point","coordinates":[-119.8766,36.57209]}},{"type":"Feature","properties":{"station_id":"365736N1194510W001","well_use":"Irrigation","slope_ft_per_yr":-1.018,"p_value":0.0,"trend":"decreasing","n_measurements":36,"record_years":31.0},"geometry":{"type":"Point","coordinates":[-119.45168,36.57396]}},{"type":"Feature","properties":{"station_id":"365738N1193271W001","well_use":"Unknown","slope_ft_per_yr":-0.081,"p_value":0.8533,"trend":"no trend","n_measurements":23,"record_years":16.0},"geometry":{"type":"Point","coordinates":[-119.3271,36.57379]}},{"type":"Feature","properties":{"station_id":"365744N1193663W001","well_use":"Unknown","slope_ft_per_yr":-1.029,"p_value":0.1162,"trend":"no trend","n_measurements":21,"record_years":16.0},"geometry":{"type":"Point","coordinates":[-119.3663,36.57439]}},{"type":"Feature","properties":{"station_id":"365749N1199899W001","well_use":"Unknown","slope_ft_per_yr":-1.995,"p_value":0.0,"trend":"decreasing","n_measurements":28,"record_years":19.0},"geometry":{"type":"Point","coordinates":[-119.9899,36.57489]}},{"type":"Feature","properties":{"station_id":"365755N1198277W001","well_use":"Observation","slope_ft_per_yr":-0.685,"p_value":0.1115,"trend":"no trend","n_measurements":20,"record_years":16.1},"geometry":{"type":"Point","coordinates":[-119.8277,36.57549]}},{"type":"Feature","properties":{"station_id":"365755N1199304W001","well_use":"Unknown","slope_ft_per_yr":0.0,"p_value":1.0,"trend":"no trend","n_measurements":32,"record_years":19.0},"geometry":{"type":"Point","coordinates":[-119.9304,36.57549]}},{"type":"Feature","properties":{"station_id":"365757N1198632W001","well_use":"Observation","slope_ft_per_yr":-1.076,"p_value":0.0691,"trend":"no trend","n_measurements":20,"record_years":16.1},"geometry":{"type":"Point","coordinates":[-119.8632,36.57569]}},{"type":"Feature","properties":{"station_id":"365761N1197188W001","well_use":"Observation","slope_ft_per_yr":-2.436,"p_value":0.0,"trend":"decreasing","n_measurements":36,"record_years":23.9},"geometry":{"type":"Point","coordinates":[-119.72,36.57999]}},{"type":"Feature","properties":{"station_id":"365764N1195754W001","well_use":"Observation","slope_ft_per_yr":-1.353,"p_value":0.0013,"trend":"decreasing","n_measurements":27,"record_years":31.1},"geometry":{"type":"Point","coordinates":[-119.5748,36.57604]}},{"type":"Feature","properties":{"station_id":"365764N1196104W001","well_use":"Observation","slope_ft_per_yr":-0.509,"p_value":0.5162,"trend":"no trend","n_measurements":20,"record_years":16.1},"geometry":{"type":"Point","coordinates":[-119.6104,36.57639]}},{"type":"Feature","properties":{"station_id":"365764N1196824W001","well_use":"Observation","slope_ft_per_yr":-2.167,"p_value":0.0,"trend":"decreasing","n_measurements":29,"record_years":27.4},"geometry":{"type":"Point","coordinates":[-119.68196,36.57623]}},{"type":"Feature","properties":{"station_id":"365767N1196468W001","well_use":"Observation","slope_ft_per_yr":-1.047,"p_value":0.098,"trend":"no trend","n_measurements":20,"record_years":16.1},"geometry":{"type":"Point","coordinates":[-119.6468,36.57669]}},{"type":"Feature","properties":{"station_id":"365771N1192695W001","well_use":"Unknown","slope_ft_per_yr":-0.217,"p_value":0.7261,"trend":"no trend","n_measurements":25,"record_years":16.0},"geometry":{"type":"Point","coordinates":[-119.2695,36.57709]}},{"type":"Feature","properties":{"station_id":"365772N1194782W001","well_use":"Observation","slope_ft_per_yr":-0.692,"p_value":0.0,"trend":"decreasing","n_measurements":34,"record_years":31.1},"geometry":{"type":"Point","coordinates":[-119.47649,36.57523]}},{"type":"Feature","properties":{"station_id":"365774N1198516W001","well_use":"Unknown","slope_ft_per_yr":-1.654,"p_value":0.0,"trend":"decreasing","n_measurements":30,"record_years":19.0},"geometry":{"type":"Point","coordinates":[-119.8516,36.57739]}},{"type":"Feature","properties":{"station_id":"365782N1199071W001","well_use":"Unknown","slope_ft_per_yr":-0.077,"p_value":0.8115,"trend":"no trend","n_measurements":23,"record_years":14.0},"geometry":{"type":"Point","coordinates":[-119.9071,36.57819]}},{"type":"Feature","properties":{"station_id":"365782N1200252W001","well_use":"Irrigation","slope_ft_per_yr":-1.555,"p_value":0.0,"trend":"decreasing","n_measurements":46,"record_years":31.0},"geometry":{"type":"Point","coordinates":[-120.0252,36.5782]}},{"type":"Feature","properties":{"station_id":"365813N1201460W002","well_use":"Unknown","slope_ft_per_yr":-2.775,"p_value":0.0,"trend":"decreasing","n_measurements":24,"record_years":15.6},"geometry":{"type":"Point","coordinates":[-120.146,36.5813]}},{"type":"Feature","properties":{"station_id":"365816N1193143W001","well_use":"Unknown","slope_ft_per_yr":0.819,"p_value":0.2139,"trend":"no trend","n_measurements":23,"record_years":15.4},"geometry":{"type":"Point","coordinates":[-119.3143,36.58159]}},{"type":"Feature","properties":{"station_id":"365849N1200393W001","well_use":"Irrigation","slope_ft_per_yr":-2.839,"p_value":0.0,"trend":"decreasing","n_measurements":42,"record_years":31.0},"geometry":{"type":"Point","coordinates":[-120.0393,36.5849]}},{"type":"Feature","properties":{"station_id":"365855N1200254W001","well_use":"Unknown","slope_ft_per_yr":-2.1,"p_value":0.0,"trend":"decreasing","n_measurements":32,"record_years":19.0},"geometry":{"type":"Point","coordinates":[-120.0254,36.5855]}},{"type":"Feature","properties":{"station_id":"365857N1192670W001","well_use":"Unknown","slope_ft_per_yr":0.14,"p_value":0.8517,"trend":"no trend","n_measurements":25,"record_years":16.0},"geometry":{"type":"Point","coordinates":[-119.267,36.58569]}},{"type":"Feature","properties":{"station_id":"365874N1192874W001","well_use":"Unknown","slope_ft_per_yr":-0.761,"p_value":0.0758,"trend":"no trend","n_measurements":25,"record_years":16.0},"geometry":{"type":"Point","coordinates":[-119.2874,36.58739]}},{"type":"Feature","properties":{"station_id":"365883N1202602W001","well_use":"Unknown","slope_ft_per_yr":-1.02,"p_value":0.0045,"trend":"decreasing","n_measurements":32,"record_years":29.6},"geometry":{"type":"Point","coordinates":[-120.25973,36.58847]}},{"type":"Feature","properties":{"station_id":"365889N1193677W001","well_use":"Unknown","slope_ft_per_yr":-0.495,"p_value":0.5866,"trend":"no trend","n_measurements":21,"record_years":16.0},"geometry":{"type":"Point","coordinates":[-119.3677,36.58889]}},{"type":"Feature","properties":{"station_id":"365889N1193863W001","well_use":"Irrigation","slope_ft_per_yr":-1.958,"p_value":0.0,"trend":"decreasing","n_measurements":34,"record_years":31.0},"geometry":{"type":"Point","coordinates":[-119.38649,36.58819]}},{"type":"Feature","properties":{"station_id":"365891N1198877W001","well_use":"Irrigation","slope_ft_per_yr":-0.998,"p_value":0.0001,"trend":"decreasing","n_measurements":32,"record_years":19.0},"geometry":{"type":"Point","coordinates":[-119.8877,36.58909]}},{"type":"Feature","properties":{"station_id":"365896N1201696W001","well_use":"Unknown","slope_ft_per_yr":-1.184,"p_value":0.015,"trend":"decreasing","n_measurements":24,"record_years":15.7},"geometry":{"type":"Point","coordinates":[-120.1696,36.5896]}},{"type":"Feature","properties":{"station_id":"365918N1193410W001","well_use":"Unknown","slope_ft_per_yr":-1.065,"p_value":0.0723,"trend":"no trend","n_measurements":23,"record_years":16.0},"geometry":{"type":"Point","coordinates":[-119.341,36.59179]}},{"type":"Feature","properties":{"station_id":"365930N1200257W001","well_use":"Irrigation","slope_ft_per_yr":-2.109,"p_value":0.0,"trend":"decreasing","n_measurements":28,"record_years":19.0},"geometry":{"type":"Point","coordinates":[-120.0257,36.593]}},{"type":"Feature","properties":{"station_id":"365935N1199532W001","well_use":"Irrigation","slope_ft_per_yr":-0.925,"p_value":0.0096,"trend":"decreasing","n_measurements":30,"record_years":17.8},"geometry":{"type":"Point","coordinates":[-119.9532,36.59349]}},{"type":"Feature","properties":{"station_id":"365963N1200529W001","well_use":"Unknown","slope_ft_per_yr":-1.866,"p_value":0.0,"trend":"decreasing","n_measurements":31,"record_years":30.7},"geometry":{"type":"Point","coordinates":[-120.05274,36.59654]}},{"type":"Feature","properties":{"station_id":"365985N1192852W001","well_use":"Observation","slope_ft_per_yr":-0.397,"p_value":0.0,"trend":"decreasing","n_measurements":38,"record_years":26.1},"geometry":{"type":"Point","coordinates":[-119.29,36.59999]}},{"type":"Feature","properties":{"station_id":"366007N1199146W001","well_use":"Irrigation","slope_ft_per_yr":-2.16,"p_value":0.0,"trend":"decreasing","n_measurements":45,"record_years":31.0},"geometry":{"type":"Point","coordinates":[-119.9146,36.60069]}},{"type":"Feature","properties":{"station_id":"366013N1192695W001","well_use":"Unknown","slope_ft_per_yr":-0.456,"p_value":0.0926,"trend":"no trend","n_measurements":25,"record_years":16.0},"geometry":{"type":"Point","coordinates":[-119.2695,36.60129]}},{"type":"Feature","properties":{"station_id":"366022N1202260W002","well_use":"Unknown","slope_ft_per_yr":0.215,"p_value":0.2043,"trend":"no trend","n_measurements":22,"record_years":14.9},"geometry":{"type":"Point","coordinates":[-120.226,36.6022]}},{"type":"Feature","properties":{"station_id":"366022N1202260W003","well_use":"Unknown","slope_ft_per_yr":-0.901,"p_value":0.0,"trend":"decreasing","n_measurements":38,"record_years":30.4},"geometry":{"type":"Point","coordinates":[-120.22581,36.60236]}},{"type":"Feature","properties":{"station_id":"366022N1202260W004","well_use":"Unknown","slope_ft_per_yr":-0.442,"p_value":0.0321,"trend":"decreasing","n_measurements":22,"record_years":14.9},"geometry":{"type":"Point","coordinates":[-120.226,36.6022]}},{"type":"Feature","properties":{"station_id":"366032N1200799W001","well_use":"Unknown","slope_ft_per_yr":-2.896,"p_value":0.0013,"trend":"decreasing","n_measurements":24,"record_years":15.6},"geometry":{"type":"Point","coordinates":[-120.0799,36.6032]}},{"type":"Feature","properties":{"station_id":"366044N1193938W001","well_use":"Unknown","slope_ft_per_yr":-1.151,"p_value":0.0683,"trend":"no trend","n_measurements":23,"record_years":15.9},"geometry":{"type":"Point","coordinates":[-119.3938,36.60439]}},{"type":"Feature","properties":{"station_id":"366044N1194304W001","well_use":"Unknown","slope_ft_per_yr":-1.199,"p_value":0.0249,"trend":"decreasing","n_measurements":25,"record_years":15.9},"geometry":{"type":"Point","coordinates":[-119.4304,36.60439]}},{"type":"Feature","properties":{"station_id":"366044N1194732W001","well_use":"Observation","slope_ft_per_yr":-0.575,"p_value":0.0038,"trend":"decreasing","n_measurements":34,"record_years":24.6},"geometry":{"type":"Point","coordinates":[-119.47,36.59999]}},{"type":"Feature","properties":{"station_id":"366046N1197913W001","well_use":"Observation","slope_ft_per_yr":-0.402,"p_value":0.4555,"trend":"no trend","n_measurements":20,"record_years":16.1},"geometry":{"type":"Point","coordinates":[-119.7913,36.60459]}},{"type":"Feature","properties":{"station_id":"366049N1197543W001","well_use":"Observation","slope_ft_per_yr":-0.927,"p_value":0.0748,"trend":"no trend","n_measurements":21,"record_years":17.1},"geometry":{"type":"Point","coordinates":[-119.75,36.60999]}},{"type":"Feature","properties":{"station_id":"366053N1196788W001","well_use":"Observation","slope_ft_per_yr":-2.316,"p_value":0.0,"trend":"decreasing","n_measurements":33,"record_years":24.6},"geometry":{"type":"Point","coordinates":[-119.68,36.60999]}},{"type":"Feature","properties":{"station_id":"366055N1198274W001","well_use":"Observation","slope_ft_per_yr":-2.68,"p_value":0.0,"trend":"decreasing","n_measurements":29,"record_years":31.1},"geometry":{"type":"Point","coordinates":[-119.82702,36.60741]}},{"type":"Feature","properties":{"station_id":"366077N1200982W001","well_use":"Unknown","slope_ft_per_yr":-0.724,"p_value":0.0393,"trend":"decreasing","n_measurements":23,"record_years":15.7},"geometry":{"type":"Point","coordinates":[-120.0982,36.6077]}},{"type":"Feature","properties":{"station_id":"366080N1199521W001","well_use":"Unknown","slope_ft_per_yr":-0.649,"p_value":0.0248,"trend":"decreasing","n_measurements":21,"record_years":23.0},"geometry":{"type":"Point","coordinates":[-119.9521,36.60799]}},{"type":"Feature","properties":{"station_id":"366082N1193229W001","well_use":"Unknown","slope_ft_per_yr":0.085,"p_value":0.8817,"trend":"no trend","n_measurements":24,"record_years":16.0},"geometry":{"type":"Point","coordinates":[-119.3229,36.60819]}},{"type":"Feature","properties":{"station_id":"366082N1198807W001","well_use":"Unknown","slope_ft_per_yr":-0.98,"p_value":0.0,"trend":"decreasing","n_measurements":29,"record_years":17.3},"geometry":{"type":"Point","coordinates":[-119.8807,36.60819]}},{"type":"Feature","properties":{"station_id":"366082N1201199W001","well_use":"Unknown","slope_ft_per_yr":-1.64,"p_value":0.0,"trend":"decreasing","n_measurements":36,"record_years":28.4},"geometry":{"type":"Point","coordinates":[-120.11525,36.60502]}},{"type":"Feature","properties":{"station_id":"366088N1199535W001","well_use":"Irrigation","slope_ft_per_yr":-1.28,"p_value":0.0033,"trend":"decreasing","n_measurements":32,"record_years":19.0},"geometry":{"type":"Point","coordinates":[-119.9535,36.60879]}},{"type":"Feature","properties":{"station_id":"366093N1192888W001","well_use":"Unknown","slope_ft_per_yr":-0.58,"p_value":0.0377,"trend":"decreasing","n_measurements":25,"record_years":16.0},"geometry":{"type":"Point","coordinates":[-119.2888,36.60929]}},{"type":"Feature","properties":{"station_id":"366113N1193543W001","well_use":"Unknown","slope_ft_per_yr":0.728,"p_value":0.381,"trend":"no trend","n_measurements":20,"record_years":13.1},"geometry":{"type":"Point","coordinates":[-119.3543,36.61129]}},{"type":"Feature","properties":{"station_id":"366166N1192874W001","well_use":"Observation","slope_ft_per_yr":-0.359,"p_value":0.0135,"trend":"decreasing","n_measurements":41,"record_years":31.1},"geometry":{"type":"Point","coordinates":[-119.2874,36.61659]}},{"type":"Feature","properties":{"station_id":"366171N1192551W001","well_use":"Unknown","slope_ft_per_yr":0.123,"p_value":0.8517,"trend":"no trend","n_measurements":25,"record_years":16.0},"geometry":{"type":"Point","coordinates":[-119.2551,36.61709]}},{"type":"Feature","properties":{"station_id":"366174N1193585W001","well_use":"Unknown","slope_ft_per_yr":-0.644,"p_value":0.259,"trend":"no trend","n_measurements":22,"record_years":15.9},"geometry":{"type":"Point","coordinates":[-119.3585,36.61739]}},{"type":"Feature","properties":{"station_id":"366175N1194104W001","well_use":"Irrigation","slope_ft_per_yr":-1.436,"p_value":0.0,"trend":"decreasing","n_measurements":39,"record_years":31.0},"geometry":{"type":"Point","coordinates":[-119.41055,36.61773]}},{"type":"Feature","properties":{"station_id":"366177N1198988W001","well_use":"Unknown","slope_ft_per_yr":-1.053,"p_value":0.0001,"trend":"decreasing","n_measurements":32,"record_years":19.0},"geometry":{"type":"Point","coordinates":[-119.8988,36.61769]}},{"type":"Feature","properties":{"station_id":"366180N1201457W001","well_use":"Irrigation","slope_ft_per_yr":-1.612,"p_value":0.0,"trend":"decreasing","n_measurements":40,"record_years":26.1},"geometry":{"type":"Point","coordinates":[-120.14,36.62]}},{"type":"Feature","properties":{"station_id":"366183N1194313W001","well_use":"Unknown","slope_ft_per_yr":-1.292,"p_value":0.1269,"trend":"no trend","n_measurements":20,"record_years":15.9},"geometry":{"type":"Point","coordinates":[-119.4313,36.61829]}},{"type":"Feature","properties":{"station_id":"366186N1193721W001","well_use":"Unknown","slope_ft_per_yr":-0.546,"p_value":0.2269,"trend":"no trend","n_measurements":21,"record_years":15.9},"geometry":{"type":"Point","coordinates":[-119.3721,36.61859]}},{"type":"Feature","properties":{"station_id":"366188N1199104W001","well_use":"Irrigation","slope_ft_per_yr":-1.811,"p_value":0.0,"trend":"decreasing","n_measurements":41,"record_years":31.0},"geometry":{"type":"Point","coordinates":[-119.9104,36.61879]}},{"type":"Feature","properties":{"station_id":"366196N1200632W001","well_use":"Unknown","slope_ft_per_yr":-2.025,"p_value":0.0,"trend":"decreasing","n_measurements":39,"record_years":30.4},"geometry":{"type":"Point","coordinates":[-120.06311,36.61974]}},{"type":"Feature","properties":{"station_id":"366246N1198802W001","well_use":"Irrigation","slope_ft_per_yr":-1.985,"p_value":0.0,"trend":"decreasing","n_measurements":37,"record_years":31.1},"geometry":{"type":"Point","coordinates":[-119.8802,36.62459]}},{"type":"Feature","properties":{"station_id":"366257N1199893W001","well_use":"Unknown","slope_ft_per_yr":-0.739,"p_value":0.2043,"trend":"no trend","n_measurements":22,"record_years":24.1},"geometry":{"type":"Point","coordinates":[-119.9893,36.62569]}},{"type":"Feature","properties":{"station_id":"366257N1199943W001","well_use":"Unknown","slope_ft_per_yr":-3.276,"p_value":0.0,"trend":"decreasing","n_measurements":32,"record_years":19.0},"geometry":{"type":"Point","coordinates":[-119.9943,36.62569]}},{"type":"Feature","properties":{"station_id":"366285N1193249W001","well_use":"Unknown","slope_ft_per_yr":0.349,"p_value":0.2153,"trend":"no trend","n_measurements":21,"record_years":12.7},"geometry":{"type":"Point","coordinates":[-119.3249,36.62849]}},{"type":"Feature","properties":{"station_id":"366299N1199893W001","well_use":"Unknown","slope_ft_per_yr":-0.965,"p_value":0.0042,"trend":"decreasing","n_measurements":23,"record_years":17.7},"geometry":{"type":"Point","coordinates":[-119.9893,36.62989]}},{"type":"Feature","properties":{"station_id":"366310N1192843W001","well_use":"Unknown","slope_ft_per_yr":-0.403,"p_value":0.2718,"trend":"no trend","n_measurements":25,"record_years":16.0},"geometry":{"type":"Point","coordinates":[-119.2843,36.63099]}},{"type":"Feature","properties":{"station_id":"366324N1193588W001","well_use":"Unknown","slope_ft_per_yr":-0.995,"p_value":0.0185,"trend":"decreasing","n_measurements":23,"record_years":15.9},"geometry":{"type":"Point","coordinates":[-119.3588,36.63239]}},{"type":"Feature","properties":{"station_id":"366324N1201602W001","well_use":"Unknown","slope_ft_per_yr":-0.972,"p_value":0.2058,"trend":"no trend","n_measurements":20,"record_years":15.0},"geometry":{"type":"Point","coordinates":[-120.1602,36.6324]}},{"type":"Feature","properties":{"station_id":"366338N1199404W001","well_use":"Irrigation","slope_ft_per_yr":-2.672,"p_value":0.0,"trend":"decreasing","n_measurements":52,"record_years":31.0},"geometry":{"type":"Point","coordinates":[-119.9404,36.63379]}},{"type":"Feature","properties":{"station_id":"366339N1194132W001","well_use":"Unknown","slope_ft_per_yr":-0.179,"p_value":0.5866,"trend":"no trend","n_measurements":21,"record_years":15.9},"geometry":{"type":"Point","coordinates":[-119.4132,36.63389]}},{"type":"Feature","properties":{"station_id":"366339N1195027W001","well_use":"Observation","slope_ft_per_yr":-0.966,"p_value":0.0,"trend":"decreasing","n_measurements":37,"record_years":24.6},"geometry":{"type":"Point","coordinates":[-119.5,36.62999]}},{"type":"Feature","properties":{"station_id":"366339N1195388W001","well_use":"Observation","slope_ft_per_yr":0.23,"p_value":0.0,"trend":"increasing","n_measurements":20,"record_years":16.1},"geometry":{"type":"Point","coordinates":[-119.5388,36.63389]}},{"type":"Feature","properties":{"station_id":"366339N1195749W001","well_use":"Observation","slope_ft_per_yr":-0.357,"p_value":0.3987,"trend":"no trend","n_measurements":20,"record_years":16.1},"geometry":{"type":"Point","coordinates":[-119.5749,36.63389]}},{"type":"Feature","properties":{"station_id":"366339N1196096W001","well_use":"Observation","slope_ft_per_yr":-2.08,"p_value":0.0,"trend":"decreasing","n_measurements":28,"record_years":24.6},"geometry":{"type":"Point","coordinates":[-119.61,36.62999]}},{"type":"Feature","properties":{"station_id":"366339N1196479W001","well_use":"Observation","slope_ft_per_yr":-1.831,"p_value":0.0,"trend":"decreasing","n_measurements":33,"record_years":30.4},"geometry":{"type":"Point","coordinates":[-119.64607,36.63388]}},{"type":"Feature","properties":{"station_id":"366341N1197904W001","well_use":"Observation","slope_ft_per_yr":-0.676,"p_value":0.381,"trend":"no trend","n_measurements":20,"record_years":16.1},"geometry":{"type":"Point","coordinates":[-119.7904,36.63409]}},{"type":"Feature","properties":{"station_id":"366343N1198621W001","well_use":"Observation","slope_ft_per_yr":-0.509,"p_value":0.2768,"trend":"no trend","n_measurements":21,"record_years":16.1},"geometry":{"type":"Point","coordinates":[-119.8621,36.63429]}},{"type":"Feature","properties":{"station_id":"366344N1194032W001","well_use":"Unknown","slope_ft_per_yr":-0.568,"p_value":0.2634,"trend":"no trend","n_measurements":21,"record_years":15.9},"geometry":{"type":"Point","coordinates":[-119.4032,36.63439]}},{"type":"Feature","properties":{"station_id":"366352N1193052W001","well_use":"Unknown","slope_ft_per_yr":0.039,"p_value":0.7098,"trend":"no trend","n_measurements":24,"record_years":16.0},"geometry":{"type":"Point","coordinates":[-119.3052,36.63519]}},{"type":"Feature","properties":{"station_id":"366366N1199710W001","well_use":"Irrigation","slope_ft_per_yr":-2.606,"p_value":0.0,"trend":"decreasing","n_measurements":48,"record_years":31.0},"geometry":{"type":"Point","coordinates":[-119.97108,36.63682]}},{"type":"Feature","properties":{"station_id":"366399N1193057W001","well_use":"Unknown","slope_ft_per_yr":0.321,"p_value":0.074,"trend":"no trend","n_measurements":24,"record_years":16.0},"geometry":{"type":"Point","coordinates":[-119.3057,36.63989]}},{"type":"Feature","properties":{"station_id":"366402N1192952W001","well_use":"Unknown","slope_ft_per_yr":0.367,"p_value":0.2242,"trend":"no trend","n_measurements":24,"record_years":16.0},"geometry":{"type":"Point","coordinates":[-119.2952,36.64019]}},{"type":"Feature","properties":{"station_id":"366403N1194129W001","well_use":"Unknown","slope_ft_per_yr":-0.579,"p_value":0.2143,"trend":"no trend","n_measurements":22,"record_years":15.9},"geometry":{"type":"Point","coordinates":[-119.4129,36.64029]}},{"type":"Feature","properties":{"station_id":"366413N1197974W001","well_use":"Irrigation","slope_ft_per_yr":-0.959,"p_value":0.0003,"trend":"decreasing","n_measurements":22,"record_years":15.9},"geometry":{"type":"Point","coordinates":[-119.7974,36.64129]}},{"type":"Feature","properties":{"station_id":"366421N1193138W001","well_use":"Unknown","slope_ft_per_yr":-0.066,"p_value":0.7093,"trend":"no trend","n_measurements":24,"record_years":16.0},"geometry":{"type":"Point","coordinates":[-119.3138,36.64209]}},{"type":"Feature","properties":{"station_id":"366422N1196810W001","well_use":"Irrigation","slope_ft_per_yr":-0.401,"p_value":0.6969,"trend":"no trend","n_measurements":20,"record_years":15.0},"geometry":{"type":"Point","coordinates":[-119.681,36.64219]}},{"type":"Feature","properties":{"station_id":"366452N1197460W001","well_use":"Irrigation","slope_ft_per_yr":-1.33,"p_value":0.0012,"trend":"decreasing","n_measurements":20,"record_years":15.9},"geometry":{"type":"Point","coordinates":[-119.746,36.64519]}},{"type":"Feature","properties":{"station_id":"366457N1193268W001","well_use":"Irrigation","slope_ft_per_yr":-0.186,"p_value":0.0211,"trend":"decreasing","n_measurements":40,"record_years":31.1},"geometry":{"type":"Point","coordinates":[-119.3268,36.6457]}},{"type":"Feature","properties":{"station_id":"366460N1192921W001","well_use":"Unknown","slope_ft_per_yr":0.616,"p_value":0.0868,"trend":"no trend","n_measurements":24,"record_years":16.0},"geometry":{"type":"Point","coordinates":[-119.2921,36.646]}},{"type":"Feature","properties":{"station_id":"366460N1201827W001","well_use":"Unknown","slope_ft_per_yr":-0.161,"p_value":0.7563,"trend":"no trend","n_measurements":22,"record_years":15.6},"geometry":{"type":"Point","coordinates":[-120.1827,36.646]}},{"type":"Feature","properties":{"station_id":"366477N1199596W001","well_use":"Unknown","slope_ft_per_yr":-1.277,"p_value":0.0023,"trend":"decreasing","n_measurements":21,"record_years":24.1},"geometry":{"type":"Point","coordinates":[-119.9596,36.6477]}},{"type":"Feature","properties":{"station_id":"366477N1199710W001","well_use":"Irrigation","slope_ft_per_yr":-1.751,"p_value":0.0,"trend":"decreasing","n_measurements":30,"record_years":22.1},"geometry":{"type":"Point","coordinates":[-119.971,36.6477]}},{"type":"Feature","properties":{"station_id":"366480N1199893W001","well_use":"Unknown","slope_ft_per_yr":-0.925,"p_value":0.1391,"trend":"no trend","n_measurements":23,"record_years":15.7},"geometry":{"type":"Point","coordinates":[-119.9893,36.648]}},{"type":"Feature","properties":{"station_id":"366500N1201000W001","well_use":"Irrigation","slope_ft_per_yr":0.084,"p_value":0.7994,"trend":"no trend","n_measurements":22,"record_years":12.4},"geometry":{"type":"Point","coordinates":[-120.098,36.64795]}},{"type":"Feature","properties":{"station_id":"366502N1201782W001","well_use":"Irrigation","slope_ft_per_yr":-1.589,"p_value":0.0,"trend":"decreasing","n_measurements":51,"record_years":31.2},"geometry":{"type":"Point","coordinates":[-120.17833,36.65026]}},{"type":"Feature","properties":{"station_id":"366539N1194302W001","well_use":"Unknown","slope_ft_per_yr":-0.409,"p_value":0.3833,"trend":"no trend","n_measurements":23,"record_years":16.0},"geometry":{"type":"Point","coordinates":[-119.4302,36.6539]}},{"type":"Feature","properties":{"station_id":"366555N1198807W002","well_use":"Irrigation","slope_ft_per_yr":-1.639,"p_value":0.0,"trend":"decreasing","n_measurements":35,"record_years":31.1},"geometry":{"type":"Point","coordinates":[-119.8807,36.6555]}},{"type":"Feature","properties":{"station_id":"366600N1200200W001","well_use":"Irrigation","slope_ft_per_yr":-3.3,"p_value":0.0001,"trend":"decreasing","n_measurements":27,"record_years":14.4},"geometry":{"type":"Point","coordinates":[-120.01577,36.66205]}},{"type":"Feature","properties":{"station_id":"366605N1201932W001","well_use":"Unknown","slope_ft_per_yr":-0.47,"p_value":0.4567,"trend":"no trend","n_measurements":24,"record_years":15.7},"geometry":{"type":"Point","coordinates":[-120.1932,36.6605]}},{"type":"Feature","properties":{"station_id":"366610N1193229W001","well_use":"Unknown","slope_ft_per_yr":0.683,"p_value":0.0295,"trend":"increasing","n_measurements":21,"record_years":16.0},"geometry":{"type":"Point","coordinates":[-119.3229,36.661]}},{"type":"Feature","properties":{"station_id":"366616N1193874W001","well_use":"Irrigation","slope_ft_per_yr":-0.84,"p_value":0.004,"trend":"decreasing","n_measurements":36,"record_years":31.0},"geometry":{"type":"Point","coordinates":[-119.38926,36.66161]}},{"type":"Feature","properties":{"station_id":"366616N1200843W001","well_use":"Unknown","slope_ft_per_yr":-0.474,"p_value":0.2295,"trend":"no trend","n_measurements":20,"record_years":15.7},"geometry":{"type":"Point","coordinates":[-120.0843,36.6616]}},{"type":"Feature","properties":{"station_id":"366624N1199524W001","well_use":"Unknown","slope_ft_per_yr":-1.762,"p_value":0.1443,"trend":"no trend","n_measurements":20,"record_years":23.7},"geometry":{"type":"Point","coordinates":[-119.9524,36.6624]}},{"type":"Feature","properties":{"station_id":"366625N1194163W001","well_use":"Unknown","slope_ft_per_yr":-1.096,"p_value":0.02,"trend":"decreasing","n_measurements":23,"record_years":15.9},"geometry":{"type":"Point","coordinates":[-119.4163,36.6625]}},{"type":"Feature","properties":{"station_id":"366631N1195743W001","well_use":"Observation","slope_ft_per_yr":-1.905,"p_value":0.0,"trend":"decreasing","n_measurements":36,"record_years":31.1},"geometry":{"type":"Point","coordinates":[-119.57435,36.65748]}},{"type":"Feature","properties":{"station_id":"366631N1196110W001","well_use":"Observation","slope_ft_per_yr":-0.308,"p_value":0.4555,"trend":"no trend","n_measurements":20,"record_years":16.1},"geometry":{"type":"Point","coordinates":[-119.611,36.6631]}},{"type":"Feature","properties":{"station_id":"366636N1194038W001","well_use":"Unknown","slope_ft_per_yr":-0.735,"p_value":0.1535,"trend":"no trend","n_measurements":23,"record_years":15.9},"geometry":{"type":"Point","coordinates":[-119.4038,36.6636]}},{"type":"Feature","properties":{"station_id":"366685N1202060W001","well_use":"Unknown","slope_ft_per_yr":-0.415,"p_value":0.5283,"trend":"no trend","n_measurements":25,"record_years":15.8},"geometry":{"type":"Point","coordinates":[-120.206,36.6685]}},{"type":"Feature","properties":{"station_id":"366767N1194568W001","well_use":"Residential","slope_ft_per_yr":-0.867,"p_value":0.0,"trend":"decreasing","n_measurements":36,"record_years":31.0},"geometry":{"type":"Point","coordinates":[-119.45615,36.67661]}},{"type":"Feature","properties":{"station_id":"366769N1199160W001","well_use":"Irrigation","slope_ft_per_yr":0.098,"p_value":0.4489,"trend":"no trend","n_measurements":21,"record_years":15.9},"geometry":{"type":"Point","coordinates":[-119.91598,36.67689]}},{"type":"Feature","properties":{"station_id":"366806N1194302W001","well_use":"Unknown","slope_ft_per_yr":-1.12,"p_value":0.023,"trend":"decreasing","n_measurements":23,"record_years":15.9},"geometry":{"type":"Point","coordinates":[-119.4302,36.6806]}},{"type":"Feature","properties":{"station_id":"366878N1194482W001","well_use":"Unknown","slope_ft_per_yr":-0.268,"p_value":0.3551,"trend":"no trend","n_measurements":23,"record_years":15.9},"geometry":{"type":"Point","coordinates":[-119.4482,36.6878]}},{"type":"Feature","properties":{"station_id":"366891N1193860W001","well_use":"Unknown","slope_ft_per_yr":0.369,"p_value":0.2148,"trend":"no trend","n_measurements":24,"record_years":16.0},"geometry":{"type":"Point","coordinates":[-119.386,36.6891]}},{"type":"Feature","properties":{"station_id":"366900N1202000W001","well_use":"Observation","slope_ft_per_yr":-1.511,"p_value":0.0,"trend":"decreasing","n_measurements":30,"record_years":14.4},"geometry":{"type":"Point","coordinates":[-120.19694,36.69124]}},{"type":"Feature","properties":{"station_id":"366921N1193579W001","well_use":"Unknown","slope_ft_per_yr":-0.006,"p_value":0.9069,"trend":"no trend","n_measurements":25,"record_years":16.0},"geometry":{"type":"Point","coordinates":[-119.3579,36.6921]}},{"type":"Feature","properties":{"station_id":"366922N1195743W001","well_use":"Observation","slope_ft_per_yr":-0.289,"p_value":0.4359,"trend":"no trend","n_measurements":20,"record_years":16.1},"geometry":{"type":"Point","coordinates":[-119.5743,36.6922]}},{"type":"Feature","properties":{"station_id":"366922N1196110W001","well_use":"Irrigation","slope_ft_per_yr":-2.39,"p_value":0.0031,"trend":"decreasing","n_measurements":22,"record_years":10.5},"geometry":{"type":"Point","coordinates":[-119.61,36.69]}},{"type":"Feature","properties":{"station_id":"366925N1196460W001","well_use":"Observation","slope_ft_per_yr":-0.434,"p_value":0.23,"trend":"no trend","n_measurements":20,"record_years":16.1},"geometry":{"type":"Point","coordinates":[-119.646,36.6925]}},{"type":"Feature","properties":{"station_id":"366925N1196716W001","well_use":"Observation","slope_ft_per_yr":-0.562,"p_value":0.0796,"trend":"no trend","n_measurements":20,"record_years":16.1},"geometry":{"type":"Point","coordinates":[-119.6716,36.6925]}},{"type":"Feature","properties":{"station_id":"366927N1197171W001","well_use":"Irrigation","slope_ft_per_yr":0.575,"p_value":0.0015,"trend":"increasing","n_measurements":33,"record_years":26.1},"geometry":{"type":"Point","coordinates":[-119.72,36.69]}},{"type":"Feature","properties":{"station_id":"366966N1193510W001","well_use":"Unknown","slope_ft_per_yr":-0.334,"p_value":0.0047,"trend":"decreasing","n_measurements":23,"record_years":16.0},"geometry":{"type":"Point","coordinates":[-119.351,36.6966]}},{"type":"Feature","properties":{"station_id":"366971N1193049W001","well_use":"Unknown","slope_ft_per_yr":-0.221,"p_value":0.6732,"trend":"no trend","n_measurements":20,"record_years":13.1},"geometry":{"type":"Point","coordinates":[-119.3049,36.6971]}},{"type":"Feature","properties":{"station_id":"367056N1194485W001","well_use":"Unknown","slope_ft_per_yr":-0.129,"p_value":0.4318,"trend":"no trend","n_measurements":21,"record_years":15.9},"geometry":{"type":"Point","coordinates":[-119.4485,36.7056]}},{"type":"Feature","properties":{"station_id":"367061N1196816W001","well_use":"Irrigation","slope_ft_per_yr":-0.978,"p_value":0.0014,"trend":"decreasing","n_measurements":26,"record_years":25.7},"geometry":{"type":"Point","coordinates":[-119.6816,36.7061]}},{"type":"Feature","properties":{"station_id":"367063N1198335W001","well_use":"Irrigation","slope_ft_per_yr":-1.344,"p_value":0.0,"trend":"decreasing","n_measurements":31,"record_years":24.7},"geometry":{"type":"Point","coordinates":[-119.83,36.71]}},{"type":"Feature","properties":{"station_id":"367082N1201377W001","well_use":"Unknown","slope_ft_per_yr":-2.155,"p_value":0.0058,"trend":"decreasing","n_measurements":20,"record_years":24.2},"geometry":{"type":"Point","coordinates":[-120.1377,36.7082]}},{"type":"Feature","properties":{"station_id":"367102N1193768W001","well_use":"Unknown","slope_ft_per_yr":-2.427,"p_value":0.0001,"trend":"decreasing","n_measurements":20,"record_years":13.1},"geometry":{"type":"Point","coordinates":[-119.3768,36.7102]}},{"type":"Feature","properties":{"station_id":"367113N1200785W001","well_use":"Unknown","slope_ft_per_yr":-2.049,"p_value":0.0002,"trend":"decreasing","n_measurements":33,"record_years":24.7},"geometry":{"type":"Point","coordinates":[-120.0785,36.7113]}},{"type":"Feature","properties":{"station_id":"367144N1194476W001","well_use":"Irrigation","slope_ft_per_yr":-0.101,"p_value":0.351,"trend":"no trend","n_measurements":22,"record_years":15.9},"geometry":{"type":"Point","coordinates":[-119.44763,36.7144]}},{"type":"Feature","properties":{"station_id":"367186N1194574W001","well_use":"Unknown","slope_ft_per_yr":-0.116,"p_value":0.2338,"trend":"no trend","n_measurements":23,"record_years":15.9},"geometry":{"type":"Point","coordinates":[-119.4574,36.7186]}},{"type":"Feature","properties":{"station_id":"367193N1193882W001","well_use":"Irrigation","slope_ft_per_yr":-0.174,"p_value":0.0051,"trend":"decreasing","n_measurements":55,"record_years":31.1},"geometry":{"type":"Point","coordinates":[-119.39,36.72]}},{"type":"Feature","properties":{"station_id":"367211N1195432W001","well_use":"Irrigation","slope_ft_per_yr":-0.555,"p_value":0.0,"trend":"decreasing","n_measurements":39,"record_years":25.9},"geometry":{"type":"Point","coordinates":[-119.54,36.72]}},{"type":"Feature","properties":{"station_id":"367249N1200246W001","well_use":"Irrigation","slope_ft_per_yr":0.389,"p_value":0.1532,"trend":"no trend","n_measurements":20,"record_years":15.0},"geometry":{"type":"Point","coordinates":[-120.0246,36.7249]}},{"type":"Feature","properties":{"station_id":"367385N1202327W001","well_use":"Unknown","slope_ft_per_yr":-0.089,"p_value":0.8968,"trend":"no trend","n_measurements":32,"record_years":24.1},"geometry":{"type":"Point","coordinates":[-120.2327,36.7385]}},{"type":"Feature","properties":{"station_id":"367418N1202513W001","well_use":"Unknown","slope_ft_per_yr":-0.896,"p_value":0.0725,"trend":"no trend","n_measurements":23,"record_years":23.1},"geometry":{"type":"Point","coordinates":[-120.2513,36.7418]}},{"type":"Feature","properties":{"station_id":"367430N1202671W001","well_use":"Unknown","slope_ft_per_yr":-0.929,"p_value":0.1426,"trend":"no trend","n_measurements":22,"record_years":23.1},"geometry":{"type":"Point","coordinates":[-120.2671,36.743]}},{"type":"Feature","properties":{"station_id":"367449N1202141W001","well_use":"Unknown","slope_ft_per_yr":-0.875,"p_value":0.0536,"trend":"no trend","n_measurements":32,"record_years":23.4},"geometry":{"type":"Point","coordinates":[-120.2141,36.7449]}},{"type":"Feature","properties":{"station_id":"367457N1200777W001","well_use":"Unknown","slope_ft_per_yr":-1.017,"p_value":0.0032,"trend":"decreasing","n_measurements":25,"record_years":21.7},"geometry":{"type":"Point","coordinates":[-120.0777,36.7457]}},{"type":"Feature","properties":{"station_id":"367463N1202324W001","well_use":"Unknown","slope_ft_per_yr":-1.317,"p_value":0.1426,"trend":"no trend","n_measurements":22,"record_years":21.1},"geometry":{"type":"Point","coordinates":[-120.2324,36.7463]}},{"type":"Feature","properties":{"station_id":"367477N1201460W001","well_use":"Irrigation","slope_ft_per_yr":-1.272,"p_value":0.0,"trend":"decreasing","n_measurements":48,"record_years":31.2},"geometry":{"type":"Point","coordinates":[-120.146,36.7477]}},{"type":"Feature","properties":{"station_id":"367485N1202602W001","well_use":"Unknown","slope_ft_per_yr":-0.821,"p_value":0.2053,"trend":"no trend","n_measurements":20,"record_years":20.0},"geometry":{"type":"Point","coordinates":[-120.2602,36.7485]}},{"type":"Feature","properties":{"station_id":"367485N1202688W001","well_use":"Unknown","slope_ft_per_yr":-0.133,"p_value":0.7858,"trend":"no trend","n_measurements":21,"record_years":23.4},"geometry":{"type":"Point","coordinates":[-120.2688,36.7485]}},{"type":"Feature","properties":{"station_id":"367488N1202374W001","well_use":"Irrigation","slope_ft_per_yr":-1.242,"p_value":0.024,"trend":"decreasing","n_measurements":24,"record_years":29.7},"geometry":{"type":"Point","coordinates":[-120.23669,36.74907]}},{"type":"Feature","properties":{"station_id":"367491N1202049W001","well_use":"Unknown","slope_ft_per_yr":-0.969,"p_value":0.0585,"trend":"no trend","n_measurements":25,"record_years":24.1},"geometry":{"type":"Point","coordinates":[-120.2049,36.7491]}},{"type":"Feature","properties":{"station_id":"367493N1199771W001","well_use":"Irrigation","slope_ft_per_yr":0.088,"p_value":0.7212,"trend":"no trend","n_measurements":20,"record_years":15.9},"geometry":{"type":"Point","coordinates":[-119.9771,36.7493]}},{"type":"Feature","properties":{"station_id":"367493N1202171W001","well_use":"Unknown","slope_ft_per_yr":-2.367,"p_value":0.0505,"trend":"no trend","n_measurements":28,"record_years":24.1},"geometry":{"type":"Point","coordinates":[-120.2171,36.7493]}},{"type":"Feature","properties":{"station_id":"367500N1196113W001","well_use":"Irrigation","slope_ft_per_yr":-1.49,"p_value":0.0012,"trend":"decreasing","n_measurements":22,"record_years":15.9},"geometry":{"type":"Point","coordinates":[-119.6113,36.75]}},{"type":"Feature","properties":{"station_id":"367513N1201688W001","well_use":"Unknown","slope_ft_per_yr":-1.507,"p_value":0.0035,"trend":"decreasing","n_measurements":27,"record_years":24.1},"geometry":{"type":"Point","coordinates":[-120.1688,36.7513]}},{"type":"Feature","properties":{"station_id":"367522N1195588W001","well_use":"Residential","slope_ft_per_yr":-1.275,"p_value":0.0,"trend":"decreasing","n_measurements":56,"record_years":31.1},"geometry":{"type":"Point","coordinates":[-119.55792,36.75094]}},{"type":"Feature","properties":{"station_id":"367522N1196216W001","well_use":"Residential","slope_ft_per_yr":-1.271,"p_value":0.0,"trend":"decreasing","n_measurements":55,"record_years":31.1},"geometry":{"type":"Point","coordinates":[-119.61883,36.75203]}},{"type":"Feature","properties":{"station_id":"367525N1195518W001","well_use":"Irrigation","slope_ft_per_yr":-1.214,"p_value":0.0,"trend":"decreasing","n_measurements":39,"record_years":27.1},"geometry":{"type":"Point","coordinates":[-119.55133,36.75264]}},{"type":"Feature","properties":{"station_id":"367536N1194652W001","well_use":"Unknown","slope_ft_per_yr":-0.046,"p_value":0.4199,"trend":"no trend","n_measurements":33,"record_years":24.1},"geometry":{"type":"Point","coordinates":[-119.4652,36.7536]}},{"type":"Feature","properties":{"station_id":"367556N1196666W001","well_use":"Residential","slope_ft_per_yr":-0.939,"p_value":0.0,"trend":"decreasing","n_measurements":45,"record_years":31.1},"geometry":{"type":"Point","coordinates":[-119.66746,36.75699]}},{"type":"Feature","properties":{"station_id":"367563N1200877W001","well_use":"Unknown","slope_ft_per_yr":-1.015,"p_value":0.0071,"trend":"decreasing","n_measurements":30,"record_years":22.7},"geometry":{"type":"Point","coordinates":[-120.0877,36.7563]}},{"type":"Feature","properties":{"station_id":"367563N1201868W001","well_use":"Unknown","slope_ft_per_yr":-1.385,"p_value":0.0516,"trend":"no trend","n_measurements":22,"record_years":22.7},"geometry":{"type":"Point","coordinates":[-120.1868,36.7563]}},{"type":"Feature","properties":{"station_id":"367563N1201960W001","well_use":"Unknown","slope_ft_per_yr":-1.393,"p_value":0.0017,"trend":"decreasing","n_measurements":32,"record_years":24.1},"geometry":{"type":"Point","coordinates":[-120.196,36.7563]}},{"type":"Feature","properties":{"station_id":"367566N1202141W001","well_use":"Unknown","slope_ft_per_yr":-0.473,"p_value":0.4596,"trend":"no trend","n_measurements":23,"record_years":24.1},"geometry":{"type":"Point","coordinates":[-120.2141,36.7566]}},{"type":"Feature","properties":{"station_id":"367568N1201327W001","well_use":"Irrigation","slope_ft_per_yr":-1.587,"p_value":0.0,"trend":"decreasing","n_measurements":33,"record_years":31.1},"geometry":{"type":"Point","coordinates":[-120.1327,36.7568]}},{"type":"Feature","properties":{"station_id":"367571N1202521W001","well_use":"Unknown","slope_ft_per_yr":-0.851,"p_value":0.5813,"trend":"no trend","n_measurements":20,"record_years":20.7},"geometry":{"type":"Point","coordinates":[-120.2521,36.7571]}},{"type":"Feature","properties":{"station_id":"367594N1196349W001","well_use":"Residential","slope_ft_per_yr":-1.168,"p_value":0.0,"trend":"decreasing","n_measurements":38,"record_years":25.7},"geometry":{"type":"Point","coordinates":[-119.63597,36.758]}},{"type":"Feature","properties":{"station_id":"367594N1196399W001","well_use":"Unknown","slope_ft_per_yr":-1.247,"p_value":0.0,"trend":"decreasing","n_measurements":45,"record_years":27.7},"geometry":{"type":"Point","coordinates":[-119.6399,36.7594]}},{"type":"Feature","properties":{"station_id":"367596N1202329W001","well_use":"Unknown","slope_ft_per_yr":-1.441,"p_value":0.1122,"trend":"no trend","n_measurements":25,"record_years":24.1},"geometry":{"type":"Point","coordinates":[-120.2329,36.7596]}},{"type":"Feature","properties":{"station_id":"367596N1202579W001","well_use":"Unknown","slope_ft_per_yr":-0.425,"p_value":0.3242,"trend":"no trend","n_measurements":31,"record_years":24.1},"geometry":{"type":"Point","coordinates":[-120.2579,36.7596]}},{"type":"Feature","properties":{"station_id":"367606N1194707W001","well_use":"Irrigation","slope_ft_per_yr":-0.093,"p_value":0.2216,"trend":"no trend","n_measurements":46,"record_years":28.1},"geometry":{"type":"Point","coordinates":[-119.47,36.76]}},{"type":"Feature","properties":{"station_id":"367632N1202299W001","well_use":"Unknown","slope_ft_per_yr":-0.747,"p_value":0.2336,"trend":"no trend","n_measurements":25,"record_years":24.1},"geometry":{"type":"Point","coordinates":[-120.2299,36.7632]}},{"type":"Feature","properties":{"station_id":"367635N1201868W001","well_use":"Unknown","slope_ft_per_yr":0.145,"p_value":0.8741,"trend":"no trend","n_measurements":23,"record_years":20.7},"geometry":{"type":"Point","coordinates":[-120.1868,36.7635]}},{"type":"Feature","properties":{"station_id":"367635N1202146W001","well_use":"Unknown","slope_ft_per_yr":-0.191,"p_value":0.5608,"trend":"no trend","n_measurements":29,"record_years":24.1},"geometry":{"type":"Point","coordinates":[-120.2146,36.7635]}},{"type":"Feature","properties":{"station_id":"367638N1200057W001","well_use":"Irrigation","slope_ft_per_yr":-1.511,"p_value":0.0,"trend":"decreasing","n_measurements":39,"record_years":31.1},"geometry":{"type":"Point","coordinates":[-120.00517,36.76396]}},{"type":"Feature","properties":{"station_id":"367638N1201279W001","well_use":"Unknown","slope_ft_per_yr":-1.224,"p_value":0.0,"trend":"decreasing","n_measurements":34,"record_years":24.1},"geometry":{"type":"Point","coordinates":[-120.1279,36.7638]}},{"type":"Feature","properties":{"station_id":"367644N1195963W001","well_use":"Irrigation","slope_ft_per_yr":-1.402,"p_value":0.0004,"trend":"decreasing","n_measurements":26,"record_years":14.4},"geometry":{"type":"Point","coordinates":[-119.6,36.76]}},{"type":"Feature","properties":{"station_id":"367646N1202604W001","well_use":"Unknown","slope_ft_per_yr":-2.423,"p_value":0.0125,"trend":"decreasing","n_measurements":25,"record_years":24.1},"geometry":{"type":"Point","coordinates":[-120.2604,36.7646]}},{"type":"Feature","properties":{"station_id":"367653N1195677W001","well_use":"Unknown","slope_ft_per_yr":-1.116,"p_value":0.0,"trend":"decreasing","n_measurements":33,"record_years":19.2},"geometry":{"type":"Point","coordinates":[-119.5677,36.7653]}},{"type":"Feature","properties":{"station_id":"367664N1196438W001","well_use":"Residential","slope_ft_per_yr":-1.318,"p_value":0.0,"trend":"decreasing","n_measurements":40,"record_years":22.7},"geometry":{"type":"Point","coordinates":[-119.6438,36.7664]}},{"type":"Feature","properties":{"station_id":"367666N1202668W001","well_use":"Unknown","slope_ft_per_yr":0.054,"p_value":0.8784,"trend":"no trend","n_measurements":31,"record_years":24.1},"geometry":{"type":"Point","coordinates":[-120.2668,36.7666]}},{"type":"Feature","properties":{"station_id":"367688N1202599W001","well_use":"Unknown","slope_ft_per_yr":-0.539,"p_value":0.4133,"trend":"no trend","n_measurements":22,"record_years":23.7},"geometry":{"type":"Point","coordinates":[-120.2599,36.7688]}},{"type":"Feature","properties":{"station_id":"367699N1202668W001","well_use":"Unknown","slope_ft_per_yr":0.394,"p_value":0.4923,"trend":"no trend","n_measurements":23,"record_years":24.1},"geometry":{"type":"Point","coordinates":[-120.2668,36.7699]}},{"type":"Feature","properties":{"station_id":"367700N1196799W001","well_use":"Unknown","slope_ft_per_yr":-1.221,"p_value":0.0,"trend":"decreasing","n_measurements":45,"record_years":26.7},"geometry":{"type":"Point","coordinates":[-119.6799,36.77]}},{"type":"Feature","properties":{"station_id":"367703N1196077W001","well_use":"Residential","slope_ft_per_yr":-1.379,"p_value":0.0,"trend":"decreasing","n_measurements":31,"record_years":23.7},"geometry":{"type":"Point","coordinates":[-119.6077,36.7703]}},{"type":"Feature","properties":{"station_id":"367705N1202691W001","well_use":"Unknown","slope_ft_per_yr":-0.887,"p_value":0.0403,"trend":"decreasing","n_measurements":40,"record_years":31.1},"geometry":{"type":"Point","coordinates":[-120.2691,36.7705]}},{"type":"Feature","properties":{"station_id":"367707N1201910W001","well_use":"Unknown","slope_ft_per_yr":-0.99,"p_value":0.014,"trend":"decreasing","n_measurements":29,"record_years":24.1},"geometry":{"type":"Point","coordinates":[-120.191,36.7707]}},{"type":"Feature","properties":{"station_id":"367707N1201960W001","well_use":"Unknown","slope_ft_per_yr":-0.383,"p_value":0.297,"trend":"no trend","n_measurements":24,"record_years":24.1},"geometry":{"type":"Point","coordinates":[-120.196,36.7707]}},{"type":"Feature","properties":{"station_id":"367707N1202141W001","well_use":"Unknown","slope_ft_per_yr":0.614,"p_value":0.1681,"trend":"no trend","n_measurements":32,"record_years":24.1},"geometry":{"type":"Point","coordinates":[-120.2141,36.7707]}},{"type":"Feature","properties":{"station_id":"367710N1202263W001","well_use":"Unknown","slope_ft_per_yr":-1.644,"p_value":0.0089,"trend":"decreasing","n_measurements":25,"record_years":24.1},"geometry":{"type":"Point","coordinates":[-120.2263,36.771]}},{"type":"Feature","properties":{"station_id":"367716N1202049W001","well_use":"Unknown","slope_ft_per_yr":-0.966,"p_value":0.0551,"trend":"no trend","n_measurements":27,"record_years":24.1},"geometry":{"type":"Point","coordinates":[-120.2049,36.7716]}},{"type":"Feature","properties":{"station_id":"367717N1196088W001","well_use":"Residential","slope_ft_per_yr":-1.495,"p_value":0.0,"trend":"decreasing","n_measurements":52,"record_years":31.1},"geometry":{"type":"Point","coordinates":[-119.60803,36.77192]}},{"type":"Feature","properties":{"station_id":"367730N1202732W001","well_use":"Unknown","slope_ft_per_yr":-0.518,"p_value":0.3669,"trend":"no trend","n_measurements":22,"record_years":24.1},"geometry":{"type":"Point","coordinates":[-120.2732,36.773]}},{"type":"Feature","properties":{"station_id":"367732N1201191W001","well_use":"Unknown","slope_ft_per_yr":-0.839,"p_value":0.0014,"trend":"decreasing","n_measurements":28,"record_years":24.1},"geometry":{"type":"Point","coordinates":[-120.1191,36.7732]}},{"type":"Feature","properties":{"station_id":"367757N1201874W001","well_use":"Unknown","slope_ft_per_yr":-1.001,"p_value":0.0031,"trend":"decreasing","n_measurements":37,"record_years":31.1},"geometry":{"type":"Point","coordinates":[-120.1874,36.7757]}},{"type":"Feature","properties":{"station_id":"367760N1199171W001","well_use":"Irrigation","slope_ft_per_yr":-2.002,"p_value":0.0,"trend":"decreasing","n_measurements":20,"record_years":16.9},"geometry":{"type":"Point","coordinates":[-119.9171,36.776]}},{"type":"Feature","properties":{"station_id":"367772N1195179W001","well_use":"Unknown","slope_ft_per_yr":-0.435,"p_value":0.0046,"trend":"decreasing","n_measurements":33,"record_years":19.2},"geometry":{"type":"Point","coordinates":[-119.5179,36.7772]}},{"type":"Feature","properties":{"station_id":"367772N1195807W001","well_use":"Residential","slope_ft_per_yr":-1.47,"p_value":0.0,"trend":"decreasing","n_measurements":47,"record_years":26.1},"geometry":{"type":"Point","coordinates":[-119.58086,36.77886]}},{"type":"Feature","properties":{"station_id":"367780N1202232W001","well_use":"Unknown","slope_ft_per_yr":-1.135,"p_value":0.0302,"trend":"decreasing","n_measurements":27,"record_years":24.1},"geometry":{"type":"Point","coordinates":[-120.2232,36.778]}},{"type":"Feature","properties":{"station_id":"367782N1202004W001","well_use":"Unknown","slope_ft_per_yr":-0.66,"p_value":0.1595,"trend":"no trend","n_measurements":29,"record_years":24.1},"geometry":{"type":"Point","coordinates":[-120.2004,36.7782]}},{"type":"Feature","properties":{"station_id":"367782N1202141W001","well_use":"Unknown","slope_ft_per_yr":-0.566,"p_value":0.0805,"trend":"no trend","n_measurements":43,"record_years":30.9},"geometry":{"type":"Point","coordinates":[-120.2141,36.7782]}},{"type":"Feature","properties":{"station_id":"367785N1200338W001","well_use":"Irrigation","slope_ft_per_yr":-0.061,"p_value":0.8212,"trend":"no trend","n_measurements":22,"record_years":15.9},"geometry":{"type":"Point","coordinates":[-120.0338,36.7785]}},{"type":"Feature","properties":{"station_id":"367785N1200704W001","well_use":"Irrigation","slope_ft_per_yr":-1.575,"p_value":0.0,"trend":"decreasing","n_measurements":47,"record_years":31.1},"geometry":{"type":"Point","coordinates":[-120.07,36.78]}},{"type":"Feature","properties":{"station_id":"367789N1195107W001","well_use":"Unknown","slope_ft_per_yr":-0.165,"p_value":0.0744,"trend":"no trend","n_measurements":33,"record_years":31.1},"geometry":{"type":"Point","coordinates":[-119.5107,36.7789]}},{"type":"Feature","properties":{"station_id":"367789N1195382W001","well_use":"Unknown","slope_ft_per_yr":-0.748,"p_value":0.0017,"trend":"decreasing","n_measurements":28,"record_years":19.1},"geometry":{"type":"Point","coordinates":[-119.5382,36.7789]}},{"type":"Feature","properties":{"station_id":"367791N1199738W001","well_use":"Unknown","slope_ft_per_yr":-0.434,"p_value":0.7917,"trend":"no trend","n_measurements":23,"record_years":23.7},"geometry":{"type":"Point","coordinates":[-119.9738,36.7791]}},{"type":"Feature","properties":{"station_id":"367792N1195535W001","well_use":"Irrigation","slope_ft_per_yr":-0.896,"p_value":0.0,"trend":"decreasing","n_measurements":45,"record_years":27.1},"geometry":{"type":"Point","coordinates":[-119.55339,36.77903]}},{"type":"Feature","properties":{"station_id":"367811N1195585W001","well_use":"Residential","slope_ft_per_yr":-1.169,"p_value":0.0,"trend":"decreasing","n_measurements":36,"record_years":23.1},"geometry":{"type":"Point","coordinates":[-119.5585,36.7811]}},{"type":"Feature","properties":{"station_id":"367811N1196482W001","well_use":"Unknown","slope_ft_per_yr":-0.809,"p_value":0.0004,"trend":"decreasing","n_measurements":28,"record_years":20.7},"geometry":{"type":"Point","coordinates":[-119.6482,36.7811]}},{"type":"Feature","properties":{"station_id":"367813N1200160W001","well_use":"Unknown","slope_ft_per_yr":-0.814,"p_value":0.0033,"trend":"decreasing","n_measurements":27,"record_years":21.1},"geometry":{"type":"Point","coordinates":[-120.016,36.7813]}},{"type":"Feature","properties":{"station_id":"367816N1200963W001","well_use":"Unknown","slope_ft_per_yr":-1.489,"p_value":0.0,"trend":"decreasing","n_measurements":36,"record_years":24.1},"geometry":{"type":"Point","coordinates":[-120.0963,36.7816]}},{"type":"Feature","properties":{"station_id":"367824N1202232W001","well_use":"Unknown","slope_ft_per_yr":-0.86,"p_value":0.1759,"trend":"no trend","n_measurements":22,"record_years":24.1},"geometry":{"type":"Point","coordinates":[-120.2232,36.7824]}},{"type":"Feature","properties":{"station_id":"367852N1202049W001","well_use":"Unknown","slope_ft_per_yr":-0.798,"p_value":0.0256,"trend":"decreasing","n_measurements":29,"record_years":24.1},"geometry":{"type":"Point","coordinates":[-120.2049,36.7852]}},{"type":"Feature","properties":{"station_id":"367852N1202096W001","well_use":"Unknown","slope_ft_per_yr":0.841,"p_value":0.3468,"trend":"no trend","n_measurements":20,"record_years":21.2},"geometry":{"type":"Point","coordinates":[-120.2096,36.7852]}},{"type":"Feature","properties":{"station_id":"367852N1202141W001","well_use":"Unknown","slope_ft_per_yr":-1.207,"p_value":0.0556,"trend":"no trend","n_measurements":32,"record_years":24.1},"geometry":{"type":"Point","coordinates":[-120.2141,36.7852]}},{"type":"Feature","properties":{"station_id":"367857N1199977W001","well_use":"Unknown","slope_ft_per_yr":-0.976,"p_value":0.0003,"trend":"decreasing","n_measurements":29,"record_years":23.1},"geometry":{"type":"Point","coordinates":[-119.9977,36.7857]}},{"type":"Feature","properties":{"station_id":"367861N1196282W001","well_use":"Irrigation","slope_ft_per_yr":-0.946,"p_value":0.0014,"trend":"decreasing","n_measurements":21,"record_years":15.9},"geometry":{"type":"Point","coordinates":[-119.6282,36.7861]}},{"type":"Feature","properties":{"station_id":"367881N1195496W001","well_use":"Unknown","slope_ft_per_yr":-0.703,"p_value":0.0,"trend":"decreasing","n_measurements":32,"record_years":27.1},"geometry":{"type":"Point","coordinates":[-119.5496,36.7881]}},{"type":"Feature","properties":{"station_id":"367893N1201638W001","well_use":"Unknown","slope_ft_per_yr":-1.112,"p_value":0.0001,"trend":"decreasing","n_measurements":20,"record_years":23.5},"geometry":{"type":"Point","coordinates":[-120.1638,36.7893]}},{"type":"Feature","properties":{"station_id":"367899N1198799W001","well_use":"Irrigation","slope_ft_per_yr":-0.958,"p_value":0.0,"trend":"decreasing","n_measurements":42,"record_years":26.7},"geometry":{"type":"Point","coordinates":[-119.88,36.79]}},{"type":"Feature","properties":{"station_id":"367913N1200646W001","well_use":"Unknown","slope_ft_per_yr":-0.775,"p_value":0.0067,"trend":"decreasing","n_measurements":30,"record_years":23.5},"geometry":{"type":"Point","coordinates":[-120.0646,36.7913]}},{"type":"Feature","properties":{"station_id":"367922N1195946W001","well_use":"Unknown","slope_ft_per_yr":-0.991,"p_value":0.0,"trend":"decreasing","n_measurements":39,"record_years":24.2},"geometry":{"type":"Point","coordinates":[-119.5946,36.7922]}},{"type":"Feature","properties":{"station_id":"367922N1196279W001","well_use":"Irrigation","slope_ft_per_yr":-1.399,"p_value":0.0,"trend":"decreasing","n_measurements":29,"record_years":19.1},"geometry":{"type":"Point","coordinates":[-119.6279,36.7922]}},{"type":"Feature","properties":{"station_id":"367927N1201021W001","well_use":"Irrigation","slope_ft_per_yr":-0.751,"p_value":0.0422,"trend":"decreasing","n_measurements":22,"record_years":15.9},"geometry":{"type":"Point","coordinates":[-120.1021,36.7927]}},{"type":"Feature","properties":{"station_id":"367927N1201329W001","well_use":"Irrigation","slope_ft_per_yr":-0.901,"p_value":0.0009,"trend":"decreasing","n_measurements":20,"record_years":15.0},"geometry":{"type":"Point","coordinates":[-120.1329,36.7927]}},{"type":"Feature","properties":{"station_id":"367930N1200343W001","well_use":"Unknown","slope_ft_per_yr":-1.306,"p_value":0.0,"trend":"decreasing","n_measurements":33,"record_years":23.7},"geometry":{"type":"Point","coordinates":[-120.0343,36.793]}},{"type":"Feature","properties":{"station_id":"367930N1201527W001","well_use":"Unknown","slope_ft_per_yr":-0.46,"p_value":0.0144,"trend":"decreasing","n_measurements":26,"record_years":24.0},"geometry":{"type":"Point","coordinates":[-120.1527,36.793]}},{"type":"Feature","properties":{"station_id":"367932N1201510W001","well_use":"Unknown","slope_ft_per_yr":-0.868,"p_value":0.0,"trend":"decreasing","n_measurements":28,"record_years":24.1},"geometry":{"type":"Point","coordinates":[-120.151,36.7932]}},{"type":"Feature","properties":{"station_id":"367953N1195585W001","well_use":"Unknown","slope_ft_per_yr":-0.896,"p_value":0.0001,"trend":"decreasing","n_measurements":30,"record_years":23.7},"geometry":{"type":"Point","coordinates":[-119.5585,36.7953]}},{"type":"Feature","properties":{"station_id":"367958N1196482W001","well_use":"Unknown","slope_ft_per_yr":-0.876,"p_value":0.0,"trend":"decreasing","n_measurements":33,"record_years":20.2},"geometry":{"type":"Point","coordinates":[-119.6482,36.7958]}},{"type":"Feature","properties":{"station_id":"367963N1199524W001","well_use":"Unknown","slope_ft_per_yr":-1.268,"p_value":0.0001,"trend":"decreasing","n_measurements":27,"record_years":23.7},"geometry":{"type":"Point","coordinates":[-119.9524,36.7963]}},{"type":"Feature","properties":{"station_id":"367966N1201513W001","well_use":"Unknown","slope_ft_per_yr":-0.784,"p_value":0.0013,"trend":"decreasing","n_measurements":24,"record_years":16.1},"geometry":{"type":"Point","coordinates":[-120.1513,36.7966]}},{"type":"Feature","properties":{"station_id":"367977N1201682W001","well_use":"Unknown","slope_ft_per_yr":-0.198,"p_value":0.0466,"trend":"decreasing","n_measurements":29,"record_years":24.0},"geometry":{"type":"Point","coordinates":[-120.1682,36.7977]}},{"type":"Feature","properties":{"station_id":"367989N1196102W001","well_use":"Irrigation","slope_ft_per_yr":-1.705,"p_value":0.0,"trend":"decreasing","n_measurements":37,"record_years":27.1},"geometry":{"type":"Point","coordinates":[-119.61039,36.79914]}},{"type":"Feature","properties":{"station_id":"367991N1199052W001","well_use":"Unknown","slope_ft_per_yr":-1.585,"p_value":0.0001,"trend":"decreasing","n_measurements":21,"record_years":20.7},"geometry":{"type":"Point","coordinates":[-119.9052,36.7991]}},{"type":"Feature","properties":{"station_id":"368002N1199888W001","well_use":"Unknown","slope_ft_per_yr":-1.079,"p_value":0.0,"trend":"decreasing","n_measurements":27,"record_years":23.7},"geometry":{"type":"Point","coordinates":[-119.9888,36.8002]}},{"type":"Feature","properties":{"station_id":"368010N1199704W002","well_use":"Unknown","slope_ft_per_yr":-1.351,"p_value":0.0001,"trend":"decreasing","n_measurements":28,"record_years":23.7},"geometry":{"type":"Point","coordinates":[-119.9704,36.801]}},{"type":"Feature","properties":{"station_id":"368038N1201329W001","well_use":"Unknown","slope_ft_per_yr":-0.506,"p_value":0.0,"trend":"decreasing","n_measurements":25,"record_years":24.1},"geometry":{"type":"Point","coordinates":[-120.1329,36.8038]}},{"type":"Feature","properties":{"station_id":"368053N1195199W001","well_use":"Unknown","slope_ft_per_yr":-0.321,"p_value":0.0018,"trend":"decreasing","n_measurements":34,"record_years":22.6},"geometry":{"type":"Point","coordinates":[-119.5199,36.8053]}},{"type":"Feature","properties":{"station_id":"368058N1195199W001","well_use":"Unknown","slope_ft_per_yr":-0.376,"p_value":0.0004,"trend":"decreasing","n_measurements":22,"record_years":24.1},"geometry":{"type":"Point","coordinates":[-119.5199,36.8058]}},{"type":"Feature","properties":{"station_id":"368058N1195202W001","well_use":"Irrigation","slope_ft_per_yr":-0.292,"p_value":0.0649,"trend":"no trend","n_measurements":21,"record_years":15.9},"geometry":{"type":"Point","coordinates":[-119.5202,36.8058]}},{"type":"Feature","properties":{"station_id":"368061N1195449W001","well_use":"Residential","slope_ft_per_yr":-0.476,"p_value":0.0,"trend":"decreasing","n_measurements":44,"record_years":30.7},"geometry":{"type":"Point","coordinates":[-119.54314,36.80531]}},{"type":"Feature","properties":{"station_id":"368074N1200260W001","well_use":"Irrigation","slope_ft_per_yr":-0.947,"p_value":0.0,"trend":"decreasing","n_measurements":42,"record_years":27.7},"geometry":{"type":"Point","coordinates":[-120.03,36.81]}},{"type":"Feature","properties":{"station_id":"368074N1200949W001","well_use":"Unknown","slope_ft_per_yr":-0.976,"p_value":0.0,"trend":"decreasing","n_measurements":33,"record_years":24.1},"geometry":{"type":"Point","coordinates":[-120.0949,36.8074]}},{"type":"Feature","properties":{"station_id":"368077N1201163W001","well_use":"Unknown","slope_ft_per_yr":-0.617,"p_value":0.0,"trend":"decreasing","n_measurements":34,"record_years":24.1},"geometry":{"type":"Point","coordinates":[-120.1163,36.8077]}},{"type":"Feature","properties":{"station_id":"368093N1199988W001","well_use":"Irrigation","slope_ft_per_yr":-1.144,"p_value":0.0,"trend":"decreasing","n_measurements":34,"record_years":31.1},"geometry":{"type":"Point","coordinates":[-119.99874,36.80948]}},{"type":"Feature","properties":{"station_id":"368106N1196143W001","well_use":"Irrigation","slope_ft_per_yr":-1.176,"p_value":0.0,"trend":"decreasing","n_measurements":46,"record_years":29.1},"geometry":{"type":"Point","coordinates":[-119.61,36.81]}},{"type":"Feature","properties":{"station_id":"368130N1200613W001","well_use":"Irrigation","slope_ft_per_yr":-0.335,"p_value":0.2043,"trend":"no trend","n_measurements":22,"record_years":15.9},"geometry":{"type":"Point","coordinates":[-120.0613,36.813]}},{"type":"Feature","properties":{"station_id":"368133N1196127W001","well_use":"Unknown","slope_ft_per_yr":-1.355,"p_value":0.0,"trend":"decreasing","n_measurements":41,"record_years":25.7},"geometry":{"type":"Point","coordinates":[-119.6127,36.8133]}},{"type":"Feature","properties":{"station_id":"368152N1200513W001","well_use":"Unknown","slope_ft_per_yr":-0.718,"p_value":0.0,"trend":"decreasing","n_measurements":34,"record_years":24.2},"geometry":{"type":"Point","coordinates":[-120.0513,36.8152]}},{"type":"Feature","properties":{"station_id":"368196N1200160W001","well_use":"Unknown","slope_ft_per_yr":-1.659,"p_value":0.0,"trend":"decreasing","n_measurements":31,"record_years":24.2},"geometry":{"type":"Point","coordinates":[-120.016,36.8196]}},{"type":"Feature","properties":{"station_id":"368211N1196482W001","well_use":"Unknown","slope_ft_per_yr":-0.566,"p_value":0.0003,"trend":"decreasing","n_measurements":28,"record_years":18.1},"geometry":{"type":"Point","coordinates":[-119.6482,36.8211]}},{"type":"Feature","properties":{"station_id":"368244N1195449W001","well_use":"Irrigation","slope_ft_per_yr":-0.457,"p_value":0.0,"trend":"decreasing","n_measurements":43,"record_years":30.1},"geometry":{"type":"Point","coordinates":[-119.5449,36.8244]}},{"type":"Feature","properties":{"station_id":"368260N1199991W001","well_use":"Unknown","slope_ft_per_yr":-0.699,"p_value":0.0028,"trend":"decreasing","n_measurements":23,"record_years":23.7},"geometry":{"type":"Point","coordinates":[-119.9991,36.826]}},{"type":"Feature","properties":{"station_id":"368282N1196616W001","well_use":"Unknown","slope_ft_per_yr":-0.864,"p_value":0.0,"trend":"decreasing","n_measurements":27,"record_years":16.1},"geometry":{"type":"Point","coordinates":[-119.6616,36.8282]}},{"type":"Feature","properties":{"station_id":"368321N1199541W001","well_use":"Unknown","slope_ft_per_yr":-1.3,"p_value":0.0002,"trend":"decreasing","n_measurements":31,"record_years":24.1},"geometry":{"type":"Point","coordinates":[-119.9541,36.8321]}},{"type":"Feature","properties":{"station_id":"368322N1196127W001","well_use":"Unknown","slope_ft_per_yr":-1.586,"p_value":0.0185,"trend":"decreasing","n_measurements":24,"record_years":23.1},"geometry":{"type":"Point","coordinates":[-119.6127,36.8322]}},{"type":"Feature","properties":{"station_id":"368353N1195627W001","well_use":"Unknown","slope_ft_per_yr":-0.551,"p_value":0.0,"trend":"decreasing","n_measurements":34,"record_years":25.1},"geometry":{"type":"Point","coordinates":[-119.5627,36.8353]}},{"type":"Feature","properties":{"station_id":"368363N1199802W001","well_use":"Unknown","slope_ft_per_yr":-0.736,"p_value":0.0002,"trend":"decreasing","n_measurements":29,"record_years":24.2},"geometry":{"type":"Point","coordinates":[-119.9802,36.8363]}},{"type":"Feature","properties":{"station_id":"368377N1196479W001","well_use":"Irrigation","slope_ft_per_yr":-0.991,"p_value":0.0,"trend":"decreasing","n_measurements":56,"record_years":27.1},"geometry":{"type":"Point","coordinates":[-119.64788,36.8377]}},{"type":"Feature","properties":{"station_id":"368378N1195871W001","well_use":"Unknown","slope_ft_per_yr":-0.194,"p_value":0.2042,"trend":"no trend","n_measurements":23,"record_years":23.1},"geometry":{"type":"Point","coordinates":[-119.5871,36.8378]}},{"type":"Feature","properties":{"station_id":"368432N1196460W001","well_use":"Residential","slope_ft_per_yr":-0.762,"p_value":0.0,"trend":"decreasing","n_measurements":52,"record_years":31.1},"geometry":{"type":"Point","coordinates":[-119.64756,36.84444]}},{"type":"Feature","properties":{"station_id":"368432N1197321W001","well_use":"Residential","slope_ft_per_yr":-1.615,"p_value":0.0,"trend":"decreasing","n_measurements":44,"record_years":29.8},"geometry":{"type":"Point","coordinates":[-119.7305,36.84506]}},{"type":"Feature","properties":{"station_id":"368433N1196282W001","well_use":"Residential","slope_ft_per_yr":-0.847,"p_value":0.0,"trend":"decreasing","n_measurements":45,"record_years":26.1},"geometry":{"type":"Point","coordinates":[-119.6282,36.8433]}},{"type":"Feature","properties":{"station_id":"368468N1196593W001","well_use":"Residential","slope_ft_per_yr":-0.183,"p_value":0.0005,"trend":"decreasing","n_measurements":40,"record_years":27.7},"geometry":{"type":"Point","coordinates":[-119.6593,36.8468]}},{"type":"Feature","properties":{"station_id":"368469N1196232W001","well_use":"Residential","slope_ft_per_yr":-1.224,"p_value":0.0,"trend":"decreasing","n_measurements":36,"record_years":27.7},"geometry":{"type":"Point","coordinates":[-119.62272,36.84747]}},{"type":"Feature","properties":{"station_id":"368496N1198599W001","well_use":"Unknown","slope_ft_per_yr":-0.575,"p_value":0.0597,"trend":"no trend","n_measurements":20,"record_years":24.1},"geometry":{"type":"Point","coordinates":[-119.8599,36.8496]}},{"type":"Feature","properties":{"station_id":"368499N1196460W001","well_use":"Unknown","slope_ft_per_yr":-0.553,"p_value":0.0001,"trend":"decreasing","n_measurements":38,"record_years":24.2},"geometry":{"type":"Point","coordinates":[-119.646,36.8499]}},{"type":"Feature","properties":{"station_id":"368499N1197227W001","well_use":"Unknown","slope_ft_per_yr":-3.71,"p_value":0.0,"trend":"decreasing","n_measurements":20,"record_years":15.9},"geometry":{"type":"Point","coordinates":[-119.7227,36.8499]}},{"type":"Feature","properties":{"station_id":"368533N1196168W001","well_use":"Unknown","slope_ft_per_yr":-0.923,"p_value":0.0001,"trend":"decreasing","n_measurements":27,"record_years":23.7},"geometry":{"type":"Point","coordinates":[-119.6168,36.8533]}},{"type":"Feature","properties":{"station_id":"368546N1196974W001","well_use":"Irrigation","slope_ft_per_yr":-0.354,"p_value":0.0019,"trend":"decreasing","n_measurements":36,"record_years":27.1},"geometry":{"type":"Point","coordinates":[-119.69769,36.85464]}},{"type":"Feature","properties":{"station_id":"368571N1197002W001","well_use":"Unknown","slope_ft_per_yr":-0.577,"p_value":0.0,"trend":"decreasing","n_measurements":55,"record_years":31.1},"geometry":{"type":"Point","coordinates":[-119.69828,36.85826]}},{"type":"Feature","properties":{"station_id":"368572N1195413W001","well_use":"Unknown","slope_ft_per_yr":-0.667,"p_value":0.0,"trend":"decreasing","n_measurements":38,"record_years":31.1},"geometry":{"type":"Point","coordinates":[-119.5413,36.8572]}},{"type":"Feature","properties":{"station_id":"368597N1195846W001","well_use":"Unknown","slope_ft_per_yr":-0.242,"p_value":0.0145,"trend":"decreasing","n_measurements":30,"record_years":24.1},"geometry":{"type":"Point","coordinates":[-119.5846,36.8597]}},{"type":"Feature","properties":{"station_id":"368661N1196174W001","well_use":"Unknown","slope_ft_per_yr":-0.939,"p_value":0.0095,"trend":"decreasing","n_measurements":25,"record_years":24.1},"geometry":{"type":"Point","coordinates":[-119.6174,36.8661]}},{"type":"Feature","properties":{"station_id":"368682N1197177W001","well_use":"Unknown","slope_ft_per_yr":-3.133,"p_value":0.0,"trend":"decreasing","n_measurements":37,"record_years":24.2},"geometry":{"type":"Point","coordinates":[-119.7177,36.8682]}},{"type":"Feature","properties":{"station_id":"368683N1196185W001","well_use":"Unknown","slope_ft_per_yr":-0.341,"p_value":0.016,"trend":"decreasing","n_measurements":50,"record_years":31.1},"geometry":{"type":"Point","coordinates":[-119.62035,36.86739]}},{"type":"Feature","properties":{"station_id":"368716N1197132W001","well_use":"Unknown","slope_ft_per_yr":-0.837,"p_value":0.0005,"trend":"decreasing","n_measurements":26,"record_years":16.1},"geometry":{"type":"Point","coordinates":[-119.7132,36.8716]}},{"type":"Feature","properties":{"station_id":"368750N1195824W001","well_use":"Unknown","slope_ft_per_yr":-0.014,"p_value":0.9325,"trend":"no trend","n_measurements":22,"record_years":24.1},"geometry":{"type":"Point","coordinates":[-119.5824,36.875]}},{"type":"Feature","properties":{"station_id":"368866N1197132W001","well_use":"Unknown","slope_ft_per_yr":-0.695,"p_value":0.0,"trend":"decreasing","n_measurements":24,"record_years":20.1},"geometry":{"type":"Point","coordinates":[-119.7132,36.8866]}},{"type":"Feature","properties":{"station_id":"369246N1197407W001","well_use":"Unknown","slope_ft_per_yr":-0.237,"p_value":0.1046,"trend":"no trend","n_measurements":20,"record_years":24.2},"geometry":{"type":"Point","coordinates":[-119.7407,36.9246]}}]}